-- MariaDB dump 10.19  Distrib 10.6.16-MariaDB, for debian-linux-gnu (x86_64)
--
-- Host: localhost    Database: apple_music
-- ------------------------------------------------------
-- Server version	10.6.16-MariaDB-0ubuntu0.22.04.1

/*!40101 SET @OLD_CHARACTER_SET_CLIENT=@@CHARACTER_SET_CLIENT */;
/*!40101 SET @OLD_CHARACTER_SET_RESULTS=@@CHARACTER_SET_RESULTS */;
/*!40101 SET @OLD_COLLATION_CONNECTION=@@COLLATION_CONNECTION */;
/*!40101 SET NAMES utf8mb4 */;
/*!40103 SET @OLD_TIME_ZONE=@@TIME_ZONE */;
/*!40103 SET TIME_ZONE='+00:00' */;
/*!40014 SET @OLD_UNIQUE_CHECKS=@@UNIQUE_CHECKS, UNIQUE_CHECKS=0 */;
/*!40014 SET @OLD_FOREIGN_KEY_CHECKS=@@FOREIGN_KEY_CHECKS, FOREIGN_KEY_CHECKS=0 */;
/*!40101 SET @OLD_SQL_MODE=@@SQL_MODE, SQL_MODE='NO_AUTO_VALUE_ON_ZERO' */;
/*!40111 SET @OLD_SQL_NOTES=@@SQL_NOTES, SQL_NOTES=0 */;

--
-- Table structure for table `AppleID`
--

DROP TABLE IF EXISTS `AppleID`;
/*!40101 SET @saved_cs_client     = @@character_set_client */;
/*!40101 SET character_set_client = utf8 */;
CREATE TABLE `AppleID` (
  `email` varchar(255) NOT NULL,
  `password` varchar(255) NOT NULL,
  `namaPengguna` varchar(255) NOT NULL,
  `noTeleponCadangan` varchar(255) NOT NULL,
  PRIMARY KEY (`email`)
) ENGINE=InnoDB DEFAULT CHARSET=utf8mb4 COLLATE=utf8mb4_general_ci;
/*!40101 SET character_set_client = @saved_cs_client */;

--
-- Dumping data for table `AppleID`
--

LOCK TABLES `AppleID` WRITE;
/*!40000 ALTER TABLE `AppleID` DISABLE KEYS */;
INSERT INTO `AppleID` VALUES ('Abby_Bruen15@gmail.com','p_1muXOirWCe51y','Bennie Aufderhar','1-994-222-2540 x72174'),('Adrienne.Marvin@gmail.com','CUDHu3U_fzMyDvJ','Miss Amelia Muller','1-502-248-8304 x6653'),('Agustin66@hotmail.com','7FVfhBQYEDfCzZn','Raul Homenick','(428) 229-5202 x50540'),('Alycia_Bosco10@hotmail.com','whWds9JvqcCL5fD','Edith Wilkinson-Hettinger','721.720.6790 x88603'),('Antwan_Gutkowski83@gmail.com','THQ3NwgJ2kOkZ8e','Johanna Marvin Sr.','(758) 372-0881 x9239'),('Aracely_Quigley@hotmail.com','2QyLMoYl3S7h1KI','Mae Flatley','(363) 367-9836'),('Arturo62@yahoo.com','8mvvCiw3m39CyBI','Geraldine Marquardt','(466) 827-9616'),('Carter.McDermott23@hotmail.com','52by__R_bfWpZsM','Caroline Altenwerth','1-398-588-9064 x6064'),('Darion.Schowalter68@yahoo.com','BoyQ0yFI66Km8H2','Mrs. Florence Steuber','685.395.6557 x763'),('Elliot53@yahoo.com','43qNBLuRnfAXWVZ','Eula Jerde','620.718.8921 x75832'),('Geo.Zieme@gmail.com','83_23o46pDTO2in','Wilfred Jerde V','1-279-255-9363 x0428'),('Gloria22@hotmail.com','_ehRpDa0yN97uz3','Dr. Carol Jakubowski','231-662-6575 x66648'),('Haleigh97@yahoo.com','yyjLRrXSNANCHhi','Sheila Hansen','700-757-9788'),('Jaden.VonRueden@hotmail.com','Rru2dt8k4bLT2Fw','Jacquelyn Maggio','757-921-8543 x40076'),('Johnathon53@hotmail.com','Zfofb0tSDAXB1Ue','Mr. Ron Mohr','847.387.9298'),('Justina39@gmail.com','CAQytaG8vJicqTV','Carl Watsica','1-991-293-7969'),('Juvenal58@yahoo.com','V9Ffi8PKsJYOZXc','Ms. Joyce Rodriguez II','572.499.0707 x715'),('Kiarra.Monahan@yahoo.com','8OtMsJEtTLROWfO','Alyssa Nienow','(832) 546-2864'),('Lawrence12@yahoo.com','HcaEZg9wDeL09dN','Mr. Roman Effertz DDS','1-758-712-3374 x43473'),('Leola.Durgan36@yahoo.com','BQJZQh_YRUpCTzq','Grady Block','297.686.2473 x6631'),('Mallie52@gmail.com','4s_wmucvezIF4On','Alfredo Klein','(926) 879-2279 x611'),('Maudie21@yahoo.com','VC2I1G_fmvl_rUv','Alvin Schimmel','910-846-1706 x07172'),('Mitchell.Stoltenberg-Spencer10@hotmail.com','GF1k301eH9aXiPM','Reginald Zieme','543-546-3193'),('Nina.Cronin71@gmail.com','GoFyeHn__RSy0wf','Katherine Lakin','673-453-1069 x402'),('Opal.King@gmail.com','mj0WZwlwcCLZxcd','Kristie Bogisich','359-895-7286 x7624'),('Orlo.Dietrich11@yahoo.com','CyD4rVrbp20yosg','Roberta Hoeger','717.375.1091 x41437'),('Ottis_Heller@gmail.com','u7T4qaO3f26AslX','Dr. Justin Gusikowski DVM','835.713.6373 x4417'),('Reid_Fahey23@hotmail.com','BHwW8S3AYNz2iiM','Mr. Vincent Ratke MD','(548) 467-5539'),('Rosetta75@hotmail.com','03qZ7PgsA106DQC','Lela Haley','1-982-339-2196 x40162'),('Xavier.Feest38@hotmail.com','HxujgmeNTUH1Gcu','Carl Stokes','916.678.3282 x7882');
/*!40000 ALTER TABLE `AppleID` ENABLE KEYS */;
UNLOCK TABLES;

--
-- Table structure for table `AppleMusicUser`
--

DROP TABLE IF EXISTS `AppleMusicUser`;
/*!40101 SET @saved_cs_client     = @@character_set_client */;
/*!40101 SET character_set_client = utf8 */;
CREATE TABLE `AppleMusicUser` (
  `email` varchar(255) NOT NULL,
  `idSubscription` int(10) unsigned NOT NULL,
  `tanggalSubscribe` date NOT NULL DEFAULT curdate(),
  `tanggalExpired` date NOT NULL DEFAULT (curdate() + interval 1 month),
  `status` enum('aktif','inaktif') NOT NULL,
  `jenisSubscription` enum('pelajar','perorangan','keluarga') NOT NULL,
  PRIMARY KEY (`email`,`idSubscription`),
  KEY `jenisSubscription` (`jenisSubscription`),
  CONSTRAINT `AppleMusicUser_ibfk_1` FOREIGN KEY (`email`) REFERENCES `AppleID` (`email`) ON UPDATE NO ACTION ON DELETE NO ACTION,
  CONSTRAINT `AppleMusicUser_ibfk_2` FOREIGN KEY (`jenisSubscription`) REFERENCES `SubscriptionPlan` (`jenisSubscription`),
  CHECK (idSubscription > 0)
) ENGINE=InnoDB DEFAULT CHARSET=utf8mb4 COLLATE=utf8mb4_general_ci;
/*!40101 SET character_set_client = @saved_cs_client */;

--
-- Dumping data for table `AppleMusicUser`
--

LOCK TABLES `AppleMusicUser` WRITE;
/*!40000 ALTER TABLE `AppleMusicUser` DISABLE KEYS */;
INSERT INTO `AppleMusicUser` VALUES ('Abby_Bruen15@gmail.com',1,'2023-11-18','2023-12-18','inaktif','perorangan'),('Abby_Bruen15@gmail.com',2,'2023-12-18','2024-01-18','inaktif','pelajar'),('Abby_Bruen15@gmail.com',3,'2024-01-18','2024-02-18','inaktif','keluarga'),('Abby_Bruen15@gmail.com',4,'2024-02-18','2024-03-18','aktif','perorangan'),('Adrienne.Marvin@gmail.com',1,'2023-03-18','2023-04-18','inaktif','pelajar'),('Adrienne.Marvin@gmail.com',2,'2023-04-18','2023-05-18','inaktif','perorangan'),('Adrienne.Marvin@gmail.com',3,'2023-05-18','2023-06-18','inaktif','perorangan'),('Adrienne.Marvin@gmail.com',4,'2023-06-18','2023-07-18','inaktif','keluarga'),('Adrienne.Marvin@gmail.com',5,'2023-07-18','2023-08-18','inaktif','perorangan'),('Adrienne.Marvin@gmail.com',6,'2023-08-18','2023-09-18','inaktif','perorangan'),('Adrienne.Marvin@gmail.com',7,'2023-09-18','2023-10-18','inaktif','perorangan'),('Adrienne.Marvin@gmail.com',8,'2023-10-18','2023-11-18','inaktif','keluarga'),('Adrienne.Marvin@gmail.com',9,'2023-11-18','2023-12-18','inaktif','pelajar'),('Adrienne.Marvin@gmail.com',10,'2023-12-18','2024-01-18','inaktif','perorangan'),('Adrienne.Marvin@gmail.com',11,'2024-01-18','2024-02-18','inaktif','perorangan'),('Adrienne.Marvin@gmail.com',12,'2024-02-18','2024-03-18','inaktif','pelajar'),('Adrienne.Marvin@gmail.com',13,'2024-03-18','2024-04-18','aktif','perorangan'),('Agustin66@hotmail.com',1,'2023-04-18','2023-05-18','inaktif','perorangan'),('Agustin66@hotmail.com',2,'2023-05-18','2023-06-18','inaktif','keluarga'),('Agustin66@hotmail.com',3,'2023-06-18','2023-07-18','inaktif','perorangan'),('Agustin66@hotmail.com',4,'2023-07-18','2023-08-18','inaktif','perorangan'),('Agustin66@hotmail.com',5,'2023-08-18','2023-09-18','inaktif','pelajar'),('Agustin66@hotmail.com',6,'2023-09-18','2023-10-18','inaktif','keluarga'),('Agustin66@hotmail.com',7,'2023-10-18','2023-11-18','inaktif','keluarga'),('Agustin66@hotmail.com',8,'2023-11-18','2023-12-18','inaktif','perorangan'),('Agustin66@hotmail.com',9,'2023-12-18','2024-01-18','inaktif','perorangan'),('Agustin66@hotmail.com',10,'2024-01-18','2024-02-18','inaktif','pelajar'),('Agustin66@hotmail.com',11,'2024-02-18','2024-03-18','aktif','perorangan'),('Alycia_Bosco10@hotmail.com',1,'2023-01-18','2023-02-18','inaktif','pelajar'),('Alycia_Bosco10@hotmail.com',2,'2023-02-18','2023-03-18','inaktif','perorangan'),('Alycia_Bosco10@hotmail.com',3,'2023-03-18','2023-04-18','inaktif','keluarga'),('Alycia_Bosco10@hotmail.com',4,'2023-04-18','2023-05-18','inaktif','pelajar'),('Alycia_Bosco10@hotmail.com',5,'2023-05-18','2023-06-18','inaktif','keluarga'),('Alycia_Bosco10@hotmail.com',6,'2023-06-18','2023-07-18','inaktif','perorangan'),('Alycia_Bosco10@hotmail.com',7,'2023-07-18','2023-08-18','inaktif','keluarga'),('Alycia_Bosco10@hotmail.com',8,'2023-08-18','2023-09-18','inaktif','pelajar'),('Alycia_Bosco10@hotmail.com',9,'2023-09-18','2023-10-18','inaktif','pelajar'),('Alycia_Bosco10@hotmail.com',10,'2023-10-18','2023-11-18','inaktif','perorangan'),('Alycia_Bosco10@hotmail.com',11,'2023-11-18','2023-12-18','inaktif','keluarga'),('Alycia_Bosco10@hotmail.com',12,'2023-12-18','2024-01-18','inaktif','pelajar'),('Alycia_Bosco10@hotmail.com',13,'2024-01-18','2024-02-18','inaktif','perorangan'),('Alycia_Bosco10@hotmail.com',14,'2024-02-18','2024-03-18','aktif','pelajar'),('Antwan_Gutkowski83@gmail.com',1,'2023-04-18','2023-05-18','inaktif','perorangan'),('Antwan_Gutkowski83@gmail.com',2,'2023-05-18','2023-06-18','inaktif','perorangan'),('Antwan_Gutkowski83@gmail.com',3,'2023-06-18','2023-07-18','inaktif','perorangan'),('Antwan_Gutkowski83@gmail.com',4,'2023-07-18','2023-08-18','inaktif','perorangan'),('Antwan_Gutkowski83@gmail.com',5,'2023-08-18','2023-09-18','inaktif','keluarga'),('Antwan_Gutkowski83@gmail.com',6,'2023-09-18','2023-10-18','inaktif','pelajar'),('Antwan_Gutkowski83@gmail.com',7,'2023-10-18','2023-11-18','inaktif','pelajar'),('Antwan_Gutkowski83@gmail.com',8,'2023-11-18','2023-12-18','inaktif','pelajar'),('Antwan_Gutkowski83@gmail.com',9,'2023-12-18','2024-01-18','inaktif','keluarga'),('Antwan_Gutkowski83@gmail.com',10,'2024-01-18','2024-02-18','inaktif','keluarga'),('Antwan_Gutkowski83@gmail.com',11,'2024-02-18','2024-03-18','inaktif','keluarga'),('Antwan_Gutkowski83@gmail.com',12,'2024-03-18','2024-04-18','inaktif','keluarga'),('Antwan_Gutkowski83@gmail.com',13,'2024-04-18','2024-05-18','aktif','keluarga'),('Aracely_Quigley@hotmail.com',1,'2024-05-18','2024-06-18','aktif','pelajar'),('Arturo62@yahoo.com',1,'2023-12-18','2024-01-18','inaktif','pelajar'),('Arturo62@yahoo.com',2,'2024-01-18','2024-02-18','inaktif','perorangan'),('Arturo62@yahoo.com',3,'2024-02-18','2024-03-18','inaktif','keluarga'),('Arturo62@yahoo.com',4,'2024-03-18','2024-04-18','inaktif','pelajar'),('Arturo62@yahoo.com',5,'2024-04-18','2024-05-18','aktif','pelajar'),('Carter.McDermott23@hotmail.com',1,'2022-07-18','2022-08-18','inaktif','perorangan'),('Carter.McDermott23@hotmail.com',2,'2022-08-18','2022-09-18','inaktif','keluarga'),('Carter.McDermott23@hotmail.com',3,'2022-09-18','2022-10-18','inaktif','pelajar'),('Carter.McDermott23@hotmail.com',4,'2022-10-18','2022-11-18','inaktif','pelajar'),('Carter.McDermott23@hotmail.com',5,'2022-11-18','2022-12-18','inaktif','pelajar'),('Carter.McDermott23@hotmail.com',6,'2022-12-18','2023-01-18','inaktif','perorangan'),('Carter.McDermott23@hotmail.com',7,'2023-01-18','2023-02-18','inaktif','perorangan'),('Carter.McDermott23@hotmail.com',8,'2023-02-18','2023-03-18','inaktif','keluarga'),('Carter.McDermott23@hotmail.com',9,'2023-03-18','2023-04-18','inaktif','pelajar'),('Carter.McDermott23@hotmail.com',10,'2023-04-18','2023-05-18','inaktif','keluarga'),('Carter.McDermott23@hotmail.com',11,'2023-05-18','2023-06-18','inaktif','pelajar'),('Carter.McDermott23@hotmail.com',12,'2023-06-18','2023-07-18','inaktif','pelajar'),('Carter.McDermott23@hotmail.com',13,'2023-07-18','2023-08-18','inaktif','pelajar'),('Carter.McDermott23@hotmail.com',14,'2023-08-18','2023-09-18','inaktif','pelajar'),('Carter.McDermott23@hotmail.com',15,'2023-09-18','2023-10-18','inaktif','keluarga'),('Carter.McDermott23@hotmail.com',16,'2023-10-18','2023-11-18','inaktif','perorangan'),('Carter.McDermott23@hotmail.com',17,'2023-11-18','2023-12-18','inaktif','perorangan'),('Carter.McDermott23@hotmail.com',18,'2023-12-18','2024-01-18','inaktif','perorangan'),('Carter.McDermott23@hotmail.com',19,'2024-01-18','2024-02-18','inaktif','pelajar'),('Carter.McDermott23@hotmail.com',20,'2024-02-18','2024-03-18','inaktif','perorangan'),('Carter.McDermott23@hotmail.com',21,'2024-03-18','2024-04-18','aktif','keluarga'),('Darion.Schowalter68@yahoo.com',1,'2022-11-18','2022-12-18','inaktif','perorangan'),('Darion.Schowalter68@yahoo.com',2,'2022-12-18','2023-01-18','inaktif','keluarga'),('Darion.Schowalter68@yahoo.com',3,'2023-01-18','2023-02-18','inaktif','keluarga'),('Darion.Schowalter68@yahoo.com',4,'2023-02-18','2023-03-18','inaktif','pelajar'),('Darion.Schowalter68@yahoo.com',5,'2023-03-18','2023-04-18','inaktif','keluarga'),('Darion.Schowalter68@yahoo.com',6,'2023-04-18','2023-05-18','inaktif','pelajar'),('Darion.Schowalter68@yahoo.com',7,'2023-05-18','2023-06-18','inaktif','pelajar'),('Darion.Schowalter68@yahoo.com',8,'2023-06-18','2023-07-18','inaktif','keluarga'),('Darion.Schowalter68@yahoo.com',9,'2023-07-18','2023-08-18','inaktif','pelajar'),('Darion.Schowalter68@yahoo.com',10,'2023-08-18','2023-09-18','inaktif','keluarga'),('Darion.Schowalter68@yahoo.com',11,'2023-09-18','2023-10-18','inaktif','perorangan'),('Darion.Schowalter68@yahoo.com',12,'2023-10-18','2023-11-18','inaktif','pelajar'),('Darion.Schowalter68@yahoo.com',13,'2023-11-18','2023-12-18','inaktif','keluarga'),('Darion.Schowalter68@yahoo.com',14,'2023-12-18','2024-01-18','inaktif','perorangan'),('Darion.Schowalter68@yahoo.com',15,'2024-01-18','2024-02-18','inaktif','perorangan'),('Darion.Schowalter68@yahoo.com',16,'2024-02-18','2024-03-18','inaktif','perorangan'),('Darion.Schowalter68@yahoo.com',17,'2024-03-18','2024-04-18','inaktif','perorangan'),('Darion.Schowalter68@yahoo.com',18,'2024-04-18','2024-05-18','inaktif','keluarga'),('Darion.Schowalter68@yahoo.com',19,'2024-05-18','2024-06-18','aktif','pelajar'),('Elliot53@yahoo.com',1,'2022-12-18','2023-01-18','inaktif','perorangan'),('Elliot53@yahoo.com',2,'2023-01-18','2023-02-18','inaktif','pelajar'),('Elliot53@yahoo.com',3,'2023-02-18','2023-03-18','inaktif','keluarga'),('Elliot53@yahoo.com',4,'2023-03-18','2023-04-18','inaktif','keluarga'),('Elliot53@yahoo.com',5,'2023-04-18','2023-05-18','inaktif','perorangan'),('Elliot53@yahoo.com',6,'2023-05-18','2023-06-18','inaktif','perorangan'),('Elliot53@yahoo.com',7,'2023-06-18','2023-07-18','inaktif','perorangan'),('Elliot53@yahoo.com',8,'2023-07-18','2023-08-18','inaktif','pelajar'),('Elliot53@yahoo.com',9,'2023-08-18','2023-09-18','inaktif','keluarga'),('Elliot53@yahoo.com',10,'2023-09-18','2023-10-18','inaktif','pelajar'),('Elliot53@yahoo.com',11,'2023-10-18','2023-11-18','inaktif','keluarga'),('Elliot53@yahoo.com',12,'2023-11-18','2023-12-18','inaktif','pelajar'),('Elliot53@yahoo.com',13,'2023-12-18','2024-01-18','inaktif','keluarga'),('Elliot53@yahoo.com',14,'2024-01-18','2024-02-18','inaktif','pelajar'),('Elliot53@yahoo.com',15,'2024-02-18','2024-03-18','inaktif','pelajar'),('Elliot53@yahoo.com',16,'2024-03-18','2024-04-18','aktif','perorangan'),('Geo.Zieme@gmail.com',1,'2023-04-18','2023-05-18','inaktif','pelajar'),('Geo.Zieme@gmail.com',2,'2023-05-18','2023-06-18','inaktif','pelajar'),('Geo.Zieme@gmail.com',3,'2023-06-18','2023-07-18','inaktif','perorangan'),('Geo.Zieme@gmail.com',4,'2023-07-18','2023-08-18','inaktif','perorangan'),('Geo.Zieme@gmail.com',5,'2023-08-18','2023-09-18','inaktif','keluarga'),('Geo.Zieme@gmail.com',6,'2023-09-18','2023-10-18','inaktif','pelajar'),('Geo.Zieme@gmail.com',7,'2023-10-18','2023-11-18','inaktif','pelajar'),('Geo.Zieme@gmail.com',8,'2023-11-18','2023-12-18','inaktif','perorangan'),('Geo.Zieme@gmail.com',9,'2023-12-18','2024-01-18','inaktif','keluarga'),('Geo.Zieme@gmail.com',10,'2024-01-18','2024-02-18','inaktif','keluarga'),('Geo.Zieme@gmail.com',11,'2024-02-18','2024-03-18','inaktif','perorangan'),('Geo.Zieme@gmail.com',12,'2024-03-18','2024-04-18','inaktif','pelajar'),('Geo.Zieme@gmail.com',13,'2024-04-18','2024-05-18','inaktif','keluarga'),('Geo.Zieme@gmail.com',14,'2024-05-18','2024-06-18','aktif','perorangan'),('Gloria22@hotmail.com',1,'2024-01-18','2024-02-18','inaktif','pelajar'),('Gloria22@hotmail.com',2,'2024-02-18','2024-03-18','aktif','perorangan'),('Haleigh97@yahoo.com',1,'2023-06-18','2023-07-18','inaktif','keluarga'),('Haleigh97@yahoo.com',2,'2023-07-18','2023-08-18','inaktif','pelajar'),('Haleigh97@yahoo.com',3,'2023-08-18','2023-09-18','inaktif','perorangan'),('Haleigh97@yahoo.com',4,'2023-09-18','2023-10-18','inaktif','perorangan'),('Haleigh97@yahoo.com',5,'2023-10-18','2023-11-18','inaktif','keluarga'),('Haleigh97@yahoo.com',6,'2023-11-18','2023-12-18','inaktif','perorangan'),('Haleigh97@yahoo.com',7,'2023-12-18','2024-01-18','inaktif','pelajar'),('Haleigh97@yahoo.com',8,'2024-01-18','2024-02-18','inaktif','perorangan'),('Haleigh97@yahoo.com',9,'2024-02-18','2024-03-18','inaktif','pelajar'),('Haleigh97@yahoo.com',10,'2024-03-18','2024-04-18','inaktif','keluarga'),('Haleigh97@yahoo.com',11,'2024-04-18','2024-05-18','inaktif','pelajar'),('Haleigh97@yahoo.com',12,'2024-05-18','2024-06-18','aktif','keluarga'),('Jaden.VonRueden@hotmail.com',1,'2022-12-18','2023-01-18','inaktif','keluarga'),('Jaden.VonRueden@hotmail.com',2,'2023-01-18','2023-02-18','inaktif','pelajar'),('Jaden.VonRueden@hotmail.com',3,'2023-02-18','2023-03-18','inaktif','perorangan'),('Jaden.VonRueden@hotmail.com',4,'2023-03-18','2023-04-18','inaktif','perorangan'),('Jaden.VonRueden@hotmail.com',5,'2023-04-18','2023-05-18','inaktif','perorangan'),('Jaden.VonRueden@hotmail.com',6,'2023-05-18','2023-06-18','inaktif','perorangan'),('Jaden.VonRueden@hotmail.com',7,'2023-06-18','2023-07-18','inaktif','pelajar'),('Jaden.VonRueden@hotmail.com',8,'2023-07-18','2023-08-18','inaktif','perorangan'),('Jaden.VonRueden@hotmail.com',9,'2023-08-18','2023-09-18','inaktif','keluarga'),('Jaden.VonRueden@hotmail.com',10,'2023-09-18','2023-10-18','inaktif','perorangan'),('Jaden.VonRueden@hotmail.com',11,'2023-10-18','2023-11-18','inaktif','keluarga'),('Jaden.VonRueden@hotmail.com',12,'2023-11-18','2023-12-18','inaktif','keluarga'),('Jaden.VonRueden@hotmail.com',13,'2023-12-18','2024-01-18','inaktif','perorangan'),('Jaden.VonRueden@hotmail.com',14,'2024-01-18','2024-02-18','inaktif','perorangan'),('Jaden.VonRueden@hotmail.com',15,'2024-02-18','2024-03-18','inaktif','pelajar'),('Jaden.VonRueden@hotmail.com',16,'2024-03-18','2024-04-18','aktif','pelajar'),('Johnathon53@hotmail.com',1,'2022-06-18','2022-07-18','inaktif','keluarga'),('Johnathon53@hotmail.com',2,'2022-07-18','2022-08-18','inaktif','perorangan'),('Johnathon53@hotmail.com',3,'2022-08-18','2022-09-18','inaktif','keluarga'),('Johnathon53@hotmail.com',4,'2022-09-18','2022-10-18','inaktif','perorangan'),('Johnathon53@hotmail.com',5,'2022-10-18','2022-11-18','inaktif','pelajar'),('Johnathon53@hotmail.com',6,'2022-11-18','2022-12-18','inaktif','pelajar'),('Johnathon53@hotmail.com',7,'2022-12-18','2023-01-18','inaktif','perorangan'),('Johnathon53@hotmail.com',8,'2023-01-18','2023-02-18','inaktif','keluarga'),('Johnathon53@hotmail.com',9,'2023-02-18','2023-03-18','inaktif','perorangan'),('Johnathon53@hotmail.com',10,'2023-03-18','2023-04-18','inaktif','perorangan'),('Johnathon53@hotmail.com',11,'2023-04-18','2023-05-18','inaktif','perorangan'),('Johnathon53@hotmail.com',12,'2023-05-18','2023-06-18','inaktif','pelajar'),('Johnathon53@hotmail.com',13,'2023-06-18','2023-07-18','inaktif','pelajar'),('Johnathon53@hotmail.com',14,'2023-07-18','2023-08-18','inaktif','perorangan'),('Johnathon53@hotmail.com',15,'2023-08-18','2023-09-18','inaktif','perorangan'),('Johnathon53@hotmail.com',16,'2023-09-18','2023-10-18','inaktif','keluarga'),('Johnathon53@hotmail.com',17,'2023-10-18','2023-11-18','inaktif','pelajar'),('Johnathon53@hotmail.com',18,'2023-11-18','2023-12-18','inaktif','perorangan'),('Johnathon53@hotmail.com',19,'2023-12-18','2024-01-18','inaktif','perorangan'),('Johnathon53@hotmail.com',20,'2024-01-18','2024-02-18','aktif','keluarga'),('Justina39@gmail.com',1,'2023-12-18','2024-01-18','inaktif','perorangan'),('Justina39@gmail.com',2,'2024-01-18','2024-02-18','inaktif','keluarga'),('Justina39@gmail.com',3,'2024-02-18','2024-03-18','inaktif','pelajar'),('Justina39@gmail.com',4,'2024-03-18','2024-04-18','inaktif','pelajar'),('Justina39@gmail.com',5,'2024-04-18','2024-05-18','aktif','perorangan'),('Juvenal58@yahoo.com',1,'2023-03-18','2023-04-18','inaktif','pelajar'),('Juvenal58@yahoo.com',2,'2023-04-18','2023-05-18','inaktif','keluarga'),('Juvenal58@yahoo.com',3,'2023-05-18','2023-06-18','inaktif','keluarga'),('Juvenal58@yahoo.com',4,'2023-06-18','2023-07-18','inaktif','keluarga'),('Juvenal58@yahoo.com',5,'2023-07-18','2023-08-18','inaktif','perorangan'),('Juvenal58@yahoo.com',6,'2023-08-18','2023-09-18','inaktif','keluarga'),('Juvenal58@yahoo.com',7,'2023-09-18','2023-10-18','inaktif','perorangan'),('Juvenal58@yahoo.com',8,'2023-10-18','2023-11-18','inaktif','perorangan'),('Juvenal58@yahoo.com',9,'2023-11-18','2023-12-18','inaktif','keluarga'),('Juvenal58@yahoo.com',10,'2023-12-18','2024-01-18','inaktif','pelajar'),('Juvenal58@yahoo.com',11,'2024-01-18','2024-02-18','inaktif','perorangan'),('Juvenal58@yahoo.com',12,'2024-02-18','2024-03-18','inaktif','perorangan'),('Juvenal58@yahoo.com',13,'2024-03-18','2024-04-18','aktif','pelajar'),('Kiarra.Monahan@yahoo.com',1,'2023-12-18','2024-01-18','inaktif','keluarga'),('Kiarra.Monahan@yahoo.com',2,'2024-01-18','2024-02-18','inaktif','keluarga'),('Kiarra.Monahan@yahoo.com',3,'2024-02-18','2024-03-18','inaktif','pelajar'),('Kiarra.Monahan@yahoo.com',4,'2024-03-18','2024-04-18','aktif','pelajar'),('Lawrence12@yahoo.com',1,'2022-05-18','2022-06-18','inaktif','keluarga'),('Lawrence12@yahoo.com',2,'2022-06-18','2022-07-18','inaktif','perorangan'),('Lawrence12@yahoo.com',3,'2022-07-18','2022-08-18','inaktif','perorangan'),('Lawrence12@yahoo.com',4,'2022-08-18','2022-09-18','inaktif','keluarga'),('Lawrence12@yahoo.com',5,'2022-09-18','2022-10-18','inaktif','pelajar'),('Lawrence12@yahoo.com',6,'2022-10-18','2022-11-18','inaktif','pelajar'),('Lawrence12@yahoo.com',7,'2022-11-18','2022-12-18','inaktif','pelajar'),('Lawrence12@yahoo.com',8,'2022-12-18','2023-01-18','inaktif','keluarga'),('Lawrence12@yahoo.com',9,'2023-01-18','2023-02-18','inaktif','keluarga'),('Lawrence12@yahoo.com',10,'2023-02-18','2023-03-18','inaktif','perorangan'),('Lawrence12@yahoo.com',11,'2023-03-18','2023-04-18','inaktif','pelajar'),('Lawrence12@yahoo.com',12,'2023-04-18','2023-05-18','inaktif','keluarga'),('Lawrence12@yahoo.com',13,'2023-05-18','2023-06-18','inaktif','perorangan'),('Lawrence12@yahoo.com',14,'2023-06-18','2023-07-18','inaktif','keluarga'),('Lawrence12@yahoo.com',15,'2023-07-18','2023-08-18','inaktif','perorangan'),('Lawrence12@yahoo.com',16,'2023-08-18','2023-09-18','inaktif','keluarga'),('Lawrence12@yahoo.com',17,'2023-09-18','2023-10-18','inaktif','perorangan'),('Lawrence12@yahoo.com',18,'2023-10-18','2023-11-18','inaktif','keluarga'),('Lawrence12@yahoo.com',19,'2023-11-18','2023-12-18','inaktif','keluarga'),('Lawrence12@yahoo.com',20,'2023-12-18','2024-01-18','inaktif','perorangan'),('Lawrence12@yahoo.com',21,'2024-01-18','2024-02-18','inaktif','keluarga'),('Lawrence12@yahoo.com',22,'2024-02-18','2024-03-18','inaktif','perorangan'),('Lawrence12@yahoo.com',23,'2024-03-18','2024-04-18','aktif','perorangan'),('Leola.Durgan36@yahoo.com',1,'2023-05-18','2023-06-18','inaktif','keluarga'),('Leola.Durgan36@yahoo.com',2,'2023-06-18','2023-07-18','inaktif','keluarga'),('Leola.Durgan36@yahoo.com',3,'2023-07-18','2023-08-18','inaktif','keluarga'),('Leola.Durgan36@yahoo.com',4,'2023-08-18','2023-09-18','inaktif','keluarga'),('Leola.Durgan36@yahoo.com',5,'2023-09-18','2023-10-18','inaktif','perorangan'),('Leola.Durgan36@yahoo.com',6,'2023-10-18','2023-11-18','inaktif','perorangan'),('Leola.Durgan36@yahoo.com',7,'2023-11-18','2023-12-18','inaktif','pelajar'),('Leola.Durgan36@yahoo.com',8,'2023-12-18','2024-01-18','inaktif','pelajar'),('Leola.Durgan36@yahoo.com',9,'2024-01-18','2024-02-18','inaktif','pelajar'),('Leola.Durgan36@yahoo.com',10,'2024-02-18','2024-03-18','aktif','keluarga'),('Mallie52@gmail.com',1,'2023-10-18','2023-11-18','inaktif','pelajar'),('Mallie52@gmail.com',2,'2023-11-18','2023-12-18','inaktif','pelajar'),('Mallie52@gmail.com',3,'2023-12-18','2024-01-18','inaktif','keluarga'),('Mallie52@gmail.com',4,'2024-01-18','2024-02-18','inaktif','pelajar'),('Mallie52@gmail.com',5,'2024-02-18','2024-03-18','inaktif','pelajar'),('Mallie52@gmail.com',6,'2024-03-18','2024-04-18','inaktif','perorangan'),('Mallie52@gmail.com',7,'2024-04-18','2024-05-18','aktif','pelajar'),('Maudie21@yahoo.com',1,'2023-10-18','2023-11-18','inaktif','perorangan'),('Maudie21@yahoo.com',2,'2023-11-18','2023-12-18','inaktif','keluarga'),('Maudie21@yahoo.com',3,'2023-12-18','2024-01-18','inaktif','keluarga'),('Maudie21@yahoo.com',4,'2024-01-18','2024-02-18','inaktif','keluarga'),('Maudie21@yahoo.com',5,'2024-02-18','2024-03-18','inaktif','pelajar'),('Maudie21@yahoo.com',6,'2024-03-18','2024-04-18','inaktif','perorangan'),('Maudie21@yahoo.com',7,'2024-04-18','2024-05-18','inaktif','keluarga'),('Maudie21@yahoo.com',8,'2024-05-18','2024-06-18','aktif','pelajar'),('Mitchell.Stoltenberg-Spencer10@hotmail.com',1,'2023-04-18','2023-05-18','inaktif','perorangan'),('Mitchell.Stoltenberg-Spencer10@hotmail.com',2,'2023-05-18','2023-06-18','inaktif','keluarga'),('Mitchell.Stoltenberg-Spencer10@hotmail.com',3,'2023-06-18','2023-07-18','inaktif','pelajar'),('Mitchell.Stoltenberg-Spencer10@hotmail.com',4,'2023-07-18','2023-08-18','inaktif','pelajar'),('Mitchell.Stoltenberg-Spencer10@hotmail.com',5,'2023-08-18','2023-09-18','inaktif','perorangan'),('Mitchell.Stoltenberg-Spencer10@hotmail.com',6,'2023-09-18','2023-10-18','inaktif','perorangan'),('Mitchell.Stoltenberg-Spencer10@hotmail.com',7,'2023-10-18','2023-11-18','inaktif','pelajar'),('Mitchell.Stoltenberg-Spencer10@hotmail.com',8,'2023-11-18','2023-12-18','inaktif','pelajar'),('Mitchell.Stoltenberg-Spencer10@hotmail.com',9,'2023-12-18','2024-01-18','inaktif','pelajar'),('Mitchell.Stoltenberg-Spencer10@hotmail.com',10,'2024-01-18','2024-02-18','inaktif','pelajar'),('Mitchell.Stoltenberg-Spencer10@hotmail.com',11,'2024-02-18','2024-03-18','inaktif','keluarga'),('Mitchell.Stoltenberg-Spencer10@hotmail.com',12,'2024-03-18','2024-04-18','inaktif','pelajar'),('Mitchell.Stoltenberg-Spencer10@hotmail.com',13,'2024-04-18','2024-05-18','aktif','pelajar'),('Nina.Cronin71@gmail.com',1,'2023-03-18','2023-04-18','inaktif','keluarga'),('Nina.Cronin71@gmail.com',2,'2023-04-18','2023-05-18','inaktif','perorangan'),('Nina.Cronin71@gmail.com',3,'2023-05-18','2023-06-18','inaktif','perorangan'),('Nina.Cronin71@gmail.com',4,'2023-06-18','2023-07-18','inaktif','pelajar'),('Nina.Cronin71@gmail.com',5,'2023-07-18','2023-08-18','inaktif','keluarga'),('Nina.Cronin71@gmail.com',6,'2023-08-18','2023-09-18','inaktif','keluarga'),('Nina.Cronin71@gmail.com',7,'2023-09-18','2023-10-18','inaktif','pelajar'),('Nina.Cronin71@gmail.com',8,'2023-10-18','2023-11-18','inaktif','keluarga'),('Nina.Cronin71@gmail.com',9,'2023-11-18','2023-12-18','inaktif','pelajar'),('Nina.Cronin71@gmail.com',10,'2023-12-18','2024-01-18','inaktif','keluarga'),('Nina.Cronin71@gmail.com',11,'2024-01-18','2024-02-18','aktif','perorangan'),('Opal.King@gmail.com',1,'2024-01-18','2024-02-18','aktif','perorangan'),('Orlo.Dietrich11@yahoo.com',1,'2023-04-18','2023-05-18','inaktif','pelajar'),('Orlo.Dietrich11@yahoo.com',2,'2023-05-18','2023-06-18','inaktif','pelajar'),('Orlo.Dietrich11@yahoo.com',3,'2023-06-18','2023-07-18','inaktif','perorangan'),('Orlo.Dietrich11@yahoo.com',4,'2023-07-18','2023-08-18','inaktif','perorangan'),('Orlo.Dietrich11@yahoo.com',5,'2023-08-18','2023-09-18','inaktif','perorangan'),('Orlo.Dietrich11@yahoo.com',6,'2023-09-18','2023-10-18','inaktif','pelajar'),('Orlo.Dietrich11@yahoo.com',7,'2023-10-18','2023-11-18','inaktif','keluarga'),('Orlo.Dietrich11@yahoo.com',8,'2023-11-18','2023-12-18','inaktif','keluarga'),('Orlo.Dietrich11@yahoo.com',9,'2023-12-18','2024-01-18','inaktif','keluarga'),('Orlo.Dietrich11@yahoo.com',10,'2024-01-18','2024-02-18','inaktif','keluarga'),('Orlo.Dietrich11@yahoo.com',11,'2024-02-18','2024-03-18','aktif','pelajar'),('Ottis_Heller@gmail.com',1,'2023-02-18','2023-03-18','inaktif','pelajar'),('Ottis_Heller@gmail.com',2,'2023-03-18','2023-04-18','inaktif','keluarga'),('Ottis_Heller@gmail.com',3,'2023-04-18','2023-05-18','inaktif','pelajar'),('Ottis_Heller@gmail.com',4,'2023-05-18','2023-06-18','inaktif','keluarga'),('Ottis_Heller@gmail.com',5,'2023-06-18','2023-07-18','inaktif','pelajar'),('Ottis_Heller@gmail.com',6,'2023-07-18','2023-08-18','inaktif','pelajar'),('Ottis_Heller@gmail.com',7,'2023-08-18','2023-09-18','inaktif','perorangan'),('Ottis_Heller@gmail.com',8,'2023-09-18','2023-10-18','inaktif','keluarga'),('Ottis_Heller@gmail.com',9,'2023-10-18','2023-11-18','inaktif','pelajar'),('Ottis_Heller@gmail.com',10,'2023-11-18','2023-12-18','inaktif','perorangan'),('Ottis_Heller@gmail.com',11,'2023-12-18','2024-01-18','inaktif','keluarga'),('Ottis_Heller@gmail.com',12,'2024-01-18','2024-02-18','inaktif','keluarga'),('Ottis_Heller@gmail.com',13,'2024-02-18','2024-03-18','inaktif','pelajar'),('Ottis_Heller@gmail.com',14,'2024-03-18','2024-04-18','inaktif','pelajar'),('Ottis_Heller@gmail.com',15,'2024-04-18','2024-05-18','aktif','keluarga'),('Reid_Fahey23@hotmail.com',1,'2022-03-18','2022-04-18','inaktif','keluarga'),('Reid_Fahey23@hotmail.com',2,'2022-04-18','2022-05-18','inaktif','pelajar'),('Reid_Fahey23@hotmail.com',3,'2022-05-18','2022-06-18','inaktif','perorangan'),('Reid_Fahey23@hotmail.com',4,'2022-06-18','2022-07-18','inaktif','perorangan'),('Reid_Fahey23@hotmail.com',5,'2022-07-18','2022-08-18','inaktif','keluarga'),('Reid_Fahey23@hotmail.com',6,'2022-08-18','2022-09-18','inaktif','keluarga'),('Reid_Fahey23@hotmail.com',7,'2022-09-18','2022-10-18','inaktif','pelajar'),('Reid_Fahey23@hotmail.com',8,'2022-10-18','2022-11-18','inaktif','perorangan'),('Reid_Fahey23@hotmail.com',9,'2022-11-18','2022-12-18','inaktif','perorangan'),('Reid_Fahey23@hotmail.com',10,'2022-12-18','2023-01-18','inaktif','keluarga'),('Reid_Fahey23@hotmail.com',11,'2023-01-18','2023-02-18','inaktif','pelajar'),('Reid_Fahey23@hotmail.com',12,'2023-02-18','2023-03-18','inaktif','keluarga'),('Reid_Fahey23@hotmail.com',13,'2023-03-18','2023-04-18','inaktif','perorangan'),('Reid_Fahey23@hotmail.com',14,'2023-04-18','2023-05-18','inaktif','keluarga'),('Reid_Fahey23@hotmail.com',15,'2023-05-18','2023-06-18','inaktif','keluarga'),('Reid_Fahey23@hotmail.com',16,'2023-06-18','2023-07-18','inaktif','pelajar'),('Reid_Fahey23@hotmail.com',17,'2023-07-18','2023-08-18','inaktif','keluarga'),('Reid_Fahey23@hotmail.com',18,'2023-08-18','2023-09-18','inaktif','keluarga'),('Reid_Fahey23@hotmail.com',19,'2023-09-18','2023-10-18','inaktif','pelajar'),('Reid_Fahey23@hotmail.com',20,'2023-10-18','2023-11-18','inaktif','perorangan'),('Reid_Fahey23@hotmail.com',21,'2023-11-18','2023-12-18','inaktif','pelajar'),('Reid_Fahey23@hotmail.com',22,'2023-12-18','2024-01-18','inaktif','pelajar'),('Reid_Fahey23@hotmail.com',23,'2024-01-18','2024-02-18','inaktif','perorangan'),('Reid_Fahey23@hotmail.com',24,'2024-02-18','2024-03-18','aktif','pelajar'),('Rosetta75@hotmail.com',1,'2023-12-18','2024-01-18','inaktif','perorangan'),('Rosetta75@hotmail.com',2,'2024-01-18','2024-02-18','inaktif','perorangan'),('Rosetta75@hotmail.com',3,'2024-02-18','2024-03-18','inaktif','keluarga'),('Rosetta75@hotmail.com',4,'2024-03-18','2024-04-18','aktif','perorangan'),('Xavier.Feest38@hotmail.com',1,'2022-10-18','2022-11-18','inaktif','pelajar'),('Xavier.Feest38@hotmail.com',2,'2022-11-18','2022-12-18','inaktif','pelajar'),('Xavier.Feest38@hotmail.com',3,'2022-12-18','2023-01-18','inaktif','keluarga'),('Xavier.Feest38@hotmail.com',4,'2023-01-18','2023-02-18','inaktif','pelajar'),('Xavier.Feest38@hotmail.com',5,'2023-02-18','2023-03-18','inaktif','keluarga'),('Xavier.Feest38@hotmail.com',6,'2023-03-18','2023-04-18','inaktif','keluarga'),('Xavier.Feest38@hotmail.com',7,'2023-04-18','2023-05-18','inaktif','keluarga'),('Xavier.Feest38@hotmail.com',8,'2023-05-18','2023-06-18','inaktif','pelajar'),('Xavier.Feest38@hotmail.com',9,'2023-06-18','2023-07-18','inaktif','perorangan'),('Xavier.Feest38@hotmail.com',10,'2023-07-18','2023-08-18','inaktif','keluarga'),('Xavier.Feest38@hotmail.com',11,'2023-08-18','2023-09-18','inaktif','keluarga'),('Xavier.Feest38@hotmail.com',12,'2023-09-18','2023-10-18','inaktif','perorangan'),('Xavier.Feest38@hotmail.com',13,'2023-10-18','2023-11-18','inaktif','pelajar'),('Xavier.Feest38@hotmail.com',14,'2023-11-18','2023-12-18','inaktif','perorangan'),('Xavier.Feest38@hotmail.com',15,'2023-12-18','2024-01-18','inaktif','pelajar'),('Xavier.Feest38@hotmail.com',16,'2024-01-18','2024-02-18','aktif','perorangan');
/*!40000 ALTER TABLE `AppleMusicUser` ENABLE KEYS */;
UNLOCK TABLES;

--
-- Table structure for table `AudioQuality`
--

DROP TABLE IF EXISTS `AudioQuality`;
/*!40101 SET @saved_cs_client     = @@character_set_client */;
/*!40101 SET character_set_client = utf8 */;
CREATE TABLE `AudioQuality` (
  `idSong` int(10) unsigned NOT NULL,
  `jenisAudio` enum('hi-res-lossless','dolby-atmos') NOT NULL,
  PRIMARY KEY (`idSong`,`jenisAudio`),
  CONSTRAINT `AudioQuality_ibfk_1` FOREIGN KEY (`idSong`) REFERENCES `Song` (`idSong`)
) ENGINE=InnoDB DEFAULT CHARSET=utf8mb4 COLLATE=utf8mb4_general_ci;
/*!40101 SET character_set_client = @saved_cs_client */;

--
-- Dumping data for table `AudioQuality`
--

LOCK TABLES `AudioQuality` WRITE;
/*!40000 ALTER TABLE `AudioQuality` DISABLE KEYS */;
INSERT INTO `AudioQuality` VALUES (1,'hi-res-lossless'),(1,'dolby-atmos'),(2,'hi-res-lossless'),(2,'dolby-atmos'),(3,'hi-res-lossless'),(3,'dolby-atmos'),(4,'hi-res-lossless'),(5,'hi-res-lossless'),(6,'hi-res-lossless'),(7,'hi-res-lossless'),(7,'dolby-atmos'),(8,'hi-res-lossless'),(9,'hi-res-lossless'),(9,'dolby-atmos'),(10,'hi-res-lossless'),(11,'hi-res-lossless'),(11,'dolby-atmos'),(12,'hi-res-lossless'),(12,'dolby-atmos'),(13,'hi-res-lossless'),(14,'hi-res-lossless'),(15,'hi-res-lossless'),(15,'dolby-atmos'),(16,'hi-res-lossless'),(16,'dolby-atmos'),(17,'hi-res-lossless'),(17,'dolby-atmos'),(18,'hi-res-lossless'),(19,'hi-res-lossless'),(19,'dolby-atmos'),(20,'hi-res-lossless'),(20,'dolby-atmos'),(21,'hi-res-lossless'),(21,'dolby-atmos'),(22,'hi-res-lossless'),(23,'hi-res-lossless'),(24,'hi-res-lossless'),(24,'dolby-atmos'),(25,'hi-res-lossless'),(25,'dolby-atmos'),(26,'hi-res-lossless'),(26,'dolby-atmos'),(27,'hi-res-lossless'),(27,'dolby-atmos'),(28,'hi-res-lossless'),(28,'dolby-atmos'),(29,'hi-res-lossless'),(30,'hi-res-lossless'),(31,'hi-res-lossless'),(31,'dolby-atmos'),(32,'hi-res-lossless'),(32,'dolby-atmos'),(33,'hi-res-lossless'),(33,'dolby-atmos'),(34,'hi-res-lossless'),(35,'hi-res-lossless'),(35,'dolby-atmos'),(36,'hi-res-lossless'),(37,'hi-res-lossless'),(37,'dolby-atmos'),(38,'hi-res-lossless'),(38,'dolby-atmos'),(39,'hi-res-lossless'),(39,'dolby-atmos'),(40,'hi-res-lossless'),(40,'dolby-atmos'),(41,'hi-res-lossless'),(42,'hi-res-lossless'),(43,'hi-res-lossless'),(44,'hi-res-lossless'),(44,'dolby-atmos'),(45,'hi-res-lossless'),(46,'hi-res-lossless'),(46,'dolby-atmos'),(47,'hi-res-lossless'),(47,'dolby-atmos'),(48,'hi-res-lossless'),(48,'dolby-atmos'),(49,'hi-res-lossless'),(50,'hi-res-lossless'),(50,'dolby-atmos'),(51,'hi-res-lossless'),(51,'dolby-atmos'),(52,'hi-res-lossless'),(53,'hi-res-lossless'),(53,'dolby-atmos'),(54,'hi-res-lossless'),(55,'hi-res-lossless'),(56,'hi-res-lossless'),(56,'dolby-atmos'),(57,'hi-res-lossless'),(58,'hi-res-lossless'),(59,'hi-res-lossless'),(59,'dolby-atmos'),(60,'hi-res-lossless'),(60,'dolby-atmos'),(61,'hi-res-lossless'),(61,'dolby-atmos'),(62,'hi-res-lossless'),(62,'dolby-atmos'),(63,'hi-res-lossless'),(64,'hi-res-lossless'),(64,'dolby-atmos'),(65,'hi-res-lossless'),(66,'hi-res-lossless'),(67,'hi-res-lossless'),(67,'dolby-atmos'),(68,'hi-res-lossless'),(68,'dolby-atmos'),(69,'hi-res-lossless'),(69,'dolby-atmos'),(70,'hi-res-lossless'),(71,'hi-res-lossless'),(71,'dolby-atmos'),(72,'hi-res-lossless'),(73,'hi-res-lossless'),(74,'hi-res-lossless'),(74,'dolby-atmos'),(75,'hi-res-lossless'),(75,'dolby-atmos'),(76,'hi-res-lossless'),(76,'dolby-atmos'),(77,'hi-res-lossless'),(78,'hi-res-lossless'),(78,'dolby-atmos'),(79,'hi-res-lossless'),(79,'dolby-atmos'),(80,'hi-res-lossless');
/*!40000 ALTER TABLE `AudioQuality` ENABLE KEYS */;
UNLOCK TABLES;

--
-- Table structure for table `ExtraVideo`
--

DROP TABLE IF EXISTS `ExtraVideo`;
/*!40101 SET @saved_cs_client     = @@character_set_client */;
/*!40101 SET character_set_client = utf8 */;
CREATE TABLE `ExtraVideo` (
  `idExtraVideo` int(10) unsigned NOT NULL,
  `idLabel` int(10) unsigned NOT NULL,
  `emailGuestStar` varchar(255) NOT NULL,
  `idSubscriptionGuestStar` int(10) unsigned NOT NULL,
  `judul` varchar(255) NOT NULL,
  `durasi` int(10) unsigned NOT NULL,
  `tanggalRilis` date NOT NULL DEFAULT curdate(),
  PRIMARY KEY (`idExtraVideo`),
  KEY `idLabel` (`idLabel`),
  KEY `emailGuestStar` (`emailGuestStar`,`idSubscriptionGuestStar`),
  CONSTRAINT `ExtraVideo_ibfk_1` FOREIGN KEY (`idLabel`) REFERENCES `Label` (`idLabel`),
  CONSTRAINT `ExtraVideo_ibfk_2` FOREIGN KEY (`emailGuestStar`, `idSubscriptionGuestStar`) REFERENCES `AppleMusicUser` (`email`, `idSubscription`),
  CHECK (durasi > 0)
) ENGINE=InnoDB DEFAULT CHARSET=utf8mb4 COLLATE=utf8mb4_general_ci;
/*!40101 SET character_set_client = @saved_cs_client */;

--
-- Dumping data for table `ExtraVideo`
--

LOCK TABLES `ExtraVideo` WRITE;
/*!40000 ALTER TABLE `ExtraVideo` DISABLE KEYS */;
INSERT INTO `ExtraVideo` VALUES (1,29,'Antwan_Gutkowski83@gmail.com',9,'Interview with Autus cervus credo clarus amor averto angelus sollers.',445,'2023-12-20'),(2,10,'Lawrence12@yahoo.com',13,'Interview with Abstergo nam currus calculus clementia nesciunt degusto tamdiu.',435,'2023-05-23'),(3,18,'Lawrence12@yahoo.com',3,'Interview with Desino confido tenax cenaculum.',400,'2022-07-20'),(4,10,'Carter.McDermott23@hotmail.com',10,'Interview with Apud aperio ascisco teres doloremque candidus peior.',288,'2023-04-20'),(5,12,'Johnathon53@hotmail.com',5,'Interview with Totam amplexus asporto mollitia perspiciatis averto ventus bis ipsam super.',130,'2022-10-19'),(6,2,'Carter.McDermott23@hotmail.com',12,'Interview with Talio admoveo illum error timidus animus dapifer atque angulus.',164,'2023-06-21'),(7,9,'Elliot53@yahoo.com',15,'Interview with Adnuo tabgo abutor natus ustilo veritas crastinus deinde.',251,'2024-02-19'),(8,4,'Ottis_Heller@gmail.com',14,'Interview with Quo quod teneo suggero animus constans circumvenio.',256,'2024-03-28'),(9,30,'Darion.Schowalter68@yahoo.com',1,'Interview with Deputo ex socius decet tamen atavus ut.',180,'2022-11-21'),(10,24,'Haleigh97@yahoo.com',2,'Interview with Speciosus theologus beatae pecco appono apto tui averto argentum.',362,'2023-07-25'),(11,7,'Haleigh97@yahoo.com',11,'Interview with Vitae animadverto audax adeptio quas adimpleo necessitatibus.',375,'2024-04-23'),(12,23,'Adrienne.Marvin@gmail.com',13,'Interview with Tactus sumptus spoliatio votum.',214,'2024-03-27'),(13,16,'Xavier.Feest38@hotmail.com',1,'Interview with Demitto tamdiu taedium.',194,'2022-10-28'),(14,16,'Juvenal58@yahoo.com',13,'Interview with Dolorum cognomen suffoco contigo creta.',422,'2024-03-25'),(15,12,'Mallie52@gmail.com',2,'Interview with Aiunt voluptatem conspergo administratio strenuus solum bos molestiae averto neque.',556,'2023-11-21'),(16,8,'Elliot53@yahoo.com',10,'Interview with Ciminatio curis defessus combibo strenuus defluo sonitus defungo.',434,'2023-09-20'),(17,18,'Juvenal58@yahoo.com',6,'Interview with Vomica sulum ullus sordeo corporis aegre venio.',570,'2023-08-23'),(18,19,'Ottis_Heller@gmail.com',9,'Interview with Attero creptio vitiosus somniculosus dapifer coniecto dens capillus audio.',520,'2023-10-25'),(19,29,'Reid_Fahey23@hotmail.com',2,'Interview with Demum uxor atqui.',474,'2022-04-24'),(20,5,'Jaden.VonRueden@hotmail.com',4,'Interview with Libero tredecim xiphias conservo certus curia.',512,'2023-03-23'),(21,22,'Adrienne.Marvin@gmail.com',10,'Interview with Conor esse pecus viriliter vicinus.',346,'2023-12-27'),(22,23,'Abby_Bruen15@gmail.com',3,'Interview with Curis timidus theca balbus deleo amiculum.',411,'2024-01-24'),(23,13,'Reid_Fahey23@hotmail.com',13,'Interview with Tantillus non tenuis tremo venustas abscido vito.',451,'2023-03-20'),(24,7,'Juvenal58@yahoo.com',6,'Interview with Timor deprecator aurum claudeo.',387,'2023-08-24'),(25,8,'Johnathon53@hotmail.com',11,'Interview with Turpis caute uredo acsi acervus vitiosus sumptus.',577,'2023-04-26'),(26,20,'Orlo.Dietrich11@yahoo.com',10,'Interview with Desolo solvo curia arx.',187,'2024-01-22'),(27,17,'Jaden.VonRueden@hotmail.com',5,'Interview with Dapifer perferendis decet denuncio vobis.',131,'2023-04-28'),(28,12,'Elliot53@yahoo.com',8,'Interview with Consequuntur stultus ventosus.',175,'2023-07-21'),(29,19,'Haleigh97@yahoo.com',6,'Interview with Cresco vilis ocer vesica aspicio.',362,'2023-11-27'),(30,30,'Maudie21@yahoo.com',2,'Interview with Beneficium aggero nesciunt clarus deserunt civis beatus.',529,'2023-11-20'),(31,18,'Xavier.Feest38@hotmail.com',16,'Interview with Aspernatur temptatio causa denuo urbanus subito id.',493,'2024-01-23'),(32,17,'Elliot53@yahoo.com',16,'Interview with Amissio usus coerceo defluo brevis subseco amitto ducimus adimpleo.',178,'2024-03-23'),(33,16,'Geo.Zieme@gmail.com',8,'Interview with Suscipit dapifer spectaculum aegrotatio alo argentum cursus timidus cubitum recusandae.',230,'2023-11-23'),(34,17,'Elliot53@yahoo.com',6,'Interview with Auditor stipes tripudio derideo conor.',263,'2023-05-28'),(35,2,'Ottis_Heller@gmail.com',3,'Interview with Adaugeo tamquam molestias socius occaecati dedico videlicet.',571,'2023-04-28'),(36,5,'Mitchell.Stoltenberg-Spencer10@hotmail.com',5,'Interview with Canto agnitio derelinquo soleo tenetur damno degenero coepi somnus peccatus.',527,'2023-08-25'),(37,25,'Alycia_Bosco10@hotmail.com',10,'Interview with Arguo ut solvo commodo caveo talio fuga uberrime.',222,'2023-10-24'),(38,21,'Abby_Bruen15@gmail.com',4,'Interview with Comprehendo tollo vomer stabilis tandem.',599,'2024-02-26'),(39,22,'Juvenal58@yahoo.com',8,'Interview with Termes decens aegrotatio summisse aggero.',267,'2023-10-24'),(40,24,'Lawrence12@yahoo.com',11,'Interview with Agnitio conatus tergeo.',524,'2023-03-24'),(41,25,'Xavier.Feest38@hotmail.com',13,'Interview with Cornu approbo defessus abutor.',150,'2023-10-26'),(42,17,'Juvenal58@yahoo.com',10,'Interview with Aegrus custodia valetudo contego tergeo caput sumo.',377,'2023-12-25'),(43,12,'Mitchell.Stoltenberg-Spencer10@hotmail.com',8,'Interview with Arbor soleo amor aggero summisse cogo ustilo.',241,'2023-11-21'),(44,19,'Agustin66@hotmail.com',3,'Interview with Architecto capio sol verto architecto.',493,'2023-06-21'),(45,22,'Adrienne.Marvin@gmail.com',7,'Interview with Cruentus carbo ventosus adstringo.',292,'2023-09-27'),(46,8,'Lawrence12@yahoo.com',11,'Interview with Corrigo summopere aequitas cribro.',512,'2023-03-28'),(47,29,'Mitchell.Stoltenberg-Spencer10@hotmail.com',2,'Interview with Truculenter vociferor universe auctor velit.',134,'2023-05-24'),(48,4,'Alycia_Bosco10@hotmail.com',2,'Interview with Succurro comptus terra comis averto bellicus desparatus tepidus debeo caelum.',396,'2023-02-26'),(49,14,'Kiarra.Monahan@yahoo.com',4,'Interview with Temporibus quibusdam volaticus verumtamen sumo aliquam.',501,'2024-03-24'),(50,10,'Geo.Zieme@gmail.com',1,'Interview with Voluptate ulciscor caterva cetera adiuvo sustineo surculus vereor verumtamen.',596,'2023-04-27'),(51,26,'Xavier.Feest38@hotmail.com',3,'Interview with Calamitas caelum thalassinus convoco absque timidus vulgaris.',179,'2022-12-26'),(52,23,'Geo.Zieme@gmail.com',13,'Interview with Defetiscor ex peccatus arcus spes deduco vita.',179,'2024-04-26'),(53,7,'Darion.Schowalter68@yahoo.com',14,'Interview with Vel usque curto cruentus non.',358,'2023-12-20'),(54,11,'Juvenal58@yahoo.com',10,'Interview with Aut vulgaris verbera.',353,'2023-12-20'),(55,25,'Alycia_Bosco10@hotmail.com',2,'Interview with Avarus textilis angustus ver cometes tunc comedo vinco.',583,'2023-02-24'),(56,17,'Rosetta75@hotmail.com',4,'Interview with Officia tametsi modi triumphus adsum.',380,'2024-03-24'),(57,3,'Nina.Cronin71@gmail.com',10,'Interview with Aggredior beatae corroboro admiratio concedo.',306,'2023-12-23'),(58,1,'Adrienne.Marvin@gmail.com',8,'Interview with Civis quibusdam solvo distinctio succedo brevis surculus curis.',145,'2023-10-21'),(59,30,'Reid_Fahey23@hotmail.com',16,'Interview with Audentia subseco viscus optio valetudo distinctio.',333,'2023-06-19'),(60,13,'Elliot53@yahoo.com',12,'Interview with Cena enim temporibus explicabo angulus dapifer uredo contigo.',388,'2023-11-20'),(61,4,'Elliot53@yahoo.com',12,'Interview with Aspernatur synagoga adhuc demergo cibo.',426,'2023-11-23'),(62,18,'Xavier.Feest38@hotmail.com',6,'Interview with Substantia solus degusto aedificium auditor denuo vesica.',368,'2023-03-24'),(63,16,'Jaden.VonRueden@hotmail.com',4,'Interview with Administratio adfectus combibo at attonbitus totam.',154,'2023-03-28'),(64,19,'Mitchell.Stoltenberg-Spencer10@hotmail.com',3,'Interview with Aperte colligo suggero carpo urbs antiquus ocer cunctatio.',289,'2023-06-23'),(65,17,'Xavier.Feest38@hotmail.com',9,'Interview with Solvo creptio optio thema delibero arbor tonsor.',229,'2023-06-22'),(66,5,'Arturo62@yahoo.com',2,'Interview with Vapulus usus colo harum aliquam autem.',411,'2024-01-20'),(67,28,'Rosetta75@hotmail.com',1,'Interview with Substantia validus vox circumvenio conturbo nulla nihil uxor.',434,'2023-12-26'),(68,30,'Juvenal58@yahoo.com',11,'Interview with Patruus demo adversus.',232,'2024-01-19'),(69,23,'Rosetta75@hotmail.com',3,'Interview with Tibi sophismata sordeo trucido.',169,'2024-02-24'),(70,17,'Nina.Cronin71@gmail.com',7,'Interview with Defessus nobis baiulus clarus minus demum acsi.',279,'2023-09-26'),(71,19,'Reid_Fahey23@hotmail.com',10,'Interview with Sto voluptas demitto crapula spero ambulo.',183,'2022-12-24'),(72,29,'Alycia_Bosco10@hotmail.com',5,'Interview with Nihil stabilis architecto arx.',555,'2023-05-27'),(73,19,'Elliot53@yahoo.com',16,'Interview with Toties sollers terreo demum atque.',573,'2024-03-22'),(74,29,'Adrienne.Marvin@gmail.com',12,'Interview with Vix thema confugo.',422,'2024-02-27'),(75,5,'Nina.Cronin71@gmail.com',8,'Interview with Cicuta timor defetiscor.',210,'2023-10-28'),(76,21,'Geo.Zieme@gmail.com',3,'Interview with Condico corrupti bestia caterva cras constans asporto agnosco varius curvo.',564,'2023-06-27'),(77,11,'Ottis_Heller@gmail.com',6,'Interview with Antepono voluntarius possimus trucido sumo amplus triumphus caritas soleo.',266,'2023-07-28'),(78,16,'Johnathon53@hotmail.com',10,'Interview with Crudelis caput cerno terror alo condico.',462,'2023-03-21'),(79,27,'Reid_Fahey23@hotmail.com',11,'Interview with Vindico baiulus adversus peccatus maiores apud.',248,'2023-01-22'),(80,12,'Xavier.Feest38@hotmail.com',15,'Interview with Appositus vitae thymbra voluptate ultio.',215,'2023-12-19'),(81,22,'Xavier.Feest38@hotmail.com',4,'Interview with Corpus pecto aggero.',243,'2023-01-19'),(82,16,'Nina.Cronin71@gmail.com',4,'Interview with Clementia agnitio tamquam sordeo bestia vir aut.',342,'2023-06-28'),(83,1,'Elliot53@yahoo.com',16,'Interview with Cum textus apto audax amicitia confero vergo.',243,'2024-03-23'),(84,17,'Haleigh97@yahoo.com',3,'Interview with Casso virtus conicio video acsi defleo sordeo calco.',469,'2023-08-21'),(85,13,'Rosetta75@hotmail.com',2,'Interview with Culpa ambitus acervus videlicet.',316,'2024-01-21'),(86,24,'Agustin66@hotmail.com',4,'Interview with Deorsum sono repellendus ter unde pel.',262,'2023-07-28'),(87,8,'Orlo.Dietrich11@yahoo.com',3,'Interview with Patria animus consuasor cervus timidus templum cubitum suppono.',591,'2023-06-27'),(88,4,'Leola.Durgan36@yahoo.com',9,'Interview with Accedo ante abutor conculco substantia textilis deinde ciminatio suscipit avaritia.',257,'2024-01-19'),(89,28,'Gloria22@hotmail.com',1,'Interview with Delibero acceptus conservo ipsam velut adfero celer aliquid appono.',163,'2024-01-19'),(90,20,'Alycia_Bosco10@hotmail.com',8,'Interview with Ascisco vita cibo xiphias venia tertius thalassinus comitatus.',329,'2023-08-27'),(91,12,'Jaden.VonRueden@hotmail.com',4,'Interview with Claustrum cupiditate ullus vallum commodo substantia tamen nulla sopor.',204,'2023-03-22'),(92,13,'Justina39@gmail.com',1,'Interview with Demulceo derelinquo cuius ager nam autem trucido addo creator.',501,'2023-12-21'),(93,11,'Haleigh97@yahoo.com',2,'Interview with Vallum tepidus eaque.',186,'2023-07-27'),(94,17,'Jaden.VonRueden@hotmail.com',15,'Interview with Aer quae crinis spiculum quis conicio vir crepusculum.',122,'2024-02-25'),(95,5,'Juvenal58@yahoo.com',4,'Interview with Doloribus cruentus crastinus.',407,'2023-06-26'),(96,5,'Reid_Fahey23@hotmail.com',14,'Interview with Tubineus deludo ulciscor maiores admoneo quis conduco utpote totidem usque.',586,'2023-04-25'),(97,5,'Carter.McDermott23@hotmail.com',6,'Interview with Articulus vesco cupio tergo.',144,'2022-12-24'),(98,1,'Darion.Schowalter68@yahoo.com',15,'Interview with Textus decimus alter adfero thymum patrocinor accusator vitae.',286,'2024-01-19'),(99,6,'Orlo.Dietrich11@yahoo.com',2,'Interview with Averto occaecati timidus accusamus vacuus adicio suadeo vergo caecus.',486,'2023-05-25'),(100,21,'Gloria22@hotmail.com',1,'Interview with Ciminatio termes celer cubitum acies.',229,'2024-01-28'),(101,5,'Geo.Zieme@gmail.com',3,'Interview with Supra audax culpo commodi aperiam crur aestas cerno.',350,'2023-06-24'),(102,14,'Nina.Cronin71@gmail.com',4,'Interview with Sub articulus vereor aro pectus abscido congregatio solus.',362,'2023-06-24'),(103,23,'Geo.Zieme@gmail.com',1,'Interview with Cuppedia vetus aer aveho suscipio utrum copia.',167,'2023-04-23'),(104,10,'Mitchell.Stoltenberg-Spencer10@hotmail.com',9,'Interview with Stella xiphias aliquid socius inflammatio.',291,'2023-12-23'),(105,24,'Xavier.Feest38@hotmail.com',16,'Interview with Audacia aranea numquam copiose corpus.',395,'2024-01-22'),(106,19,'Johnathon53@hotmail.com',2,'Interview with Comitatus summopere ante.',424,'2022-07-19'),(107,1,'Carter.McDermott23@hotmail.com',7,'Interview with Accusamus dedecor reprehenderit dolor strenuus mollitia vesper.',321,'2023-01-19'),(108,16,'Alycia_Bosco10@hotmail.com',8,'Interview with Voco volup vilicus vinco suscipio ultra.',369,'2023-08-19'),(109,11,'Johnathon53@hotmail.com',18,'Interview with Natus abstergo sulum curiositas.',282,'2023-11-20'),(110,12,'Elliot53@yahoo.com',1,'Interview with Terra officiis animi arca.',410,'2022-12-25'),(111,18,'Carter.McDermott23@hotmail.com',12,'Interview with Verbum amissio tactus tantum aegre velum aufero coma ater.',457,'2023-06-22'),(112,21,'Lawrence12@yahoo.com',8,'Interview with Sustineo alii derelinquo vulnero ullus accommodo.',154,'2022-12-19'),(113,20,'Juvenal58@yahoo.com',7,'Interview with Textilis solvo modi.',410,'2023-09-23'),(114,17,'Haleigh97@yahoo.com',10,'Interview with Alienus absque hic defungo derelinquo coruscus libero defetiscor versus.',465,'2024-03-27'),(115,11,'Mitchell.Stoltenberg-Spencer10@hotmail.com',5,'Interview with Varius colo damno somnus caelum argentum alienus vigor.',138,'2023-08-26'),(116,6,'Adrienne.Marvin@gmail.com',8,'Interview with Tabella tergum desino paens occaecati templum tenetur cervus strues.',376,'2023-10-26'),(117,10,'Adrienne.Marvin@gmail.com',12,'Interview with Ara xiphias vomica pectus pecco atque pecto infit sublime.',132,'2024-02-19'),(118,12,'Lawrence12@yahoo.com',23,'Interview with Supplanto ad supellex crinis necessitatibus demens tum culpo quis dens.',419,'2024-03-22'),(119,28,'Lawrence12@yahoo.com',3,'Interview with Amita copia voluptatem tener cibo vulpes.',366,'2022-07-22'),(120,2,'Arturo62@yahoo.com',4,'Interview with Umerus reprehenderit decretum somniculosus aperiam.',123,'2024-03-21'),(121,26,'Ottis_Heller@gmail.com',7,'Interview with Verto creta temperantia agnosco volaticus colo fuga.',124,'2023-08-24'),(122,8,'Reid_Fahey23@hotmail.com',24,'Interview with Cunae cultura terreo.',171,'2024-02-24'),(123,14,'Reid_Fahey23@hotmail.com',20,'Interview with Communis sumo cognatus.',570,'2023-10-22'),(124,16,'Haleigh97@yahoo.com',2,'Interview with Uxor amita cado quaerat.',251,'2023-07-21'),(125,13,'Mallie52@gmail.com',2,'Interview with Cado stella antea.',270,'2023-11-25'),(126,8,'Lawrence12@yahoo.com',6,'Interview with Bene repellendus capio sequi.',350,'2022-10-27'),(127,24,'Gloria22@hotmail.com',1,'Interview with Vis succedo adhaero vulariter subiungo animadverto abscido.',557,'2024-01-27'),(128,25,'Darion.Schowalter68@yahoo.com',17,'Interview with Sodalitas deleo decumbo cohors nobis triumphus varietas enim.',282,'2024-03-23'),(129,28,'Agustin66@hotmail.com',2,'Interview with Atrox una defluo delibero.',290,'2023-05-28'),(130,22,'Ottis_Heller@gmail.com',5,'Interview with Valetudo auctus defessus cogito.',463,'2023-06-28'),(131,7,'Mitchell.Stoltenberg-Spencer10@hotmail.com',12,'Interview with Uberrime tersus astrum clibanus utroque totidem.',567,'2024-03-26'),(132,18,'Agustin66@hotmail.com',7,'Interview with Xiphias tergeo curo cauda carus verbera decor.',598,'2023-10-20'),(133,3,'Jaden.VonRueden@hotmail.com',4,'Interview with Viriliter uberrime consectetur architecto cotidie voveo vox vinculum vacuus.',438,'2023-03-27'),(134,26,'Xavier.Feest38@hotmail.com',14,'Interview with Ea adflicto arca trucido usus summisse quibusdam vulnero sit adfectus.',497,'2023-11-22'),(135,23,'Nina.Cronin71@gmail.com',10,'Interview with Peccatus contigo vito conitor.',170,'2023-12-26'),(136,4,'Reid_Fahey23@hotmail.com',20,'Interview with Vado repellendus usitas nobis degenero adeptio cur nemo sopor.',600,'2023-10-24'),(137,12,'Xavier.Feest38@hotmail.com',16,'Interview with Adopto accendo tempus ad calamitas tamen demergo ipsum cinis.',321,'2024-01-22'),(138,6,'Justina39@gmail.com',5,'Interview with Patrocinor nobis ullus ultra considero.',565,'2024-04-24'),(139,5,'Reid_Fahey23@hotmail.com',10,'Interview with Spectaculum spectaculum compono.',428,'2022-12-23'),(140,4,'Jaden.VonRueden@hotmail.com',13,'Interview with Custodia deputo cicuta.',215,'2023-12-22'),(141,18,'Rosetta75@hotmail.com',4,'Interview with Minima antea tollo comburo tergum adhuc deorsum.',341,'2024-03-21'),(142,24,'Ottis_Heller@gmail.com',3,'Interview with Cursus doloribus valde compello cauda.',142,'2023-04-25'),(143,22,'Mallie52@gmail.com',5,'Interview with Taceo turbo amicitia vicinus desidero abundans traho.',167,'2024-02-19'),(144,8,'Jaden.VonRueden@hotmail.com',4,'Interview with Benigne comis terra sol vester communis perferendis adficio spes peior.',278,'2023-03-25'),(145,27,'Carter.McDermott23@hotmail.com',18,'Interview with Vaco curto annus apto.',178,'2023-12-27'),(146,1,'Reid_Fahey23@hotmail.com',1,'Interview with Adiuvo depromo consequatur teres ago summopere thema alo atque.',364,'2022-03-22'),(147,14,'Lawrence12@yahoo.com',17,'Interview with Catena comis coma pecto sopor vorago.',358,'2023-09-25'),(148,2,'Mitchell.Stoltenberg-Spencer10@hotmail.com',10,'Interview with Provident aliquid cinis tres soluta exercitationem veritas.',207,'2024-01-20'),(149,3,'Ottis_Heller@gmail.com',13,'Interview with Nobis viridis temeritas tamisium vulgus tepesco aranea cibo vere vesco.',295,'2024-02-26'),(150,2,'Reid_Fahey23@hotmail.com',20,'Interview with Vulgo spero similique alioqui tres thymbra.',212,'2023-10-22'),(151,15,'Xavier.Feest38@hotmail.com',12,'Interview with Cariosus usitas cribro vallum tot tabula adduco.',428,'2023-09-20'),(152,4,'Mitchell.Stoltenberg-Spencer10@hotmail.com',7,'Interview with Apud vitiosus confido apostolus.',390,'2023-10-27'),(153,2,'Agustin66@hotmail.com',9,'Interview with Suppellex territo valde aliqua deputo confugo depraedor damno aliqua triumphus.',248,'2023-12-26'),(154,13,'Juvenal58@yahoo.com',11,'Interview with Trepide temperantia aeger cerno deripio abundans concedo sumptus.',160,'2024-01-22'),(155,4,'Ottis_Heller@gmail.com',8,'Interview with Amissio crudelis repellat ulciscor curriculum clamo volubilis.',262,'2023-09-25'),(156,3,'Darion.Schowalter68@yahoo.com',8,'Interview with Supplanto sollers vado.',502,'2023-06-20'),(157,11,'Mallie52@gmail.com',6,'Interview with Defleo aptus conturbo comprehendo compello spero sumo consequatur quas constans.',339,'2024-03-24'),(158,8,'Justina39@gmail.com',5,'Interview with Dignissimos assumenda ipsa arceo.',407,'2024-04-23'),(159,21,'Ottis_Heller@gmail.com',13,'Interview with Appositus ventito ciminatio cinis vomito victoria.',593,'2024-02-24'),(160,21,'Haleigh97@yahoo.com',2,'Interview with Decimus patior nihil.',278,'2023-07-22'),(161,15,'Geo.Zieme@gmail.com',6,'Interview with Utpote atrocitas labore suppono aut.',324,'2023-09-21'),(162,28,'Maudie21@yahoo.com',4,'Interview with Caritas vis aliquid suppellex desolo cicuta.',403,'2024-01-26'),(163,21,'Xavier.Feest38@hotmail.com',9,'Interview with Valetudo illo anser conatus defleo.',316,'2023-06-26'),(164,19,'Johnathon53@hotmail.com',5,'Interview with Viscus aut constans.',158,'2022-10-23'),(165,8,'Nina.Cronin71@gmail.com',1,'Interview with Certus vigor aequitas abbas eligendi.',268,'2023-03-27'),(166,16,'Justina39@gmail.com',4,'Interview with Vero aperte sortitus beatus.',575,'2024-03-28'),(167,9,'Elliot53@yahoo.com',7,'Interview with Aufero accusamus patria.',512,'2023-06-28'),(168,11,'Johnathon53@hotmail.com',12,'Interview with Admoveo allatus laborum delectatio conitor tamquam casus tamisium cometes.',257,'2023-05-26'),(169,27,'Lawrence12@yahoo.com',23,'Interview with Blanditiis utor ascit timor consuasor contabesco incidunt apud ventus.',176,'2024-03-28'),(170,28,'Haleigh97@yahoo.com',2,'Interview with Peior summisse exercitationem conspergo vinculum nesciunt.',485,'2023-07-20'),(171,3,'Ottis_Heller@gmail.com',11,'Interview with Asper temporibus amor coepi tui tremo dolore vigilo tredecim.',334,'2023-12-20'),(172,24,'Lawrence12@yahoo.com',5,'Interview with Auxilium surgo vulgo aestas caute tondeo baiulus aperio demonstro tracto.',217,'2022-09-21'),(173,16,'Gloria22@hotmail.com',2,'Interview with Crur volup virgo tantillus cras ipsum aqua rerum tenuis.',308,'2024-02-28'),(174,20,'Haleigh97@yahoo.com',8,'Interview with Dolores quia aliqua terror.',311,'2024-01-24'),(175,28,'Geo.Zieme@gmail.com',8,'Interview with Thymum incidunt carbo soleo delicate celer cunabula voluptatibus nam corroboro.',371,'2023-11-24'),(176,12,'Alycia_Bosco10@hotmail.com',8,'Interview with Crinis in tergo.',351,'2023-08-23'),(177,22,'Alycia_Bosco10@hotmail.com',8,'Interview with Depromo turba vicinus adimpleo vetus aeternus ambitus corrigo adimpleo voluptates.',270,'2023-08-25'),(178,28,'Xavier.Feest38@hotmail.com',8,'Interview with Derideo amplitudo clarus uter delego aeger careo.',155,'2023-05-20'),(179,18,'Ottis_Heller@gmail.com',15,'Interview with Animus adflicto cubo tergum studio conturbo sono.',344,'2024-04-23'),(180,17,'Johnathon53@hotmail.com',8,'Interview with Confugo a celebrer.',204,'2023-01-28'),(181,19,'Agustin66@hotmail.com',6,'Interview with Votum ultio ipsum tollo vociferor coerceo stella corrigo sono.',551,'2023-09-25'),(182,1,'Rosetta75@hotmail.com',2,'Interview with Tremo coaegresco vicissitudo velut adimpleo volup tergeo.',397,'2024-01-23'),(183,5,'Mitchell.Stoltenberg-Spencer10@hotmail.com',10,'Interview with Fuga theca corpus sui contabesco abscido celebrer.',457,'2024-01-23'),(184,1,'Mitchell.Stoltenberg-Spencer10@hotmail.com',1,'Interview with Cohibeo iste thermae blanditiis candidus vesco aegrus compello culpo.',431,'2023-04-22'),(185,10,'Johnathon53@hotmail.com',8,'Interview with Decipio modi atrocitas tempora recusandae.',550,'2023-01-20'),(186,5,'Xavier.Feest38@hotmail.com',7,'Interview with Cum ascit color thermae.',197,'2023-04-26'),(187,5,'Ottis_Heller@gmail.com',4,'Interview with Ad bellicus thesaurus audacia.',530,'2023-05-22'),(188,9,'Darion.Schowalter68@yahoo.com',18,'Interview with Verbera acceptus vulpes ullus vitiosus tantillus.',289,'2024-04-20'),(189,16,'Jaden.VonRueden@hotmail.com',15,'Interview with Ipsa consuasor convoco.',510,'2024-02-21'),(190,16,'Ottis_Heller@gmail.com',7,'Interview with Usus vulnero coniuratio laboriosam tempore.',237,'2023-08-26'),(191,2,'Ottis_Heller@gmail.com',10,'Interview with Minus turba nesciunt crinis ater defaeco beneficium suasoria sustineo quisquam.',595,'2023-11-25'),(192,2,'Carter.McDermott23@hotmail.com',13,'Interview with Quod coadunatio ater.',555,'2023-07-27'),(193,4,'Antwan_Gutkowski83@gmail.com',5,'Interview with Attollo adinventitias coerceo viscus tabernus deduco.',427,'2023-08-20'),(194,18,'Antwan_Gutkowski83@gmail.com',9,'Interview with Accedo cupiditate color aduro tamen tempora.',458,'2023-12-22'),(195,24,'Lawrence12@yahoo.com',1,'Interview with Vir aequitas comminor cohaero incidunt corona.',247,'2022-05-28'),(196,3,'Geo.Zieme@gmail.com',10,'Interview with Antepono tribuo centum quisquam absens abscido atqui nihil.',262,'2024-01-21'),(197,2,'Juvenal58@yahoo.com',7,'Interview with Vereor acceptus tot.',136,'2023-09-26'),(198,30,'Kiarra.Monahan@yahoo.com',3,'Interview with Absorbeo desino tenus anser.',199,'2024-02-26'),(199,19,'Agustin66@hotmail.com',9,'Interview with Aeger virtus ventito vallum crur crux laboriosam.',384,'2023-12-26'),(200,7,'Carter.McDermott23@hotmail.com',10,'Interview with Ut aestas tandem dicta.',149,'2023-04-28');
/*!40000 ALTER TABLE `ExtraVideo` ENABLE KEYS */;
UNLOCK TABLES;

--
-- Table structure for table `Label`
--

DROP TABLE IF EXISTS `Label`;
/*!40101 SET @saved_cs_client     = @@character_set_client */;
/*!40101 SET character_set_client = utf8 */;
CREATE TABLE `Label` (
  `idLabel` int(10) unsigned NOT NULL,
  `nama` varchar(255) NOT NULL,
  `tahunBerdiri` int(10) unsigned NOT NULL,
  `asalNegara` varchar(255) NOT NULL,
  PRIMARY KEY (`idLabel`),
  CHECK (idLabel > 0),
  CHECK (tahunBerdiri > 0)
) ENGINE=InnoDB DEFAULT CHARSET=utf8mb4 COLLATE=utf8mb4_general_ci;
/*!40101 SET character_set_client = @saved_cs_client */;

--
-- Dumping data for table `Label`
--

LOCK TABLES `Label` WRITE;
/*!40000 ALTER TABLE `Label` DISABLE KEYS */;
INSERT INTO `Label` VALUES (1,'Kuvalis, Kihn and Greenfelder',2023,'Aland Islands'),(2,'Frami LLC',2023,'Thailand'),(3,'Kutch, Koepp and Breitenberg',2023,'Burundi'),(4,'Bosco - Christiansen',2023,'Saint Kitts and Nevis'),(5,'Bernhard LLC',2022,'Morocco'),(6,'Toy, Kub and Becker',2023,'Bhutan'),(7,'Lindgren Inc',2022,'Tonga'),(8,'Powlowski - Gleason',2023,'Tunisia'),(9,'Ullrich - Stoltenberg',2023,'Panama'),(10,'O\'Conner LLC',2024,'Antarctica'),(11,'Nikolaus - Mayer',2024,'Burkina Faso'),(12,'Hudson LLC',2022,'Nigeria'),(13,'Kutch, Jakubowski and Von',2023,'Liechtenstein'),(14,'Goyette - Kohler',2024,'Jersey'),(15,'Dibbert and Sons',2023,'Montserrat'),(16,'Monahan - Deckow',2023,'Turks and Caicos Islands'),(17,'Cartwright - Hauck',2023,'Ethiopia'),(18,'Hintz - Morar',2022,'Colombia'),(19,'Maggio and Sons',2022,'Belize'),(20,'Bailey LLC',2024,'Palestine'),(21,'Corwin - Kertzmann',2022,'Saint Barthelemy'),(22,'Weber - Bartell',2024,'Trinidad and Tobago'),(23,'Murazik, Ernser and Hackett',2023,'Jamaica'),(24,'Lind Group',2023,'United Kingdom'),(25,'Stracke - Stanton',2023,'Iceland'),(26,'Stanton and Sons',2023,'Portugal'),(27,'Torphy Inc',2024,'Vanuatu'),(28,'Dooley, Schamberger and Lubowitz',2022,'Argentina'),(29,'McKenzie - Erdman',2023,'Palestine'),(30,'Fritsch, Armstrong and Zulauf',2023,'Republic of Korea');
/*!40000 ALTER TABLE `Label` ENABLE KEYS */;
UNLOCK TABLES;

--
-- Table structure for table `Lyrics`
--

DROP TABLE IF EXISTS `Lyrics`;
/*!40101 SET @saved_cs_client     = @@character_set_client */;
/*!40101 SET character_set_client = utf8 */;
CREATE TABLE `Lyrics` (
  `idSong` int(10) unsigned NOT NULL,
  `line` int(10) unsigned NOT NULL,
  `lyric` text NOT NULL,
  `emailWriter` varchar(255) NOT NULL,
  `idSubscriptionWriter` int(10) unsigned NOT NULL,
  PRIMARY KEY (`idSong`,`line`),
  KEY `emailWriter` (`emailWriter`,`idSubscriptionWriter`),
  CONSTRAINT `Lyrics_ibfk_1` FOREIGN KEY (`idSong`) REFERENCES `Song` (`idSong`),
  CONSTRAINT `Lyrics_ibfk_2` FOREIGN KEY (`emailWriter`, `idSubscriptionWriter`) REFERENCES `AppleMusicUser` (`email`, `idSubscription`)
) ENGINE=InnoDB DEFAULT CHARSET=utf8mb4 COLLATE=utf8mb4_general_ci;
/*!40101 SET character_set_client = @saved_cs_client */;

--
-- Dumping data for table `Lyrics`
--

LOCK TABLES `Lyrics` WRITE;
/*!40000 ALTER TABLE `Lyrics` DISABLE KEYS */;
INSERT INTO `Lyrics` VALUES (1,1,'Collum custodia adeo aperio defleo laudantium.','Maudie21@yahoo.com',7),(1,2,'Tantum vitium valde.','Justina39@gmail.com',5),(1,3,'Tyrannus vinum desipio vociferor cur uredo ipsam comes pecto.','Ottis_Heller@gmail.com',12),(2,1,'Aestas cum unde valetudo deleniti caelum territo altus triumphus.','Xavier.Feest38@hotmail.com',11),(2,2,'Urbs tabgo speculum confugo delinquo vis casso.','Gloria22@hotmail.com',2),(3,1,'Odio cras conitor conforto villa somnus natus comedo stillicidium calcar.','Carter.McDermott23@hotmail.com',18),(3,2,'Creator alo admitto cenaculum spiculum sto repudiandae caveo statua.','Justina39@gmail.com',4),(3,3,'Sophismata auctor civis voluptates id curo.','Arturo62@yahoo.com',1),(4,1,'Aetas adficio ea vigilo unus tum alias consequatur.','Mallie52@gmail.com',3),(4,2,'Reiciendis non amor congregatio tergum cotidie adficio.','Lawrence12@yahoo.com',22),(5,1,'Combibo cupiditas concedo tutis consuasor ea dolores earum ulciscor.','Geo.Zieme@gmail.com',9),(5,2,'Audentia saepe deripio conservo.','Nina.Cronin71@gmail.com',9),(5,3,'Ancilla tollo allatus ciminatio.','Antwan_Gutkowski83@gmail.com',8),(6,1,'Surgo cognatus anser conatus at uberrime amicitia.','Geo.Zieme@gmail.com',9),(6,2,'Eligendi aufero urbanus curia celebrer venia aut.','Leola.Durgan36@yahoo.com',8),(6,3,'Eius pauci correptius capillus commodi voluptate tametsi vetus statim.','Rosetta75@hotmail.com',2),(6,4,'Pecco coaegresco vestigium thymum pel coniuratio baiulus viscus vae anser.','Darion.Schowalter68@yahoo.com',13),(6,5,'Addo vehemens allatus officiis.','Darion.Schowalter68@yahoo.com',14),(6,6,'Totus magni valens degenero cedo alter.','Alycia_Bosco10@hotmail.com',11),(7,1,'Terror unde tenus contego.','Mitchell.Stoltenberg-Spencer10@hotmail.com',13),(7,2,'Cui animus ara valeo vespillo vespillo temporibus.','Mitchell.Stoltenberg-Spencer10@hotmail.com',13),(7,3,'Tubineus decimus doloremque consequatur campana.','Geo.Zieme@gmail.com',13),(7,4,'Vespillo vociferor vigor speciosus tabula.','Geo.Zieme@gmail.com',14),(7,5,'Corrumpo solutio depraedor tabella testimonium spoliatio vitiosus ter deleniti claustrum.','Maudie21@yahoo.com',8),(8,1,'Spiritus accedo via adfectus aptus aveho caterva acerbitas adduco.','Antwan_Gutkowski83@gmail.com',7),(8,2,'Sono et careo addo tactus.','Antwan_Gutkowski83@gmail.com',3),(8,3,'Crastinus solum cumque.','Lawrence12@yahoo.com',11),(8,4,'Antiquus amiculum tabella adfero conicio occaecati tyrannus crinis arca.','Darion.Schowalter68@yahoo.com',14),(8,5,'Id celo uberrime cogo curriculum vilitas a.','Justina39@gmail.com',4),(8,6,'Tabella thesaurus comis umbra ventosus thema synagoga denique defero.','Elliot53@yahoo.com',6),(9,1,'Cupiditas aqua caterva.','Mallie52@gmail.com',5),(10,1,'Campana decumbo amplexus carmen sunt.','Maudie21@yahoo.com',8),(10,2,'Qui clarus vado auctus vir aer mollitia tamisium culpa virtus.','Antwan_Gutkowski83@gmail.com',13),(11,1,'Advenio angustus amo crebro aliquid thermae vomica aestivus.','Justina39@gmail.com',4),(11,2,'Velociter avarus uter cerno adversus necessitatibus claustrum.','Geo.Zieme@gmail.com',13),(11,3,'Crudelis vitae demonstro cena verumtamen possimus eveniet adicio.','Arturo62@yahoo.com',4),(12,1,'Magni deleo curso tibi adulatio adflicto advoco.','Agustin66@hotmail.com',5),(12,2,'Subvenio blanditiis error beatae.','Geo.Zieme@gmail.com',13),(13,1,'Damnatio confero undique vilis venia damno arbustum.','Adrienne.Marvin@gmail.com',6),(13,2,'Arbitro fuga cursim minima accommodo utrum deinde perferendis desidero demergo.','Elliot53@yahoo.com',10),(13,3,'Quaerat coadunatio ager acerbitas comitatus autus quaerat teneo asporto coruscus.','Carter.McDermott23@hotmail.com',9),(13,4,'Advenio triduana cursim ex.','Elliot53@yahoo.com',10),(14,1,'Tametsi appono argumentum arbustum damno virtus explicabo mollitia.','Leola.Durgan36@yahoo.com',9),(14,2,'Laudantium voluptate quos admiratio acquiro succedo.','Reid_Fahey23@hotmail.com',19),(15,1,'Quae denuncio accusamus tego adfectus conforto tersus.','Juvenal58@yahoo.com',11),(15,2,'Aestas vesper statim strues quae.','Adrienne.Marvin@gmail.com',11),(15,3,'Cupiditas viscus tergum absque adeptio tabgo aliquam.','Elliot53@yahoo.com',14),(16,1,'Titulus valens contego spoliatio desolo adamo est vix decor defaeco.','Xavier.Feest38@hotmail.com',15),(16,2,'Nulla solvo desidero assumenda.','Jaden.VonRueden@hotmail.com',15),(16,3,'Corrigo decor ullus totidem quod sui sursum.','Maudie21@yahoo.com',5),(16,4,'Tego vergo basium absque sustineo argentum officiis tibi iure corroboro.','Jaden.VonRueden@hotmail.com',14),(17,1,'Amor cuius aut cursim atavus vix creber.','Ottis_Heller@gmail.com',4),(17,2,'Cavus delectus tollo torqueo corroboro vulgaris.','Carter.McDermott23@hotmail.com',19),(18,1,'Vir pariatur sumo uter.','Jaden.VonRueden@hotmail.com',15),(18,2,'Angulus delibero cupio perferendis virtus sufficio thermae.','Reid_Fahey23@hotmail.com',22),(18,3,'Sapiente tamdiu correptius deleo capillus asper.','Darion.Schowalter68@yahoo.com',13),(18,4,'Tutamen rerum adeo cohaero triumphus civis adeptio deorsum.','Darion.Schowalter68@yahoo.com',17),(18,5,'Cervus audentia accommodo vivo conscendo cohors adhuc.','Antwan_Gutkowski83@gmail.com',10),(19,1,'Urbs aequitas cernuus.','Ottis_Heller@gmail.com',11),(19,2,'Universe spero vinco denego voluptatem cursim arma caste.','Mallie52@gmail.com',7),(19,3,'Deduco centum bibo vorax attonbitus.','Orlo.Dietrich11@yahoo.com',10),(20,1,'Tergiversatio quaerat alioqui volaticus reprehenderit in una.','Elliot53@yahoo.com',15),(21,1,'Cupressus adstringo delectus theologus crux.','Elliot53@yahoo.com',16),(21,2,'Natus dapifer angelus carcer facere.','Mitchell.Stoltenberg-Spencer10@hotmail.com',12),(21,3,'Nemo deprimo terror vobis vestigium caelum cenaculum volaticus.','Maudie21@yahoo.com',8),(21,4,'Conservo earum templum placeat agnosco atavus molestias.','Mitchell.Stoltenberg-Spencer10@hotmail.com',13),(21,5,'Virga caritas attero defetiscor vere cupiditas aequitas una clarus curia.','Jaden.VonRueden@hotmail.com',16),(21,6,'Adfero non alo aro sulum defetiscor.','Juvenal58@yahoo.com',13),(22,1,'Somnus solum aestas acsi.','Mallie52@gmail.com',5),(22,2,'Approbo corpus color sortitus thalassinus armarium.','Orlo.Dietrich11@yahoo.com',8),(22,3,'Pariatur hic contabesco anser vitium sopor textus defetiscor tego arto.','Reid_Fahey23@hotmail.com',20),(22,4,'Vapulus victus cognomen collum.','Kiarra.Monahan@yahoo.com',3),(22,5,'Tenetur vito pauci summopere vomica cornu thesaurus tenus vinitor.','Adrienne.Marvin@gmail.com',13),(22,6,'Coadunatio solio derideo thermae tenax vita dens.','Leola.Durgan36@yahoo.com',6),(23,1,'Amplus volo ago deorsum enim solitudo deficio cupiditas.','Xavier.Feest38@hotmail.com',13),(23,2,'Amita deripio toties vorax thema exercitationem dolore soleo.','Leola.Durgan36@yahoo.com',5),(23,3,'Tego vero nemo.','Kiarra.Monahan@yahoo.com',1),(23,4,'Cenaculum tolero casus.','Mitchell.Stoltenberg-Spencer10@hotmail.com',5),(23,5,'Ancilla deludo vehemens vitiosus talis trepide.','Ottis_Heller@gmail.com',7),(23,6,'Super ad tergiversatio thymbra decet argumentum.','Elliot53@yahoo.com',9),(24,1,'Ratione sol valens artificiose.','Maudie21@yahoo.com',4),(24,2,'Vigilo tametsi abbas cado molestias conscendo vereor nam.','Haleigh97@yahoo.com',8),(24,3,'Cariosus commemoro crastinus patria cursus.','Carter.McDermott23@hotmail.com',4),(24,4,'Decerno eaque deprecator.','Xavier.Feest38@hotmail.com',15),(24,5,'Ascit commemoro pectus video crepusculum.','Leola.Durgan36@yahoo.com',7),(25,1,'Auxilium clementia tamisium tener campana.','Kiarra.Monahan@yahoo.com',4),(25,2,'Strenuus aurum temperantia aetas arto.','Orlo.Dietrich11@yahoo.com',11),(25,3,'Adeptio tametsi supellex thesis desino bonus atrox nisi barba aeternus.','Rosetta75@hotmail.com',3),(25,4,'Cruciamentum stultus arcus cetera ater surgo.','Jaden.VonRueden@hotmail.com',14),(25,5,'Ascit ademptio sol tot thorax aequitas viridis.','Jaden.VonRueden@hotmail.com',14),(25,6,'Conicio coaegresco crebro necessitatibus celer angustus voluptatem.','Rosetta75@hotmail.com',3),(26,1,'Tamdiu cupressus culpa truculenter similique vaco denego.','Reid_Fahey23@hotmail.com',12),(26,2,'Cilicium copia ulterius civis absque thema conturbo tametsi aegrus.','Darion.Schowalter68@yahoo.com',10),(26,3,'Demoror cinis rem magni armarium expedita quibusdam.','Lawrence12@yahoo.com',4),(26,4,'Apostolus thema volubilis.','Jaden.VonRueden@hotmail.com',12),(26,5,'Thalassinus altus odit accusator ago velit.','Arturo62@yahoo.com',1),(26,6,'Terebro ea dolorem.','Mitchell.Stoltenberg-Spencer10@hotmail.com',8),(27,1,'Sufficio deleniti totidem suffragium suppono.','Juvenal58@yahoo.com',13),(27,2,'Beatae torrens spiculum absque tabula.','Leola.Durgan36@yahoo.com',10),(27,3,'Caute non adfectus bos deprimo vindico aeneus nesciunt anser.','Juvenal58@yahoo.com',13),(28,1,'Caste solio creptio modi volutabrum porro explicabo.','Gloria22@hotmail.com',1),(28,2,'Cribro confugo comburo.','Haleigh97@yahoo.com',7),(28,3,'Beatus ante torqueo deputo vergo.','Antwan_Gutkowski83@gmail.com',12),(28,4,'Complectus alveus spargo aegre claudeo dolore.','Antwan_Gutkowski83@gmail.com',13),(28,5,'Vulticulus repellat corrigo caelum asperiores vaco verto bis doloremque.','Orlo.Dietrich11@yahoo.com',11),(29,1,'Conor avarus avarus torrens vel dedico.','Reid_Fahey23@hotmail.com',21),(29,2,'Utroque curiositas undique claro patruus ascisco crudelis stipes.','Nina.Cronin71@gmail.com',11),(29,3,'Cicuta corroboro suadeo succurro vorago contego temperantia conscendo.','Jaden.VonRueden@hotmail.com',13),(30,1,'Cernuus vulnero solio tabula anser.','Ottis_Heller@gmail.com',15),(30,2,'Dignissimos assentator bis articulus caveo.','Carter.McDermott23@hotmail.com',21),(30,3,'Deleo earum usitas comptus claro templum thema adficio vulpes curis.','Geo.Zieme@gmail.com',13),(30,4,'Consuasor creator venio.','Agustin66@hotmail.com',11),(30,5,'Curis antiquus deficio venia vomer conspergo ulciscor taceo voluntarius adopto.','Reid_Fahey23@hotmail.com',22),(30,6,'Spes sumo aptus deficio sodalitas cado vitae cibo concido.','Johnathon53@hotmail.com',20),(31,1,'Delectus colligo timor amet adfero considero tracto.','Carter.McDermott23@hotmail.com',20),(32,1,'Aveho defendo deputo vulgivagus vulgivagus verumtamen.','Nina.Cronin71@gmail.com',10),(33,1,'Artificiose adflicto bellicus sumptus.','Antwan_Gutkowski83@gmail.com',13),(33,2,'Cetera defaeco denuo volaticus thalassinus tametsi baiulus synagoga studio.','Justina39@gmail.com',4),(33,3,'Comburo denique asperiores demonstro cupiditas.','Maudie21@yahoo.com',6),(33,4,'Ea aliquam certus quos ars sordeo dolores quisquam.','Adrienne.Marvin@gmail.com',13),(33,5,'Sapiente doloremque vomito campana suspendo acidus admiratio quae aiunt socius.','Arturo62@yahoo.com',5),(34,1,'Curvo decretum vito aestivus trado tredecim sint paulatim tollo.','Agustin66@hotmail.com',9),(34,2,'Via aiunt tactus verbum tergeo adulatio tremo fugit aestas verbera.','Aracely_Quigley@hotmail.com',1),(35,1,'Carcer consectetur quo demoror.','Darion.Schowalter68@yahoo.com',18),(35,2,'Est supellex demum atavus defessus ciminatio.','Gloria22@hotmail.com',1),(35,3,'Celer terminatio una agnosco turbo volaticus.','Geo.Zieme@gmail.com',12),(35,4,'Pauper cupiditas viridis.','Mallie52@gmail.com',7),(36,1,'Sponte cubicularis aedificium conqueror voveo demum abstergo coaegresco ara tunc.','Antwan_Gutkowski83@gmail.com',13),(36,2,'Varius avarus accusator theologus.','Geo.Zieme@gmail.com',12),(36,3,'Adiuvo ulterius vulariter demitto coepi volutabrum certe campana sto.','Alycia_Bosco10@hotmail.com',11),(36,4,'Vitae annus sodalitas aqua thesaurus coma.','Alycia_Bosco10@hotmail.com',12),(36,5,'Ars audacia celer dens.','Haleigh97@yahoo.com',12),(36,6,'Sperno audax thalassinus deserunt cunae depopulo vomito crebro chirographum.','Haleigh97@yahoo.com',8),(37,1,'Natus debilito tollo volva aeternus ipsa vix eius unde.','Geo.Zieme@gmail.com',14),(37,2,'Depono consectetur bardus abstergo animadverto volup.','Maudie21@yahoo.com',3),(38,1,'Tergiversatio vehemens corporis vinco temperantia curiositas terra provident asper.','Haleigh97@yahoo.com',12),(38,2,'Demum thymbra accusantium speciosus annus succurro summopere sperno ter.','Ottis_Heller@gmail.com',15),(39,1,'Strues vesica decens desparatus.','Reid_Fahey23@hotmail.com',20),(39,2,'Talio verumtamen aurum conitor animus advoco tonsor.','Carter.McDermott23@hotmail.com',14),(39,3,'Bos impedit vicinus alienus enim amplus.','Antwan_Gutkowski83@gmail.com',5),(39,4,'Aduro desino vinculum repellendus cubicularis sed delibero angulus coniecto.','Arturo62@yahoo.com',1),(39,5,'Corrupti corporis aptus.','Leola.Durgan36@yahoo.com',4),(40,1,'Antiquus verto tonsor acsi comprehendo.','Darion.Schowalter68@yahoo.com',15),(40,2,'Venio supplanto aeneus sed cicuta deduco sui iste videlicet.','Opal.King@gmail.com',1),(40,3,'Vociferor considero caterva color.','Geo.Zieme@gmail.com',11),(40,4,'Victoria condico umbra decimus vester.','Carter.McDermott23@hotmail.com',18);
/*!40000 ALTER TABLE `Lyrics` ENABLE KEYS */;
UNLOCK TABLES;

--
-- Table structure for table `Memasarkan`
--

DROP TABLE IF EXISTS `Memasarkan`;
/*!40101 SET @saved_cs_client     = @@character_set_client */;
/*!40101 SET character_set_client = utf8 */;
CREATE TABLE `Memasarkan` (
  `idProdukKomersial` int(10) unsigned NOT NULL,
  `idSong` int(10) unsigned NOT NULL,
  PRIMARY KEY (`idProdukKomersial`,`idSong`),
  KEY `idSong` (`idSong`),
  CONSTRAINT `Memasarkan_ibfk_1` FOREIGN KEY (`idProdukKomersial`) REFERENCES `ProdukKomersial` (`idProdukKomersial`),
  CONSTRAINT `Memasarkan_ibfk_2` FOREIGN KEY (`idSong`) REFERENCES `Song` (`idSong`)
) ENGINE=InnoDB DEFAULT CHARSET=utf8mb4 COLLATE=utf8mb4_general_ci;
/*!40101 SET character_set_client = @saved_cs_client */;

--
-- Dumping data for table `Memasarkan`
--

LOCK TABLES `Memasarkan` WRITE;
/*!40000 ALTER TABLE `Memasarkan` DISABLE KEYS */;
INSERT INTO `Memasarkan` VALUES (1,6),(1,34),(1,68),(1,86),(1,96),(1,103),(1,128),(1,168),(2,21),(2,83),(2,89),(2,94),(2,100),(2,158),(2,173),(2,184),(2,192),(3,1),(3,47),(3,59),(3,137),(3,146),(4,147),(5,187),(6,34),(6,64),(6,86),(6,96),(6,103),(6,128),(6,168),(6,172),(6,177),(7,14),(7,24),(7,30),(7,51),(7,52),(7,57),(7,67),(7,95),(7,107),(7,109),(7,113),(7,121),(7,144),(7,148),(7,153),(7,157),(7,181),(8,90),(9,31),(9,132),(10,118),(10,179),(11,24),(11,30),(11,51),(11,52),(11,67),(11,95),(11,107),(11,109),(11,113),(11,121),(11,144),(11,148),(11,153),(11,157),(11,181),(12,1),(12,47),(12,59),(12,108),(12,137),(12,146),(12,167),(12,195),(13,8),(13,12),(13,15),(13,18),(13,42),(13,44),(13,60),(13,119),(13,126),(13,131),(13,139),(13,142),(13,160),(13,169),(13,176),(13,196),(14,23),(14,79),(14,186),(15,63),(15,134),(15,190),(16,33),(16,61),(16,78),(17,19),(17,39),(17,75),(17,93),(17,99),(17,111),(17,130),(17,147),(17,191),(18,19),(18,39),(18,75),(18,99),(18,111),(18,130),(18,191),(19,87),(19,98),(19,154),(19,178),(20,5),(20,25),(20,45),(20,85),(20,91),(20,105),(20,152),(20,161),(20,170),(21,115),(21,116),(22,40),(22,124),(22,138),(22,143),(22,194),(23,7),(23,76),(23,88),(24,98),(24,150),(24,154),(24,155),(24,171),(25,30),(25,51),(25,121),(25,148),(26,31),(26,50),(26,117),(26,118),(26,165),(26,179),(26,182),(27,26),(27,54),(27,72),(27,135),(27,145),(28,1),(28,47),(28,108),(28,146),(28,195),(29,10),(29,28),(30,24),(30,51),(30,52),(30,57),(30,95),(31,6),(31,34),(31,68),(31,86),(31,96),(31,103),(31,128),(31,168),(31,172),(31,177),(32,13),(32,33),(32,78),(32,106),(32,123),(32,133),(32,180),(33,4),(33,32),(33,56),(33,62),(33,74),(33,197),(33,199),(34,19),(34,75),(34,93),(34,99),(34,111),(34,130),(34,147),(35,48),(35,82),(36,5),(36,25),(36,45),(36,91),(36,105),(36,152),(36,161),(36,170),(37,5),(37,25),(37,45),(37,91),(37,152),(37,170),(38,14),(38,24),(38,30),(38,51),(38,52),(38,121),(38,144),(38,153),(38,181),(39,85),(39,161),(40,198),(41,101),(42,63),(42,66),(42,134),(42,188),(42,190),(43,108),(44,8),(44,12),(44,15),(44,18),(44,42),(44,44),(44,60),(44,119),(44,126),(44,131),(44,139),(44,142),(44,160),(44,169),(44,176),(44,196),(45,34),(45,64),(45,68),(45,86),(45,96),(45,168),(45,172),(45,177),(46,6),(47,129),(47,163),(47,198),(48,81),(49,16),(49,22),(49,27),(49,90),(50,83),(50,158),(50,173),(50,192),(51,20),(51,23),(51,97),(52,43),(52,92),(52,149),(52,159),(53,16),(53,22),(53,27),(53,90),(54,88),(55,11),(55,20),(55,23),(55,37),(55,97),(55,186),(56,129),(56,198),(57,1),(57,137),(57,146),(57,167),(57,195),(58,124),(58,138),(59,6),(59,34),(59,64),(59,68),(59,86),(59,96),(59,103),(59,128),(59,168),(59,172),(59,177),(60,55),(60,70),(60,82),(60,84),(60,122),(60,189);
/*!40000 ALTER TABLE `Memasarkan` ENABLE KEYS */;
UNLOCK TABLES;

--
-- Table structure for table `Menghost`
--

DROP TABLE IF EXISTS `Menghost`;
/*!40101 SET @saved_cs_client     = @@character_set_client */;
/*!40101 SET character_set_client = utf8 */;
CREATE TABLE `Menghost` (
  `emailHoster` varchar(255) NOT NULL,
  `idSubscriptionHoster` int(10) unsigned NOT NULL,
  `idExtraVideo` int(10) unsigned NOT NULL,
  PRIMARY KEY (`emailHoster`,`idSubscriptionHoster`,`idExtraVideo`),
  KEY `idExtraVideo` (`idExtraVideo`),
  CONSTRAINT `Menghost_ibfk_1` FOREIGN KEY (`emailHoster`, `idSubscriptionHoster`) REFERENCES `AppleMusicUser` (`email`, `idSubscription`),
  CONSTRAINT `Menghost_ibfk_2` FOREIGN KEY (`idExtraVideo`) REFERENCES `ExtraVideo` (`idExtraVideo`)
) ENGINE=InnoDB DEFAULT CHARSET=utf8mb4 COLLATE=utf8mb4_general_ci;
/*!40101 SET character_set_client = @saved_cs_client */;

--
-- Dumping data for table `Menghost`
--

LOCK TABLES `Menghost` WRITE;
/*!40000 ALTER TABLE `Menghost` DISABLE KEYS */;
INSERT INTO `Menghost` VALUES ('Abby_Bruen15@gmail.com',4,67),('Adrienne.Marvin@gmail.com',1,127),('Adrienne.Marvin@gmail.com',1,166),('Adrienne.Marvin@gmail.com',3,111),('Adrienne.Marvin@gmail.com',5,134),('Adrienne.Marvin@gmail.com',7,146),('Adrienne.Marvin@gmail.com',8,86),('Adrienne.Marvin@gmail.com',8,180),('Adrienne.Marvin@gmail.com',12,133),('Agustin66@hotmail.com',3,12),('Agustin66@hotmail.com',3,30),('Agustin66@hotmail.com',4,8),('Agustin66@hotmail.com',4,102),('Agustin66@hotmail.com',4,112),('Agustin66@hotmail.com',9,97),('Agustin66@hotmail.com',11,117),('Alycia_Bosco10@hotmail.com',1,132),('Alycia_Bosco10@hotmail.com',1,189),('Alycia_Bosco10@hotmail.com',2,197),('Alycia_Bosco10@hotmail.com',3,78),('Alycia_Bosco10@hotmail.com',3,150),('Alycia_Bosco10@hotmail.com',5,87),('Alycia_Bosco10@hotmail.com',5,148),('Alycia_Bosco10@hotmail.com',8,161),('Alycia_Bosco10@hotmail.com',10,149),('Alycia_Bosco10@hotmail.com',11,15),('Alycia_Bosco10@hotmail.com',11,28),('Antwan_Gutkowski83@gmail.com',4,53),('Antwan_Gutkowski83@gmail.com',7,14),('Antwan_Gutkowski83@gmail.com',10,62),('Antwan_Gutkowski83@gmail.com',10,190),('Antwan_Gutkowski83@gmail.com',12,61),('Antwan_Gutkowski83@gmail.com',13,10),('Aracely_Quigley@hotmail.com',1,122),('Arturo62@yahoo.com',2,88),('Arturo62@yahoo.com',3,169),('Arturo62@yahoo.com',4,4),('Arturo62@yahoo.com',4,154),('Carter.McDermott23@hotmail.com',2,81),('Carter.McDermott23@hotmail.com',6,29),('Carter.McDermott23@hotmail.com',7,33),('Carter.McDermott23@hotmail.com',7,170),('Carter.McDermott23@hotmail.com',12,77),('Carter.McDermott23@hotmail.com',18,45),('Carter.McDermott23@hotmail.com',20,80),('Darion.Schowalter68@yahoo.com',1,163),('Darion.Schowalter68@yahoo.com',4,96),('Darion.Schowalter68@yahoo.com',6,47),('Darion.Schowalter68@yahoo.com',8,109),('Darion.Schowalter68@yahoo.com',11,52),('Darion.Schowalter68@yahoo.com',14,57),('Darion.Schowalter68@yahoo.com',14,187),('Darion.Schowalter68@yahoo.com',15,44),('Darion.Schowalter68@yahoo.com',19,179),('Elliot53@yahoo.com',1,6),('Elliot53@yahoo.com',3,40),('Elliot53@yahoo.com',3,168),('Elliot53@yahoo.com',4,85),('Elliot53@yahoo.com',5,104),('Elliot53@yahoo.com',8,191),('Elliot53@yahoo.com',9,54),('Elliot53@yahoo.com',9,194),('Elliot53@yahoo.com',11,121),('Elliot53@yahoo.com',12,50),('Elliot53@yahoo.com',14,120),('Elliot53@yahoo.com',14,188),('Elliot53@yahoo.com',15,58),('Geo.Zieme@gmail.com',4,174),('Geo.Zieme@gmail.com',5,16),('Geo.Zieme@gmail.com',5,193),('Geo.Zieme@gmail.com',10,126),('Geo.Zieme@gmail.com',10,160),('Gloria22@hotmail.com',1,11),('Gloria22@hotmail.com',2,59),('Gloria22@hotmail.com',2,99),('Haleigh97@yahoo.com',1,31),('Haleigh97@yahoo.com',2,3),('Haleigh97@yahoo.com',3,42),('Haleigh97@yahoo.com',4,186),('Haleigh97@yahoo.com',8,103),('Haleigh97@yahoo.com',12,79),('Jaden.VonRueden@hotmail.com',2,176),('Jaden.VonRueden@hotmail.com',3,110),('Jaden.VonRueden@hotmail.com',5,147),('Jaden.VonRueden@hotmail.com',5,157),('Jaden.VonRueden@hotmail.com',10,108),('Jaden.VonRueden@hotmail.com',11,159),('Jaden.VonRueden@hotmail.com',13,164),('Johnathon53@hotmail.com',5,181),('Johnathon53@hotmail.com',6,66),('Johnathon53@hotmail.com',7,153),('Johnathon53@hotmail.com',13,49),('Johnathon53@hotmail.com',14,1),('Johnathon53@hotmail.com',14,125),('Johnathon53@hotmail.com',14,140),('Johnathon53@hotmail.com',14,162),('Johnathon53@hotmail.com',15,165),('Johnathon53@hotmail.com',17,22),('Johnathon53@hotmail.com',19,90),('Justina39@gmail.com',2,82),('Justina39@gmail.com',2,130),('Justina39@gmail.com',4,142),('Justina39@gmail.com',5,24),('Juvenal58@yahoo.com',2,35),('Juvenal58@yahoo.com',3,18),('Juvenal58@yahoo.com',6,129),('Juvenal58@yahoo.com',8,100),('Juvenal58@yahoo.com',12,124),('Kiarra.Monahan@yahoo.com',2,167),('Lawrence12@yahoo.com',4,23),('Lawrence12@yahoo.com',6,41),('Lawrence12@yahoo.com',6,74),('Lawrence12@yahoo.com',7,91),('Lawrence12@yahoo.com',8,185),('Lawrence12@yahoo.com',9,38),('Lawrence12@yahoo.com',9,131),('Lawrence12@yahoo.com',11,27),('Lawrence12@yahoo.com',11,65),('Lawrence12@yahoo.com',14,158),('Lawrence12@yahoo.com',18,200),('Lawrence12@yahoo.com',22,34),('Leola.Durgan36@yahoo.com',4,138),('Leola.Durgan36@yahoo.com',6,151),('Leola.Durgan36@yahoo.com',6,178),('Leola.Durgan36@yahoo.com',7,13),('Leola.Durgan36@yahoo.com',7,128),('Mallie52@gmail.com',1,94),('Mallie52@gmail.com',2,46),('Mallie52@gmail.com',2,172),('Mallie52@gmail.com',3,182),('Mallie52@gmail.com',4,89),('Mallie52@gmail.com',5,184),('Mallie52@gmail.com',6,48),('Maudie21@yahoo.com',1,73),('Maudie21@yahoo.com',2,84),('Maudie21@yahoo.com',3,19),('Maudie21@yahoo.com',3,141),('Maudie21@yahoo.com',3,199),('Maudie21@yahoo.com',4,198),('Maudie21@yahoo.com',6,26),('Maudie21@yahoo.com',7,55),('Maudie21@yahoo.com',7,64),('Maudie21@yahoo.com',7,118),('Mitchell.Stoltenberg-Spencer10@hotmail.com',2,105),('Mitchell.Stoltenberg-Spencer10@hotmail.com',2,113),('Mitchell.Stoltenberg-Spencer10@hotmail.com',2,143),('Mitchell.Stoltenberg-Spencer10@hotmail.com',4,171),('Mitchell.Stoltenberg-Spencer10@hotmail.com',5,75),('Mitchell.Stoltenberg-Spencer10@hotmail.com',12,70),('Mitchell.Stoltenberg-Spencer10@hotmail.com',13,25),('Mitchell.Stoltenberg-Spencer10@hotmail.com',13,107),('Mitchell.Stoltenberg-Spencer10@hotmail.com',13,192),('Nina.Cronin71@gmail.com',2,21),('Nina.Cronin71@gmail.com',6,101),('Nina.Cronin71@gmail.com',6,136),('Nina.Cronin71@gmail.com',8,7),('Nina.Cronin71@gmail.com',10,116),('Opal.King@gmail.com',1,177),('Opal.King@gmail.com',1,183),('Orlo.Dietrich11@yahoo.com',1,20),('Orlo.Dietrich11@yahoo.com',2,36),('Orlo.Dietrich11@yahoo.com',5,83),('Orlo.Dietrich11@yahoo.com',6,156),('Orlo.Dietrich11@yahoo.com',8,114),('Orlo.Dietrich11@yahoo.com',11,95),('Ottis_Heller@gmail.com',2,76),('Ottis_Heller@gmail.com',7,51),('Ottis_Heller@gmail.com',7,196),('Ottis_Heller@gmail.com',8,60),('Ottis_Heller@gmail.com',9,5),('Ottis_Heller@gmail.com',15,43),('Ottis_Heller@gmail.com',15,72),('Reid_Fahey23@hotmail.com',1,17),('Reid_Fahey23@hotmail.com',3,115),('Reid_Fahey23@hotmail.com',4,56),('Reid_Fahey23@hotmail.com',5,92),('Reid_Fahey23@hotmail.com',7,175),('Reid_Fahey23@hotmail.com',8,39),('Reid_Fahey23@hotmail.com',10,68),('Reid_Fahey23@hotmail.com',12,63),('Reid_Fahey23@hotmail.com',13,137),('Reid_Fahey23@hotmail.com',15,37),('Reid_Fahey23@hotmail.com',18,155),('Reid_Fahey23@hotmail.com',18,173),('Reid_Fahey23@hotmail.com',20,106),('Reid_Fahey23@hotmail.com',23,32),('Reid_Fahey23@hotmail.com',24,2),('Reid_Fahey23@hotmail.com',24,93),('Reid_Fahey23@hotmail.com',24,145),('Rosetta75@hotmail.com',4,119),('Xavier.Feest38@hotmail.com',1,71),('Xavier.Feest38@hotmail.com',1,195),('Xavier.Feest38@hotmail.com',3,144),('Xavier.Feest38@hotmail.com',4,152),('Xavier.Feest38@hotmail.com',5,139),('Xavier.Feest38@hotmail.com',6,98),('Xavier.Feest38@hotmail.com',10,9),('Xavier.Feest38@hotmail.com',10,123),('Xavier.Feest38@hotmail.com',14,69),('Xavier.Feest38@hotmail.com',14,135);
/*!40000 ALTER TABLE `Menghost` ENABLE KEYS */;
UNLOCK TABLES;

--
-- Table structure for table `MusicVideo`
--

DROP TABLE IF EXISTS `MusicVideo`;
/*!40101 SET @saved_cs_client     = @@character_set_client */;
/*!40101 SET character_set_client = utf8 */;
CREATE TABLE `MusicVideo` (
  `idMusicVideo` int(10) unsigned NOT NULL,
  `idLabel` int(10) unsigned NOT NULL,
  `emailArtist` varchar(255) NOT NULL,
  `idSubscriptionArtist` int(10) unsigned NOT NULL,
  `idSong` int(10) unsigned NOT NULL,
  `judul` varchar(255) NOT NULL,
  `durasi` int(10) unsigned NOT NULL,
  `tanggalRilis` date NOT NULL DEFAULT curdate(),
  PRIMARY KEY (`idMusicVideo`),
  KEY `idLabel` (`idLabel`),
  KEY `emailArtist` (`emailArtist`,`idSubscriptionArtist`),
  KEY `idSong` (`idSong`),
  CONSTRAINT `MusicVideo_ibfk_1` FOREIGN KEY (`idLabel`) REFERENCES `Label` (`idLabel`),
  CONSTRAINT `MusicVideo_ibfk_2` FOREIGN KEY (`emailArtist`, `idSubscriptionArtist`) REFERENCES `AppleMusicUser` (`email`, `idSubscription`),
  CONSTRAINT `MusicVideo_ibfk_3` FOREIGN KEY (`idSong`) REFERENCES `Song` (`idSong`) ON UPDATE CASCADE ON DELETE CASCADE,
  CHECK (durasi > 0)

) ENGINE=InnoDB DEFAULT CHARSET=utf8mb4 COLLATE=utf8mb4_general_ci;
/*!40101 SET character_set_client = @saved_cs_client */;

--
-- Dumping data for table `MusicVideo`
--

LOCK TABLES `MusicVideo` WRITE;
/*!40000 ALTER TABLE `MusicVideo` DISABLE KEYS */;
INSERT INTO `MusicVideo` VALUES (1,25,'Juvenal58@yahoo.com',8,1,'Paperback Writer (Extra Video 1)',260,'2023-11-03'),(2,25,'Juvenal58@yahoo.com',8,1,'You Light Up My Life (Extra Video 2)',80,'2023-11-03'),(3,1,'Orlo.Dietrich11@yahoo.com',4,2,'One O\'Clock Jump (Extra Video 1)',539,'2023-08-10'),(4,1,'Orlo.Dietrich11@yahoo.com',4,2,'Some Enchanted Evening (Extra Video 2)',340,'2023-08-10'),(5,6,'Darion.Schowalter68@yahoo.com',13,3,'Secret Love (Extra Video 1)',418,'2023-12-08'),(6,6,'Darion.Schowalter68@yahoo.com',13,3,'Que sera sera (Whatever will be will be) (Extra Video 2)',80,'2023-12-08'),(7,2,'Antwan_Gutkowski83@gmail.com',8,4,'9 to 5 (Extra Video 1)',303,'2023-12-06'),(8,2,'Antwan_Gutkowski83@gmail.com',8,4,'You\'re So Vain (Extra Video 2)',478,'2023-12-06'),(9,2,'Antwan_Gutkowski83@gmail.com',8,4,'Sir Duke (Extra Video 3)',438,'2023-12-06'),(10,13,'Mitchell.Stoltenberg-Spencer10@hotmail.com',7,5,'White Christmas (Extra Video 1)',452,'2023-11-04'),(11,13,'Mitchell.Stoltenberg-Spencer10@hotmail.com',7,5,'Rich Girl (Extra Video 2)',566,'2023-11-04'),(12,13,'Mitchell.Stoltenberg-Spencer10@hotmail.com',7,5,'If You Leave Me Now (Extra Video 3)',376,'2023-11-04'),(13,4,'Xavier.Feest38@hotmail.com',13,6,'I\'ll Make Love to You (Extra Video 1)',109,'2023-10-31'),(14,4,'Xavier.Feest38@hotmail.com',13,6,'Stardust (Extra Video 2)',225,'2023-10-31'),(15,4,'Xavier.Feest38@hotmail.com',13,6,'We Got The Beat (Extra Video 3)',179,'2023-10-31'),(16,16,'Arturo62@yahoo.com',4,7,'Rum & Coca-Cola (Extra Video 1)',153,'2024-04-06'),(17,16,'Arturo62@yahoo.com',4,7,'Stormy Weather (Keeps Rainin\' All the Time) (Extra Video 2)',483,'2024-04-06'),(18,15,'Carter.McDermott23@hotmail.com',8,8,'Nothing\'s Gonna Stop Us Now (Extra Video 1)',494,'2023-03-07'),(19,15,'Carter.McDermott23@hotmail.com',8,8,'Heart of Gold (Extra Video 2)',225,'2023-03-07'),(20,15,'Carter.McDermott23@hotmail.com',8,8,'You Always Hurt the One You Love (Extra Video 3)',159,'2023-03-07'),(21,19,'Opal.King@gmail.com',1,9,'Firework (Extra Video 1)',65,'2024-01-23'),(22,19,'Opal.King@gmail.com',1,9,'The Sign (Extra Video 2)',141,'2024-01-23'),(23,10,'Mallie52@gmail.com',6,10,'Keep On Loving You (Extra Video 1)',340,'2024-04-04'),(24,10,'Mallie52@gmail.com',6,10,'Hang On Sloopy (Extra Video 2)',483,'2024-04-04'),(25,10,'Mallie52@gmail.com',6,10,'How High the Moon (Extra Video 3)',483,'2024-04-04'),(26,23,'Orlo.Dietrich11@yahoo.com',11,11,'Shadow Dancing (Extra Video 1)',134,'2024-02-25'),(27,23,'Orlo.Dietrich11@yahoo.com',11,11,'We Will Rock You (Extra Video 2)',247,'2024-02-25'),(28,23,'Orlo.Dietrich11@yahoo.com',11,11,'Here Without You (Extra Video 3)',551,'2024-02-25'),(29,6,'Carter.McDermott23@hotmail.com',12,12,'Frankenstein (Extra Video 1)',496,'2023-06-22'),(30,6,'Carter.McDermott23@hotmail.com',12,12,'St George & the Dragonette (Extra Video 2)',216,'2023-06-22'),(31,6,'Carter.McDermott23@hotmail.com',12,12,'Endless Love (Extra Video 3)',489,'2023-06-22'),(32,7,'Jaden.VonRueden@hotmail.com',3,13,'Bridge Over Troubled Water (Extra Video 1)',304,'2023-03-10'),(33,7,'Jaden.VonRueden@hotmail.com',3,13,'I Need You Now (Extra Video 2)',360,'2023-03-10'),(34,7,'Jaden.VonRueden@hotmail.com',3,13,'Walk Don\'t Run (Extra Video 3)',216,'2023-03-10'),(35,8,'Lawrence12@yahoo.com',7,14,'Chattanoogie Shoe-Shine Boy (Extra Video 1)',578,'2022-12-11'),(36,8,'Lawrence12@yahoo.com',7,14,'(I Can\'t Get No) Satisfaction (Extra Video 2)',291,'2022-12-11'),(37,8,'Lawrence12@yahoo.com',7,14,'1999 (Extra Video 3)',379,'2022-12-11'),(38,29,'Carter.McDermott23@hotmail.com',18,15,'Coming Up (Extra Video 1)',350,'2024-01-11'),(39,29,'Carter.McDermott23@hotmail.com',18,15,'Whatcha Say (Extra Video 2)',497,'2024-01-11'),(40,9,'Alycia_Bosco10@hotmail.com',11,16,'Hello (Extra Video 1)',243,'2023-12-02'),(41,9,'Alycia_Bosco10@hotmail.com',11,16,'I\'m Looking Over a Four Leaf Clover (Extra Video 2)',356,'2023-12-02'),(42,5,'Elliot53@yahoo.com',3,17,'American Pie (Extra Video 1)',312,'2023-03-01'),(43,5,'Elliot53@yahoo.com',3,17,'Chattanoogie Shoe-Shine Boy (Extra Video 2)',173,'2023-03-01'),(44,25,'Carter.McDermott23@hotmail.com',16,18,'Against All Odds (Take a Look At Me Now) (Extra Video 1)',217,'2023-10-31'),(45,25,'Carter.McDermott23@hotmail.com',16,18,'Pony Time (Extra Video 2)',485,'2023-10-31'),(46,24,'Geo.Zieme@gmail.com',8,19,'Over There (Extra Video 1)',600,'2023-12-07'),(47,24,'Geo.Zieme@gmail.com',8,19,'Summertime Blues (Extra Video 2)',154,'2023-12-07'),(48,27,'Orlo.Dietrich11@yahoo.com',8,20,'Rhapsody in Blue (Extra Video 1)',136,'2023-11-27'),(49,27,'Orlo.Dietrich11@yahoo.com',8,20,'Get Off of My Cloud (Extra Video 2)',197,'2023-11-27'),(50,3,'Reid_Fahey23@hotmail.com',24,21,'At Last (Extra Video 1)',387,'2024-03-12'),(51,3,'Reid_Fahey23@hotmail.com',24,21,'If You Don\'t Know Me By Now (Extra Video 2)',86,'2024-03-12'),(52,26,'Alycia_Bosco10@hotmail.com',9,22,'West End Blues (Extra Video 1)',395,'2023-10-05'),(53,26,'Alycia_Bosco10@hotmail.com',9,22,'I\'m So Lonesome I Could Cry (Extra Video 2)',243,'2023-10-05'),(54,26,'Alycia_Bosco10@hotmail.com',9,22,'Purple Rain (Extra Video 3)',193,'2023-10-05'),(55,24,'Orlo.Dietrich11@yahoo.com',1,23,'I Wanna Dance With Somebody (Who Loves Me) (Extra Video 1)',394,'2023-04-25'),(56,24,'Orlo.Dietrich11@yahoo.com',1,23,'My Man (Extra Video 2)',506,'2023-04-25'),(57,24,'Orlo.Dietrich11@yahoo.com',1,23,'Rich Girl (Extra Video 3)',346,'2023-04-25'),(58,30,'Lawrence12@yahoo.com',4,24,'Streets of Philadelphia (Extra Video 1)',593,'2022-09-05'),(59,30,'Lawrence12@yahoo.com',4,24,'Wishing Well (Extra Video 2)',559,'2022-09-05'),(60,30,'Lawrence12@yahoo.com',4,24,'Tik-Toc (Extra Video 3)',311,'2022-09-05'),(61,28,'Mitchell.Stoltenberg-Spencer10@hotmail.com',9,25,'Private Eyes (Extra Video 1)',369,'2024-01-01'),(62,28,'Mitchell.Stoltenberg-Spencer10@hotmail.com',9,25,'Foolish Games (Extra Video 2)',353,'2024-01-01'),(63,28,'Mitchell.Stoltenberg-Spencer10@hotmail.com',9,25,'After You\'ve Gone (Extra Video 3)',373,'2024-01-01'),(64,4,'Johnathon53@hotmail.com',1,26,'One Bad Apple (Extra Video 1)',156,'2022-07-04'),(65,4,'Johnathon53@hotmail.com',1,26,'Yesterday (Extra Video 2)',285,'2022-07-04'),(66,4,'Johnathon53@hotmail.com',1,26,'Save the Best For Last (Extra Video 3)',282,'2022-07-04'),(67,6,'Alycia_Bosco10@hotmail.com',13,27,'Let\'s Groove (Extra Video 1)',307,'2024-01-30'),(68,6,'Alycia_Bosco10@hotmail.com',13,27,'Wooly Bully (Extra Video 2)',481,'2024-01-30'),(69,6,'Alycia_Bosco10@hotmail.com',13,27,'Big Bad John (Extra Video 3)',463,'2024-01-30'),(70,28,'Mallie52@gmail.com',1,28,'This Diamond Ring (Extra Video 1)',562,'2023-10-25'),(71,28,'Mallie52@gmail.com',1,28,'Dreamlover (Extra Video 2)',365,'2023-10-25'),(72,3,'Ottis_Heller@gmail.com',7,29,'Lola (Extra Video 1)',373,'2023-09-01'),(73,3,'Ottis_Heller@gmail.com',7,29,'All Out of Love (Extra Video 2)',530,'2023-09-01'),(74,3,'Ottis_Heller@gmail.com',7,29,'We Are Young (Extra Video 3)',268,'2023-09-01'),(75,17,'Lawrence12@yahoo.com',19,30,'That Old Black Magic (Extra Video 1)',126,'2023-12-05'),(76,17,'Lawrence12@yahoo.com',19,30,'Duke of Earl (Extra Video 2)',445,'2023-12-05'),(77,17,'Lawrence12@yahoo.com',19,30,'You Can\'t Hurry Love (Extra Video 3)',129,'2023-12-05'),(78,24,'Adrienne.Marvin@gmail.com',11,31,'9 to 5 (Extra Video 1)',392,'2024-02-07'),(79,24,'Adrienne.Marvin@gmail.com',11,31,'Do That to Me One More Time (Extra Video 2)',573,'2024-02-07'),(80,30,'Antwan_Gutkowski83@gmail.com',1,32,'End of the Road (Extra Video 1)',62,'2023-05-01'),(81,30,'Antwan_Gutkowski83@gmail.com',1,32,'St Louis Blues (Extra Video 2)',486,'2023-05-01'),(82,12,'Jaden.VonRueden@hotmail.com',15,33,'Imagine (Extra Video 1)',211,'2024-03-05'),(83,12,'Jaden.VonRueden@hotmail.com',15,33,'I Write the Songs (Extra Video 2)',450,'2024-03-05'),(84,12,'Jaden.VonRueden@hotmail.com',15,33,'Chattanooga Choo Choo (Extra Video 3)',199,'2024-03-05'),(85,10,'Xavier.Feest38@hotmail.com',14,34,'Play That Funky Music (Extra Video 1)',469,'2023-11-27'),(86,10,'Xavier.Feest38@hotmail.com',14,34,'Kung Fu Fighting (Extra Video 2)',116,'2023-11-27'),(87,12,'Ottis_Heller@gmail.com',11,35,'Rehab (Extra Video 1)',325,'2024-01-10'),(88,12,'Ottis_Heller@gmail.com',11,35,'TSOP (The Sound of Philadelphia) (Extra Video 2)',140,'2024-01-10'),(89,22,'Elliot53@yahoo.com',10,36,'Why Don\'t You Believe Me? (Extra Video 1)',158,'2023-09-29'),(90,22,'Elliot53@yahoo.com',10,36,'Maniac (Extra Video 2)',475,'2023-09-29'),(91,22,'Elliot53@yahoo.com',10,36,'As Time Goes By (Extra Video 3)',170,'2023-09-29'),(92,29,'Orlo.Dietrich11@yahoo.com',8,37,'Escape (The Pina Colada Song) (Extra Video 1)',426,'2023-12-07'),(93,29,'Orlo.Dietrich11@yahoo.com',8,37,'She\'s a Lady (Extra Video 2)',192,'2023-12-07'),(94,29,'Orlo.Dietrich11@yahoo.com',8,37,'Roll With It (Extra Video 3)',406,'2023-12-07'),(95,26,'Abby_Bruen15@gmail.com',4,38,'Beauty & the Beast (Extra Video 1)',274,'2024-03-06'),(96,26,'Abby_Bruen15@gmail.com',4,38,'Hips don\'t lie (Extra Video 2)',159,'2024-03-06'),(97,4,'Geo.Zieme@gmail.com',2,39,'Irreplaceable (Extra Video 1)',520,'2023-06-07'),(98,4,'Geo.Zieme@gmail.com',2,39,'Smells Like Teen Spirit (Extra Video 2)',414,'2023-06-07'),(99,4,'Geo.Zieme@gmail.com',2,39,'All I Have to Do is Dream (Extra Video 3)',465,'2023-06-07'),(100,14,'Nina.Cronin71@gmail.com',9,40,'Summer in the City (Extra Video 1)',424,'2023-12-02'),(101,14,'Nina.Cronin71@gmail.com',9,40,'When a Man Loves a Woman (Extra Video 2)',550,'2023-12-02'),(102,14,'Nina.Cronin71@gmail.com',9,40,'I Can\'t Go For That (No Can Do) (Extra Video 3)',401,'2023-12-02'),(103,10,'Mallie52@gmail.com',6,41,'War (Extra Video 1)',511,'2024-04-08'),(104,10,'Mallie52@gmail.com',6,41,'Silly Love Songs (Extra Video 2)',245,'2024-04-08'),(105,4,'Carter.McDermott23@hotmail.com',7,42,'Funkytown (Extra Video 1)',391,'2023-01-26'),(106,4,'Carter.McDermott23@hotmail.com',7,42,'Reunited (Extra Video 2)',510,'2023-01-26'),(107,29,'Leola.Durgan36@yahoo.com',7,43,'Don\'t Leave Me This Way (Extra Video 1)',435,'2023-12-06'),(108,29,'Leola.Durgan36@yahoo.com',7,43,'Bad Romance (Extra Video 2)',206,'2023-12-06'),(109,29,'Leola.Durgan36@yahoo.com',7,43,'Bitter Sweet Symphony (Extra Video 3)',369,'2023-12-06'),(110,23,'Carter.McDermott23@hotmail.com',11,44,'Eye of the Tiger (Extra Video 1)',239,'2023-05-30'),(111,23,'Carter.McDermott23@hotmail.com',11,44,'Love\'s Theme (Extra Video 2)',65,'2023-05-30'),(112,23,'Carter.McDermott23@hotmail.com',11,44,'(You\'re My) Soul & Inspiration (Extra Video 3)',117,'2023-05-30'),(113,23,'Mitchell.Stoltenberg-Spencer10@hotmail.com',8,45,'He\'s So Fine (Extra Video 1)',505,'2023-12-06'),(114,23,'Mitchell.Stoltenberg-Spencer10@hotmail.com',8,45,'All My Lovin\' (You\'re Never Gonna Get It) (Extra Video 2)',416,'2023-12-06'),(115,3,'Abby_Bruen15@gmail.com',2,46,'A Whiter Shade of Pale (Extra Video 1)',100,'2024-01-01'),(116,3,'Abby_Bruen15@gmail.com',2,46,'Spinning Wheel (Extra Video 2)',414,'2024-01-01'),(117,12,'Juvenal58@yahoo.com',11,47,'Believe (Extra Video 1)',438,'2024-02-01'),(118,12,'Juvenal58@yahoo.com',11,47,'Flashdance. What a Feeling (Extra Video 2)',575,'2024-02-01'),(119,12,'Juvenal58@yahoo.com',11,47,'Don\'t Be Cruel (Extra Video 3)',396,'2024-02-01'),(120,23,'Darion.Schowalter68@yahoo.com',3,48,'Baby One More Time (Extra Video 1)',299,'2023-02-01'),(121,23,'Darion.Schowalter68@yahoo.com',3,48,'Eight Days a Week (Extra Video 2)',500,'2023-02-01'),(122,23,'Darion.Schowalter68@yahoo.com',3,48,'Two Hearts (Extra Video 3)',354,'2023-02-01'),(123,8,'Gloria22@hotmail.com',1,49,'Hot Child In The City (Extra Video 1)',502,'2024-02-08'),(124,8,'Gloria22@hotmail.com',1,49,'To Sir (Extra Video 2)',350,'2024-02-08'),(125,8,'Gloria22@hotmail.com',1,49,'Thriller (Extra Video 3)',66,'2024-02-08'),(126,18,'Adrienne.Marvin@gmail.com',5,50,'Ode To Billie Joe (Extra Video 1)',570,'2023-07-28'),(127,18,'Adrienne.Marvin@gmail.com',5,50,'I Got You (I Feel Good) (Extra Video 2)',587,'2023-07-28'),(128,4,'Lawrence12@yahoo.com',1,51,'Sleepy Lagoon (Extra Video 1)',149,'2022-06-06'),(129,4,'Lawrence12@yahoo.com',1,51,'Just the Way You Are (Extra Video 2)',104,'2022-06-06'),(130,16,'Lawrence12@yahoo.com',3,52,'Up Around the Bend (Extra Video 1)',248,'2022-08-07'),(131,16,'Lawrence12@yahoo.com',3,52,'When You Wish Upon a Star (Extra Video 2)',168,'2022-08-07'),(132,28,'Elliot53@yahoo.com',3,53,'Soldier Boy (Extra Video 1)',557,'2023-02-21'),(133,28,'Elliot53@yahoo.com',3,53,'Cars (Extra Video 2)',145,'2023-02-21'),(134,28,'Elliot53@yahoo.com',3,53,'I Believe I Can Fly (Extra Video 3)',140,'2023-02-21'),(135,24,'Johnathon53@hotmail.com',14,54,'Joy to the World (Extra Video 1)',198,'2023-08-07'),(136,24,'Johnathon53@hotmail.com',14,54,'Dancing in the Street (Extra Video 2)',193,'2023-08-07'),(137,6,'Darion.Schowalter68@yahoo.com',1,55,'Papa Was a Rolling Stone (Extra Video 1)',450,'2022-11-27'),(138,6,'Darion.Schowalter68@yahoo.com',1,55,'Because of You (Extra Video 2)',546,'2022-11-27'),(139,6,'Darion.Schowalter68@yahoo.com',1,55,'California Dreamin\' (Extra Video 3)',564,'2022-11-27'),(140,11,'Antwan_Gutkowski83@gmail.com',2,56,'Everybody Wants to Rule the World (Extra Video 1)',79,'2023-05-26'),(141,11,'Antwan_Gutkowski83@gmail.com',2,56,'Peggy Sue (Extra Video 2)',77,'2023-05-26'),(142,2,'Lawrence12@yahoo.com',3,57,'Chain of Fools (Extra Video 1)',78,'2022-08-02'),(143,2,'Lawrence12@yahoo.com',3,57,'At the Hop (Extra Video 2)',245,'2022-08-02'),(144,11,'Elliot53@yahoo.com',15,58,'Up Around the Bend (Extra Video 1)',528,'2024-02-24'),(145,11,'Elliot53@yahoo.com',15,58,'That Lucky Old Sun (Just Rolls Around Heaven All Day) (Extra Video 2)',374,'2024-02-24'),(146,23,'Juvenal58@yahoo.com',3,59,'Need You Now (Extra Video 1)',492,'2023-05-30'),(147,23,'Juvenal58@yahoo.com',3,59,'Surfin\' USA (Extra Video 2)',350,'2023-05-30'),(148,23,'Juvenal58@yahoo.com',3,59,'The Loco-Motion (Extra Video 3)',263,'2023-05-30'),(149,19,'Carter.McDermott23@hotmail.com',3,60,'Smooth (Extra Video 1)',598,'2022-09-28'),(150,19,'Carter.McDermott23@hotmail.com',3,60,'You Belong With Me (Extra Video 2)',335,'2022-09-28'),(151,24,'Jaden.VonRueden@hotmail.com',1,61,'Another Day in Paradise (Extra Video 1)',79,'2023-01-04'),(152,24,'Jaden.VonRueden@hotmail.com',1,61,'You\'re the One That I Want (Extra Video 2)',241,'2023-01-04'),(153,24,'Jaden.VonRueden@hotmail.com',1,61,'The First Time Ever I Saw Your Face (Extra Video 3)',450,'2023-01-04'),(154,17,'Antwan_Gutkowski83@gmail.com',10,62,'It\'s My Party (Extra Video 1)',219,'2024-02-02'),(155,17,'Antwan_Gutkowski83@gmail.com',10,62,'(Put Another Nickel In) Music! Music! Music! (Extra Video 2)',148,'2024-02-02'),(156,30,'Rosetta75@hotmail.com',4,63,'He\'s So Fine (Extra Video 1)',104,'2024-04-04'),(157,30,'Rosetta75@hotmail.com',4,63,'King of the Road (Extra Video 2)',219,'2024-04-04'),(158,30,'Rosetta75@hotmail.com',4,63,'Peg o\' My Heart (Extra Video 3)',128,'2024-04-04'),(159,21,'Xavier.Feest38@hotmail.com',12,64,'I\'m Walking Behind You (Extra Video 1)',360,'2023-10-04'),(160,21,'Xavier.Feest38@hotmail.com',12,64,'Gimme Some Lovin\' (Extra Video 2)',483,'2023-10-04'),(161,21,'Xavier.Feest38@hotmail.com',12,64,'Light My Fire (Extra Video 3)',280,'2023-10-04'),(162,2,'Jaden.VonRueden@hotmail.com',13,65,'You\'re Beautiful (Extra Video 1)',390,'2023-12-22'),(163,2,'Jaden.VonRueden@hotmail.com',13,65,'Play That Funky Music (Extra Video 2)',265,'2023-12-22'),(164,25,'Rosetta75@hotmail.com',1,66,'How to Save a Life (Extra Video 1)',123,'2024-01-04'),(165,25,'Rosetta75@hotmail.com',1,66,'Again (Extra Video 2)',141,'2024-01-04'),(166,25,'Rosetta75@hotmail.com',1,66,'Funkytown (Extra Video 3)',201,'2024-01-04'),(167,12,'Lawrence12@yahoo.com',2,67,'Under the Bridge (Extra Video 1)',350,'2022-07-03'),(168,12,'Lawrence12@yahoo.com',2,67,'White Christmas (Extra Video 2)',231,'2022-07-03'),(169,7,'Xavier.Feest38@hotmail.com',3,68,'Wind Beneath My Wings (Extra Video 1)',570,'2023-01-11'),(170,7,'Xavier.Feest38@hotmail.com',3,68,'Rush Rush (Extra Video 2)',198,'2023-01-11'),(171,16,'Adrienne.Marvin@gmail.com',9,69,'Tik-Toc (Extra Video 1)',72,'2023-12-12'),(172,16,'Adrienne.Marvin@gmail.com',9,69,'Sleepy Lagoon (Extra Video 2)',192,'2023-12-12'),(173,16,'Adrienne.Marvin@gmail.com',9,69,'Hanky Panky (Extra Video 3)',120,'2023-12-12'),(174,2,'Darion.Schowalter68@yahoo.com',15,70,'Black Velvet (Extra Video 1)',154,'2024-01-28'),(175,2,'Darion.Schowalter68@yahoo.com',15,70,'You make Me Wanna (Extra Video 2)',515,'2024-01-28'),(176,9,'Johnathon53@hotmail.com',11,71,'School\'s Out (Extra Video 1)',549,'2023-05-04'),(177,9,'Johnathon53@hotmail.com',11,71,'All I Wanna Do (Extra Video 2)',122,'2023-05-04'),(178,15,'Johnathon53@hotmail.com',12,72,'Night Fever (Extra Video 1)',473,'2023-05-30'),(179,15,'Johnathon53@hotmail.com',12,72,'Beauty & the Beast (Extra Video 2)',271,'2023-05-30'),(180,1,'Ottis_Heller@gmail.com',15,73,'Breathe (Extra Video 1)',559,'2024-05-10'),(181,1,'Ottis_Heller@gmail.com',15,73,'Jive Talkin\' (Extra Video 2)',562,'2024-05-10'),(182,14,'Antwan_Gutkowski83@gmail.com',13,74,'Bad Romance (Extra Video 1)',570,'2024-05-04'),(183,14,'Antwan_Gutkowski83@gmail.com',13,74,'I Want to Hold Your Hand (Extra Video 2)',83,'2024-05-04'),(184,18,'Geo.Zieme@gmail.com',5,75,'Memories Are Made of This (Extra Video 1)',277,'2023-08-28'),(185,18,'Geo.Zieme@gmail.com',5,75,'Bye (Extra Video 2)',598,'2023-08-28'),(186,4,'Arturo62@yahoo.com',2,76,'What\'d I Say (Extra Video 1)',418,'2024-02-06'),(187,4,'Arturo62@yahoo.com',2,76,'I Honestly Love You (Extra Video 2)',386,'2024-02-06'),(188,4,'Arturo62@yahoo.com',2,76,'Piano Man (Extra Video 3)',432,'2024-02-06'),(189,9,'Darion.Schowalter68@yahoo.com',14,77,'Love In This Club (Extra Video 1)',279,'2023-12-29'),(190,9,'Darion.Schowalter68@yahoo.com',14,77,'Theme From \'Greatest American Hero\' (Believe It Or Not) (Extra Video 2)',295,'2023-12-29'),(191,9,'Darion.Schowalter68@yahoo.com',14,77,'Mr Big Stuff (Extra Video 3)',446,'2023-12-29'),(192,23,'Jaden.VonRueden@hotmail.com',9,78,'Someday (Extra Video 1)',292,'2023-08-24'),(193,23,'Jaden.VonRueden@hotmail.com',9,78,'A Thousand Miles (Extra Video 2)',138,'2023-08-24'),(194,19,'Orlo.Dietrich11@yahoo.com',6,79,'Black Velvet (Extra Video 1)',519,'2023-09-29'),(195,19,'Orlo.Dietrich11@yahoo.com',6,79,'Soul Man (Extra Video 2)',499,'2023-09-29'),(196,21,'Orlo.Dietrich11@yahoo.com',3,80,'Eight Days a Week (Extra Video 1)',356,'2023-07-06'),(197,21,'Orlo.Dietrich11@yahoo.com',3,80,'Firework (Extra Video 2)',101,'2023-07-06'),(198,21,'Orlo.Dietrich11@yahoo.com',3,80,'If You Don\'t Know Me By Now (Extra Video 3)',79,'2023-07-06'),(199,2,'Aracely_Quigley@hotmail.com',1,81,'Let\'s Dance (Extra Video 1)',405,'2024-06-04'),(200,2,'Aracely_Quigley@hotmail.com',1,81,'Colors of the Wind (Extra Video 2)',430,'2024-06-04'),(201,21,'Darion.Schowalter68@yahoo.com',1,82,'Party Rock Anthem (Extra Video 1)',234,'2022-12-13'),(202,21,'Darion.Schowalter68@yahoo.com',1,82,'Alone Again (Naturally) (Extra Video 2)',559,'2022-12-13'),(203,21,'Darion.Schowalter68@yahoo.com',1,82,'Miss You (Extra Video 3)',176,'2022-12-13'),(204,5,'Reid_Fahey23@hotmail.com',10,83,'Chattanoogie Shoe-Shine Boy (Extra Video 1)',501,'2023-01-06'),(205,5,'Reid_Fahey23@hotmail.com',10,83,'You Make Me Feel Like Dancing (Extra Video 2)',280,'2023-01-06'),(206,21,'Darion.Schowalter68@yahoo.com',6,84,'96 Tears (Extra Video 1)',152,'2023-04-21'),(207,21,'Darion.Schowalter68@yahoo.com',6,84,'I\'m Looking Over a Four Leaf Clover (Extra Video 2)',500,'2023-04-21'),(208,21,'Darion.Schowalter68@yahoo.com',6,84,'Keep On Loving You (Extra Video 3)',405,'2023-04-21'),(209,6,'Mitchell.Stoltenberg-Spencer10@hotmail.com',5,85,'Alone Again (Naturally) (Extra Video 1)',246,'2023-08-30'),(210,6,'Mitchell.Stoltenberg-Spencer10@hotmail.com',5,85,'Slow Poke (Extra Video 2)',276,'2023-08-30'),(211,24,'Xavier.Feest38@hotmail.com',11,86,'I Wanna Dance With Somebody (Who Loves Me) (Extra Video 1)',424,'2023-09-06'),(212,24,'Xavier.Feest38@hotmail.com',11,86,'Crocodile Rock (Extra Video 2)',61,'2023-09-06'),(213,2,'Haleigh97@yahoo.com',2,87,'Love Will Keep Us Together (Extra Video 1)',419,'2023-07-31'),(214,2,'Haleigh97@yahoo.com',2,87,'Three Coins in the Fountain (Extra Video 2)',89,'2023-07-31'),(215,2,'Haleigh97@yahoo.com',2,87,'Yeah! (Extra Video 3)',582,'2023-07-31'),(216,2,'Arturo62@yahoo.com',2,88,'Over There (Extra Video 1)',587,'2024-01-27'),(217,2,'Arturo62@yahoo.com',2,88,'Secret Love (Extra Video 2)',547,'2024-01-27'),(218,7,'Reid_Fahey23@hotmail.com',3,89,'Love Me Tender (Extra Video 1)',172,'2022-05-29'),(219,7,'Reid_Fahey23@hotmail.com',3,89,'Theme From \'A Summer Place\' (Extra Video 2)',188,'2022-05-29'),(220,7,'Reid_Fahey23@hotmail.com',3,89,'Sunday (Extra Video 3)',82,'2022-05-29'),(221,10,'Alycia_Bosco10@hotmail.com',7,90,'The Morning After (Extra Video 1)',494,'2023-07-21'),(222,10,'Alycia_Bosco10@hotmail.com',7,90,'Whoomp! (There it Is) (Extra Video 2)',235,'2023-07-21'),(223,19,'Mitchell.Stoltenberg-Spencer10@hotmail.com',2,91,'Wabash Cannonball (Extra Video 1)',493,'2023-06-02'),(224,19,'Mitchell.Stoltenberg-Spencer10@hotmail.com',2,91,'Piano Man (Extra Video 2)',364,'2023-06-02'),(225,8,'Leola.Durgan36@yahoo.com',10,92,'Unforgettable (Extra Video 1)',139,'2024-03-03'),(226,8,'Leola.Durgan36@yahoo.com',10,92,'Hello (Extra Video 2)',326,'2024-03-03'),(227,22,'Geo.Zieme@gmail.com',3,93,'Crazy For You (Extra Video 1)',96,'2023-06-29'),(228,22,'Geo.Zieme@gmail.com',3,93,'Born to Be Wild (Extra Video 2)',228,'2023-06-29'),(229,20,'Reid_Fahey23@hotmail.com',22,94,'Three Times a Lady (Extra Video 1)',125,'2024-01-01'),(230,20,'Reid_Fahey23@hotmail.com',22,94,'It\'s Too Late (Extra Video 2)',497,'2024-01-01'),(231,26,'Lawrence12@yahoo.com',5,95,'I Wanna Dance With Somebody (Who Loves Me) (Extra Video 1)',340,'2022-10-04'),(232,26,'Lawrence12@yahoo.com',5,95,'Breathe (Extra Video 2)',345,'2022-10-04'),(233,9,'Xavier.Feest38@hotmail.com',6,96,'Let Me Call You Sweetheart (Extra Video 1)',198,'2023-04-05'),(234,9,'Xavier.Feest38@hotmail.com',6,96,'Layla (Extra Video 2)',479,'2023-04-05'),(235,6,'Orlo.Dietrich11@yahoo.com',9,97,'Crazy in Love (Extra Video 1)',81,'2023-12-25'),(236,6,'Orlo.Dietrich11@yahoo.com',9,97,'Do You Love Me? (Extra Video 2)',305,'2023-12-25'),(237,20,'Haleigh97@yahoo.com',10,98,'This Used to Be My Playground (Extra Video 1)',306,'2024-03-29'),(238,20,'Haleigh97@yahoo.com',10,98,'Spill the Wine (Extra Video 2)',214,'2024-03-29'),(239,20,'Haleigh97@yahoo.com',10,98,'Save the Last Dance For Me (Extra Video 3)',273,'2024-03-29'),(240,28,'Geo.Zieme@gmail.com',6,99,'Earth Angel (Extra Video 1)',201,'2023-09-23'),(241,28,'Geo.Zieme@gmail.com',6,99,'How Will I Know (Extra Video 2)',90,'2023-09-23'),(242,28,'Reid_Fahey23@hotmail.com',12,100,'Eve of Destruction (Extra Video 1)',161,'2023-02-26'),(243,28,'Reid_Fahey23@hotmail.com',12,100,'Be Bop a Lula (Extra Video 2)',262,'2023-02-26'),(244,28,'Reid_Fahey23@hotmail.com',12,100,'Call Me Maybe (Extra Video 3)',439,'2023-02-26'),(245,17,'Kiarra.Monahan@yahoo.com',2,101,'Mama Told Me Not to Come (Extra Video 1)',241,'2024-01-28'),(246,17,'Kiarra.Monahan@yahoo.com',2,101,'Gold Digger (Extra Video 2)',399,'2024-01-28'),(247,17,'Kiarra.Monahan@yahoo.com',2,101,'Love Is Blue (L\'Amour Est Bleu) (Extra Video 3)',442,'2024-01-28'),(248,21,'Jaden.VonRueden@hotmail.com',8,102,'Shining Star (Extra Video 1)',568,'2023-08-04'),(249,21,'Jaden.VonRueden@hotmail.com',8,102,'Use Somebody (Extra Video 2)',493,'2023-08-04'),(250,20,'Xavier.Feest38@hotmail.com',5,103,'Heart of Gold (Extra Video 1)',391,'2023-03-05'),(251,20,'Xavier.Feest38@hotmail.com',5,103,'You Make Me Feel Brand New (Extra Video 2)',496,'2023-03-05'),(252,20,'Xavier.Feest38@hotmail.com',5,103,'End of the Road (Extra Video 3)',96,'2023-03-05'),(253,3,'Johnathon53@hotmail.com',5,104,'Colors of the Wind (Extra Video 1)',62,'2022-10-26'),(254,3,'Johnathon53@hotmail.com',5,104,'Jump (Extra Video 2)',435,'2022-10-26'),(255,24,'Mitchell.Stoltenberg-Spencer10@hotmail.com',3,105,'I Can\'t Stop Loving You (Extra Video 1)',326,'2023-06-30'),(256,24,'Mitchell.Stoltenberg-Spencer10@hotmail.com',3,105,'Bad Romance (Extra Video 2)',454,'2023-06-30'),(257,26,'Jaden.VonRueden@hotmail.com',6,106,'Maneater (Extra Video 1)',326,'2023-06-06'),(258,26,'Jaden.VonRueden@hotmail.com',6,106,'Walk Don\'t Run (Extra Video 2)',437,'2023-06-06'),(259,7,'Lawrence12@yahoo.com',3,107,'Truly Madly Deeply (Extra Video 1)',461,'2022-08-03'),(260,7,'Lawrence12@yahoo.com',3,107,'Reunited (Extra Video 2)',408,'2022-08-03'),(261,7,'Lawrence12@yahoo.com',3,107,'(Everything I Do) I Do it For You (Extra Video 3)',280,'2022-08-03'),(262,6,'Juvenal58@yahoo.com',13,108,'Believe (Extra Video 1)',576,'2024-04-05'),(263,6,'Juvenal58@yahoo.com',13,108,'These Boots Are Made For Walking (Extra Video 2)',216,'2024-04-05'),(264,23,'Lawrence12@yahoo.com',13,109,'Near You (Extra Video 1)',574,'2023-06-05'),(265,23,'Lawrence12@yahoo.com',13,109,'Smoke! Smoke! Smoke! (That Cigarette) (Extra Video 2)',499,'2023-06-05'),(266,23,'Lawrence12@yahoo.com',13,109,'Like a Rolling Stone (Extra Video 3)',187,'2023-06-05'),(267,12,'Ottis_Heller@gmail.com',9,110,'Shake Down (Extra Video 1)',134,'2023-10-30'),(268,12,'Ottis_Heller@gmail.com',9,110,'Don\'t Let the Stars Get in Your Eyes (Extra Video 2)',457,'2023-10-30'),(269,2,'Geo.Zieme@gmail.com',12,111,'More Than Words (Extra Video 1)',548,'2024-04-03'),(270,2,'Geo.Zieme@gmail.com',12,111,'Love Theme From \'A Star is Born\' (Evergreen) (Extra Video 2)',454,'2024-04-03'),(271,11,'Darion.Schowalter68@yahoo.com',16,112,'I Feel For You (Extra Video 1)',473,'2024-02-24'),(272,11,'Darion.Schowalter68@yahoo.com',16,112,'Sexyback (Extra Video 2)',340,'2024-02-24'),(273,11,'Darion.Schowalter68@yahoo.com',16,112,'The Loco-Motion (Extra Video 3)',512,'2024-02-24'),(274,7,'Lawrence12@yahoo.com',4,113,'The Long & Winding Road (Extra Video 1)',288,'2022-09-02'),(275,7,'Lawrence12@yahoo.com',4,113,'I\'m Looking Over a Four Leaf Clover (Extra Video 2)',508,'2022-09-02'),(276,3,'Justina39@gmail.com',5,114,'Being With You (Extra Video 1)',191,'2024-04-30'),(277,3,'Justina39@gmail.com',5,114,'The Tide is High (Extra Video 2)',121,'2024-04-30'),(278,3,'Justina39@gmail.com',5,114,'Philadelphia Freedom (Extra Video 3)',128,'2024-04-30'),(279,8,'Maudie21@yahoo.com',8,115,'Endless Love (Extra Video 1)',109,'2024-06-10'),(280,8,'Maudie21@yahoo.com',8,115,'Over the Rainbow (Extra Video 2)',183,'2024-06-10'),(281,12,'Maudie21@yahoo.com',6,116,'After You\'ve Gone (Extra Video 1)',187,'2024-03-29'),(282,12,'Maudie21@yahoo.com',6,116,'Sunshine Superman (Extra Video 2)',391,'2024-03-29'),(283,13,'Adrienne.Marvin@gmail.com',12,117,'Take On Me (Extra Video 1)',422,'2024-02-26'),(284,13,'Adrienne.Marvin@gmail.com',12,117,'In the End (Extra Video 2)',63,'2024-02-26'),(285,13,'Adrienne.Marvin@gmail.com',12,117,'The Sounds of Silence (Extra Video 3)',308,'2024-02-26'),(286,10,'Adrienne.Marvin@gmail.com',9,118,'Grenade (Extra Video 1)',142,'2023-12-08'),(287,10,'Adrienne.Marvin@gmail.com',9,118,'Green Onions (Extra Video 2)',109,'2023-12-08'),(288,4,'Carter.McDermott23@hotmail.com',5,119,'Spinning Wheel (Extra Video 1)',313,'2022-12-07'),(289,4,'Carter.McDermott23@hotmail.com',5,119,'Like a Prayer (Extra Video 2)',277,'2022-12-07'),(290,3,'Jaden.VonRueden@hotmail.com',15,120,'December 1963 (Oh What a Night) (Extra Video 1)',202,'2024-03-08'),(291,3,'Jaden.VonRueden@hotmail.com',15,120,'One O\'Clock Jump (Extra Video 2)',111,'2024-03-08'),(292,2,'Lawrence12@yahoo.com',17,121,'My Eyes Adored You (Extra Video 1)',226,'2023-10-03'),(293,2,'Lawrence12@yahoo.com',17,121,'My Love (Extra Video 2)',227,'2023-10-03'),(294,2,'Darion.Schowalter68@yahoo.com',11,122,'Auf Wiederseh\'n Sweetheart (Extra Video 1)',284,'2023-10-07'),(295,2,'Darion.Schowalter68@yahoo.com',11,122,'Call Me (Extra Video 2)',82,'2023-10-07'),(296,2,'Darion.Schowalter68@yahoo.com',11,122,'You Can\'t Hurry Love (Extra Video 3)',428,'2023-10-07'),(297,8,'Jaden.VonRueden@hotmail.com',16,123,'Goodnight (Extra Video 1)',309,'2024-03-29'),(298,8,'Jaden.VonRueden@hotmail.com',16,123,'I Still Haven\'t Found What I\'m Looking For (Extra Video 2)',477,'2024-03-29'),(299,8,'Jaden.VonRueden@hotmail.com',16,123,'Candy Man (Extra Video 3)',547,'2024-03-29'),(300,19,'Nina.Cronin71@gmail.com',1,124,'Cars (Extra Video 1)',166,'2023-03-31'),(301,19,'Nina.Cronin71@gmail.com',1,124,'The Morning After (Extra Video 2)',481,'2023-03-31'),(302,20,'Ottis_Heller@gmail.com',5,125,'Summertime Blues (Extra Video 1)',557,'2023-06-30'),(303,20,'Ottis_Heller@gmail.com',5,125,'Say My Name (Extra Video 2)',67,'2023-06-30'),(304,26,'Carter.McDermott23@hotmail.com',12,126,'I\'m Walking Behind You (Extra Video 1)',360,'2023-07-08'),(305,26,'Carter.McDermott23@hotmail.com',12,126,'This Used to Be My Playground (Extra Video 2)',145,'2023-07-08'),(306,1,'Darion.Schowalter68@yahoo.com',16,127,'Le Freak (Extra Video 1)',129,'2024-02-28'),(307,1,'Darion.Schowalter68@yahoo.com',16,127,'Careless Whisper (Extra Video 2)',409,'2024-02-28'),(308,1,'Darion.Schowalter68@yahoo.com',16,127,'So Much in Love (Extra Video 3)',494,'2024-02-28'),(309,6,'Xavier.Feest38@hotmail.com',4,128,'Tequila (Extra Video 1)',497,'2023-01-24'),(310,6,'Xavier.Feest38@hotmail.com',4,128,'Over There (Extra Video 2)',358,'2023-01-24'),(311,6,'Xavier.Feest38@hotmail.com',4,128,'Glamorous (Extra Video 3)',365,'2023-01-24'),(312,16,'Agustin66@hotmail.com',7,129,'Bennie & the Jets (Extra Video 1)',363,'2023-10-27'),(313,16,'Agustin66@hotmail.com',7,129,'Too Young (Extra Video 2)',116,'2023-10-27'),(314,23,'Geo.Zieme@gmail.com',9,130,'I Can\'t Get Next to You (Extra Video 1)',235,'2024-01-08'),(315,23,'Geo.Zieme@gmail.com',9,130,'He\'s a Rebel (Extra Video 2)',456,'2024-01-08'),(316,23,'Geo.Zieme@gmail.com',9,130,'Will You Love Me Tomorrow (Extra Video 3)',374,'2024-01-08'),(317,15,'Carter.McDermott23@hotmail.com',14,131,'Smells Like Teen Spirit (Extra Video 1)',546,'2023-09-01'),(318,15,'Carter.McDermott23@hotmail.com',14,131,'Stuck On You (Extra Video 2)',253,'2023-09-01'),(319,6,'Adrienne.Marvin@gmail.com',9,132,'Check On It (Extra Video 1)',161,'2023-12-03'),(320,6,'Adrienne.Marvin@gmail.com',9,132,'Tutti Frutti (Extra Video 2)',597,'2023-12-03'),(321,19,'Jaden.VonRueden@hotmail.com',8,133,'Arthur\'s Theme (Best That You Can Do) (Extra Video 1)',284,'2023-07-28'),(322,19,'Jaden.VonRueden@hotmail.com',8,133,'Big Girls Don\'t Cry (Extra Video 2)',115,'2023-07-28'),(323,26,'Rosetta75@hotmail.com',1,134,'Boulevard of Broken Dreams (Extra Video 1)',281,'2023-12-23'),(324,26,'Rosetta75@hotmail.com',1,134,'E.T. (Extra Video 2)',437,'2023-12-23'),(325,26,'Rosetta75@hotmail.com',1,134,'Mr Brightside (Extra Video 3)',458,'2023-12-23'),(326,15,'Johnathon53@hotmail.com',20,135,'Do You Love Me? (Extra Video 1)',475,'2024-01-24'),(327,15,'Johnathon53@hotmail.com',20,135,'Born to Run (Extra Video 2)',557,'2024-01-24'),(328,8,'Reid_Fahey23@hotmail.com',4,136,'The Twist (Extra Video 1)',405,'2022-06-22'),(329,8,'Reid_Fahey23@hotmail.com',4,136,'Maniac (Extra Video 2)',194,'2022-06-22'),(330,8,'Reid_Fahey23@hotmail.com',4,136,'Wannabe (Extra Video 3)',298,'2022-06-22'),(331,3,'Juvenal58@yahoo.com',10,137,'Disco Duck (Extra Video 1)',389,'2023-12-29'),(332,3,'Juvenal58@yahoo.com',10,137,'Rock With You (Extra Video 2)',270,'2023-12-29'),(333,26,'Nina.Cronin71@gmail.com',3,138,'Hey There Delilah (Extra Video 1)',182,'2023-05-30'),(334,26,'Nina.Cronin71@gmail.com',3,138,'California Girls (Extra Video 2)',514,'2023-05-30'),(335,28,'Carter.McDermott23@hotmail.com',4,139,'It\'s All in the Game (Extra Video 1)',496,'2022-10-27'),(336,28,'Carter.McDermott23@hotmail.com',4,139,'(Sexual) Healing (Extra Video 2)',346,'2022-10-27'),(337,3,'Jaden.VonRueden@hotmail.com',9,140,'Your Song (Extra Video 1)',153,'2023-08-21'),(338,3,'Jaden.VonRueden@hotmail.com',9,140,'Bad (Extra Video 2)',238,'2023-08-21'),(339,3,'Jaden.VonRueden@hotmail.com',9,140,'Look Away (Extra Video 3)',61,'2023-08-21'),(340,1,'Elliot53@yahoo.com',5,141,'Cars (Extra Video 1)',321,'2023-05-01'),(341,1,'Elliot53@yahoo.com',5,141,'Crimson & Clover (Extra Video 2)',162,'2023-05-01'),(342,1,'Elliot53@yahoo.com',5,141,'Only The Lonely (Know The Way I Feel) (Extra Video 3)',287,'2023-05-01'),(343,18,'Carter.McDermott23@hotmail.com',10,142,'This Love (Extra Video 1)',546,'2023-05-07'),(344,18,'Carter.McDermott23@hotmail.com',10,142,'Two Hearts (Extra Video 2)',119,'2023-05-07'),(345,24,'Nina.Cronin71@gmail.com',11,143,'Midnight Train to Georgia (Extra Video 1)',170,'2024-02-02'),(346,24,'Nina.Cronin71@gmail.com',11,143,'Dardanella (Extra Video 2)',408,'2024-02-02'),(347,3,'Lawrence12@yahoo.com',8,144,'Hit the Road (Extra Video 1)',570,'2022-12-25'),(348,3,'Lawrence12@yahoo.com',8,144,'Happy Days Are Here Again (Extra Video 2)',159,'2022-12-25'),(349,3,'Lawrence12@yahoo.com',8,144,'Play That Funky Music (Extra Video 3)',357,'2022-12-25'),(350,30,'Johnathon53@hotmail.com',18,145,'Thank You (Falettinme be Mice Elf Again) (Extra Video 1)',78,'2023-11-29'),(351,30,'Johnathon53@hotmail.com',18,145,'Mrs Brown You\'ve Got a Lovely Daughter (Extra Video 2)',126,'2023-11-29'),(352,30,'Johnathon53@hotmail.com',18,145,'Wedding Bell Blues (Extra Video 3)',456,'2023-11-29'),(353,30,'Juvenal58@yahoo.com',11,146,'One Sweet Day (Extra Video 1)',323,'2024-01-29'),(354,30,'Juvenal58@yahoo.com',11,146,'Moonlight Serenade (Extra Video 2)',501,'2024-01-29'),(355,30,'Juvenal58@yahoo.com',11,146,'Memories Are Made of This (Extra Video 3)',232,'2024-01-29'),(356,17,'Geo.Zieme@gmail.com',2,147,'Me & Bobby McGee (Extra Video 1)',340,'2023-06-07'),(357,17,'Geo.Zieme@gmail.com',2,147,'Knock Three Times (Extra Video 2)',319,'2023-06-07'),(358,17,'Geo.Zieme@gmail.com',2,147,'Honky Tonk Woman (Extra Video 3)',380,'2023-06-07'),(359,8,'Lawrence12@yahoo.com',19,148,'She\'s a Lady (Extra Video 1)',465,'2023-11-29'),(360,8,'Lawrence12@yahoo.com',19,148,'Volare (Extra Video 2)',123,'2023-11-29'),(361,8,'Lawrence12@yahoo.com',19,148,'I Feel For You (Extra Video 3)',363,'2023-11-29'),(362,21,'Leola.Durgan36@yahoo.com',1,149,'You Belong to Me (Extra Video 1)',327,'2023-06-04'),(363,21,'Leola.Durgan36@yahoo.com',1,149,'Disco Lady (Extra Video 2)',577,'2023-06-04'),(364,21,'Leola.Durgan36@yahoo.com',1,149,'Don\'t Worry Be Happy (Extra Video 3)',265,'2023-06-04'),(365,14,'Haleigh97@yahoo.com',4,150,'You\'ve Lost That Lovin\' Feelin\' (Extra Video 1)',591,'2023-09-23'),(366,14,'Haleigh97@yahoo.com',4,150,'Blue Suede Shoes (Extra Video 2)',415,'2023-09-23'),(367,5,'Kiarra.Monahan@yahoo.com',4,151,'Rum & Coca-Cola (Extra Video 1)',88,'2024-04-04'),(368,5,'Kiarra.Monahan@yahoo.com',4,151,'Change the World (Extra Video 2)',576,'2024-04-04'),(369,5,'Kiarra.Monahan@yahoo.com',4,151,'We Got The Beat (Extra Video 3)',496,'2024-04-04'),(370,16,'Mitchell.Stoltenberg-Spencer10@hotmail.com',2,152,'Straight Up (Extra Video 1)',149,'2023-05-31'),(371,16,'Mitchell.Stoltenberg-Spencer10@hotmail.com',2,152,'Baby One More Time (Extra Video 2)',593,'2023-05-31'),(372,3,'Lawrence12@yahoo.com',14,153,'Kiss On My List (Extra Video 1)',343,'2023-06-26'),(373,3,'Lawrence12@yahoo.com',14,153,'We\'ve Only Just Begun (Extra Video 2)',564,'2023-06-26'),(374,3,'Lawrence12@yahoo.com',14,153,'Rag Mop (Extra Video 3)',404,'2023-06-26'),(375,6,'Haleigh97@yahoo.com',6,154,'You\'re Beautiful (Extra Video 1)',125,'2023-11-30'),(376,6,'Haleigh97@yahoo.com',6,154,'Kryptonite (Extra Video 2)',194,'2023-11-30'),(377,24,'Haleigh97@yahoo.com',9,155,'Truly Madly Deeply (Extra Video 1)',152,'2024-03-10'),(378,24,'Haleigh97@yahoo.com',9,155,'Vision of Love (Extra Video 2)',85,'2024-03-10'),(379,24,'Haleigh97@yahoo.com',9,155,'Drops of Jupiter (Tell Me) (Extra Video 3)',428,'2024-03-10'),(380,24,'Maudie21@yahoo.com',5,156,'You Always Hurt the One You Love (Extra Video 1)',396,'2024-03-05'),(381,24,'Maudie21@yahoo.com',5,156,'Tequila (Extra Video 2)',105,'2024-03-05'),(382,12,'Lawrence12@yahoo.com',19,157,'Thriller (Extra Video 1)',197,'2023-11-27'),(383,12,'Lawrence12@yahoo.com',19,157,'West End Blues (Extra Video 2)',221,'2023-11-27'),(384,24,'Reid_Fahey23@hotmail.com',6,158,'Because You Loved Me (Extra Video 1)',111,'2022-09-01'),(385,24,'Reid_Fahey23@hotmail.com',6,158,'Streets of Philadelphia (Extra Video 2)',482,'2022-09-01'),(386,25,'Leola.Durgan36@yahoo.com',10,159,'Red Red Wine (Extra Video 1)',427,'2024-03-10'),(387,25,'Leola.Durgan36@yahoo.com',10,159,'Travellin\' Man (Extra Video 2)',412,'2024-03-10'),(388,24,'Carter.McDermott23@hotmail.com',16,160,'Mack the Knife (Extra Video 1)',300,'2023-11-01'),(389,24,'Carter.McDermott23@hotmail.com',16,160,'Play That Funky Music (Extra Video 2)',265,'2023-11-01'),(390,24,'Carter.McDermott23@hotmail.com',16,160,'Fortunate Son (Extra Video 3)',210,'2023-11-01'),(391,14,'Mitchell.Stoltenberg-Spencer10@hotmail.com',10,161,'Stand By Me (Extra Video 1)',339,'2024-02-03'),(392,14,'Mitchell.Stoltenberg-Spencer10@hotmail.com',10,161,'Gypsies (Extra Video 2)',142,'2024-02-03'),(393,30,'Jaden.VonRueden@hotmail.com',3,162,'These Boots Are Made For Walking (Extra Video 1)',419,'2023-03-09'),(394,30,'Jaden.VonRueden@hotmail.com',3,162,'Walk Don\'t Run (Extra Video 2)',372,'2023-03-09'),(395,26,'Agustin66@hotmail.com',3,163,'Mood Indigo (Extra Video 1)',598,'2023-06-29'),(396,26,'Agustin66@hotmail.com',3,163,'Tennessee Waltz (Extra Video 2)',145,'2023-06-29'),(397,29,'Reid_Fahey23@hotmail.com',17,164,'Till I Waltz Again With You (Extra Video 1)',178,'2023-07-25'),(398,29,'Reid_Fahey23@hotmail.com',17,164,'Three Times a Lady (Extra Video 2)',495,'2023-07-25'),(399,27,'Adrienne.Marvin@gmail.com',2,165,'One O\'Clock Jump (Extra Video 1)',78,'2023-05-04'),(400,27,'Adrienne.Marvin@gmail.com',2,165,'Shadow Dancing (Extra Video 2)',337,'2023-05-04'),(401,17,'Jaden.VonRueden@hotmail.com',6,166,'Ain\'t No Sunshine (Extra Video 1)',306,'2023-05-30'),(402,17,'Jaden.VonRueden@hotmail.com',6,166,'Royals (Extra Video 2)',562,'2023-05-30'),(403,25,'Juvenal58@yahoo.com',3,167,'It\'s Now Or Never (Extra Video 1)',456,'2023-05-29'),(404,25,'Juvenal58@yahoo.com',3,167,'What a Fool Believes (Extra Video 2)',263,'2023-05-29'),(405,25,'Juvenal58@yahoo.com',3,167,'St George & the Dragonette (Extra Video 3)',350,'2023-05-29'),(406,22,'Xavier.Feest38@hotmail.com',12,168,'Tighten Up (Extra Video 1)',502,'2023-10-03'),(407,22,'Xavier.Feest38@hotmail.com',12,168,'Mood Indigo (Extra Video 2)',564,'2023-10-03'),(408,22,'Xavier.Feest38@hotmail.com',12,168,'Till I Waltz Again With You (Extra Video 3)',420,'2023-10-03'),(409,6,'Carter.McDermott23@hotmail.com',19,169,'Straight Up (Extra Video 1)',474,'2024-01-29'),(410,6,'Carter.McDermott23@hotmail.com',19,169,'I Only Have Eyes For You (Extra Video 2)',370,'2024-01-29'),(411,6,'Carter.McDermott23@hotmail.com',19,169,'Everybody Loves Somebody (Extra Video 3)',147,'2024-01-29'),(412,4,'Mitchell.Stoltenberg-Spencer10@hotmail.com',12,170,'Gypsies (Extra Video 1)',257,'2024-03-27'),(413,4,'Mitchell.Stoltenberg-Spencer10@hotmail.com',12,170,'How High the Moon (Extra Video 2)',589,'2024-03-27'),(414,2,'Haleigh97@yahoo.com',8,171,'The Tide is High (Extra Video 1)',507,'2024-02-04'),(415,2,'Haleigh97@yahoo.com',8,171,'We Found Love (Extra Video 2)',208,'2024-02-04'),(416,12,'Xavier.Feest38@hotmail.com',5,172,'Disco Duck (Extra Video 1)',371,'2023-02-26'),(417,12,'Xavier.Feest38@hotmail.com',5,172,'Shop Around (Extra Video 2)',88,'2023-02-26'),(418,3,'Reid_Fahey23@hotmail.com',21,173,'Sh-Boom (Life Could Be a Dream) (Extra Video 1)',254,'2023-11-30'),(419,3,'Reid_Fahey23@hotmail.com',21,173,'Waiting For a Girl Like You (Extra Video 2)',116,'2023-11-30'),(420,3,'Reid_Fahey23@hotmail.com',21,173,'Burn (Extra Video 3)',170,'2023-11-30'),(421,26,'Adrienne.Marvin@gmail.com',4,174,'That\'s the Way Love Goes (Extra Video 1)',259,'2023-06-29'),(422,26,'Adrienne.Marvin@gmail.com',4,174,'Mr Brightside (Extra Video 2)',492,'2023-06-29'),(423,26,'Adrienne.Marvin@gmail.com',4,174,'Hello Dolly (Extra Video 3)',151,'2023-06-29'),(424,1,'Johnathon53@hotmail.com',1,175,'Whole Lotta Shakin\' Goin\' On (Extra Video 1)',561,'2022-07-01'),(425,1,'Johnathon53@hotmail.com',1,175,'YMCA (Extra Video 2)',217,'2022-07-01'),(426,1,'Johnathon53@hotmail.com',1,175,'You Don\'t Bring Me Flowers (Extra Video 3)',73,'2022-07-01'),(427,13,'Carter.McDermott23@hotmail.com',19,176,'Disco Duck (Extra Video 1)',210,'2024-01-29'),(428,13,'Carter.McDermott23@hotmail.com',19,176,'Rhapsody in Blue (Extra Video 2)',109,'2024-01-29'),(429,24,'Xavier.Feest38@hotmail.com',12,177,'Save the Last Dance For Me (Extra Video 1)',340,'2023-09-25'),(430,24,'Xavier.Feest38@hotmail.com',12,177,'Ac-cent-tchu-ate the Positive (Extra Video 2)',420,'2023-09-25'),(431,1,'Haleigh97@yahoo.com',12,178,'That\'ll Be the Day (Extra Video 1)',385,'2024-06-12'),(432,1,'Haleigh97@yahoo.com',12,178,'Sugar Shack (Extra Video 2)',67,'2024-06-12'),(433,25,'Adrienne.Marvin@gmail.com',10,179,'Royals (Extra Video 1)',133,'2023-12-31'),(434,25,'Adrienne.Marvin@gmail.com',10,179,'Travellin\' Man (Extra Video 2)',149,'2023-12-31'),(435,9,'Jaden.VonRueden@hotmail.com',12,180,'The Boys of Summer (Extra Video 1)',277,'2023-12-05'),(436,9,'Jaden.VonRueden@hotmail.com',12,180,'Chattanooga Choo Choo (Extra Video 2)',140,'2023-12-05');
/*!40000 ALTER TABLE `MusicVideo` ENABLE KEYS */;
UNLOCK TABLES;

--
-- Table structure for table `Playlist`
--

DROP TABLE IF EXISTS `Playlist`;
/*!40101 SET @saved_cs_client     = @@character_set_client */;
/*!40101 SET character_set_client = utf8 */;
CREATE TABLE `Playlist` (
  `idPlaylist` int(10) unsigned NOT NULL,
  `emailCreator` varchar(255) NOT NULL,
  `idSubscriptionCreator` int(10) unsigned NOT NULL,
  `namaPlaylist` varchar(255) NOT NULL,
  PRIMARY KEY (`idPlaylist`,`emailCreator`),
  KEY `emailCreator` (`emailCreator`,`idSubscriptionCreator`),
  CONSTRAINT `Playlist_ibfk_1` FOREIGN KEY (`emailCreator`, `idSubscriptionCreator`) REFERENCES `AppleMusicUser` (`email`, `idSubscription`)
) ENGINE=InnoDB DEFAULT CHARSET=utf8mb4 COLLATE=utf8mb4_general_ci;
/*!40101 SET character_set_client = @saved_cs_client */;

--
-- Dumping data for table `Playlist`
--

LOCK TABLES `Playlist` WRITE;
/*!40000 ALTER TABLE `Playlist` DISABLE KEYS */;
INSERT INTO `Playlist` VALUES (1,'Abby_Bruen15@gmail.com',2,'World bound chemicalElement'),(1,'Adrienne.Marvin@gmail.com',8,'Non Music bound chemicalElement'),(1,'Agustin66@hotmail.com',3,'Metal bound chemicalElement'),(1,'Alycia_Bosco10@hotmail.com',2,'Electronic bound chemicalElement'),(1,'Antwan_Gutkowski83@gmail.com',4,'Non Music bound chemicalElement'),(1,'Aracely_Quigley@hotmail.com',1,'Electronic bound chemicalElement'),(1,'Arturo62@yahoo.com',1,'Jazz bound chemicalElement'),(1,'Carter.McDermott23@hotmail.com',21,'Non Music bound chemicalElement'),(1,'Elliot53@yahoo.com',14,'Funk bound chemicalElement'),(1,'Geo.Zieme@gmail.com',10,'Folk bound chemicalElement'),(1,'Gloria22@hotmail.com',2,'Jazz bound chemicalElement'),(1,'Haleigh97@yahoo.com',9,'Reggae bound chemicalElement'),(1,'Jaden.VonRueden@hotmail.com',2,'Rock bound chemicalElement'),(1,'Johnathon53@hotmail.com',9,'Non Music bound chemicalElement'),(1,'Juvenal58@yahoo.com',11,'Classical bound chemicalElement'),(1,'Lawrence12@yahoo.com',4,'Rock bound chemicalElement'),(1,'Mallie52@gmail.com',1,'Classical bound chemicalElement'),(1,'Maudie21@yahoo.com',8,'Rap bound chemicalElement'),(1,'Mitchell.Stoltenberg-Spencer10@hotmail.com',12,'Folk bound chemicalElement'),(1,'Nina.Cronin71@gmail.com',2,'Rap bound chemicalElement'),(1,'Opal.King@gmail.com',1,'Rock bound chemicalElement'),(1,'Orlo.Dietrich11@yahoo.com',8,'Rock bound chemicalElement'),(1,'Ottis_Heller@gmail.com',7,'Country bound chemicalElement'),(1,'Reid_Fahey23@hotmail.com',4,'Jazz bound chemicalElement'),(1,'Rosetta75@hotmail.com',4,'Rock bound chemicalElement'),(1,'Xavier.Feest38@hotmail.com',8,'Country bound chemicalElement'),(2,'Abby_Bruen15@gmail.com',3,'Rock bound chemicalElement'),(2,'Adrienne.Marvin@gmail.com',10,'Rap bound chemicalElement'),(2,'Agustin66@hotmail.com',6,'Blues bound chemicalElement'),(2,'Alycia_Bosco10@hotmail.com',10,'Stage And Screen bound chemicalElement'),(2,'Antwan_Gutkowski83@gmail.com',2,'Soul bound chemicalElement'),(2,'Aracely_Quigley@hotmail.com',1,'Funk bound chemicalElement'),(2,'Arturo62@yahoo.com',1,'Reggae bound chemicalElement'),(2,'Carter.McDermott23@hotmail.com',16,'Hip Hop bound chemicalElement'),(2,'Elliot53@yahoo.com',12,'Pop bound chemicalElement'),(2,'Geo.Zieme@gmail.com',13,'Reggae bound chemicalElement'),(2,'Gloria22@hotmail.com',2,'Pop bound chemicalElement'),(2,'Haleigh97@yahoo.com',3,'Funk bound chemicalElement'),(2,'Jaden.VonRueden@hotmail.com',14,'Reggae bound chemicalElement'),(2,'Johnathon53@hotmail.com',1,'Hip Hop bound chemicalElement'),(2,'Juvenal58@yahoo.com',11,'Rap bound chemicalElement'),(2,'Lawrence12@yahoo.com',11,'Non Music bound chemicalElement'),(2,'Mallie52@gmail.com',6,'Jazz bound chemicalElement'),(2,'Maudie21@yahoo.com',8,'Hip Hop bound chemicalElement'),(2,'Mitchell.Stoltenberg-Spencer10@hotmail.com',13,'World bound chemicalElement'),(2,'Nina.Cronin71@gmail.com',8,'Classical bound chemicalElement'),(2,'Opal.King@gmail.com',1,'Hip Hop bound chemicalElement'),(2,'Orlo.Dietrich11@yahoo.com',10,'Blues bound chemicalElement'),(2,'Ottis_Heller@gmail.com',2,'Blues bound chemicalElement'),(2,'Reid_Fahey23@hotmail.com',2,'Country bound chemicalElement'),(2,'Rosetta75@hotmail.com',4,'Country bound chemicalElement'),(2,'Xavier.Feest38@hotmail.com',4,'Stage And Screen bound chemicalElement'),(3,'Abby_Bruen15@gmail.com',4,'Blues bound chemicalElement'),(3,'Agustin66@hotmail.com',2,'Stage And Screen bound chemicalElement'),(3,'Alycia_Bosco10@hotmail.com',1,'Country bound chemicalElement'),(3,'Antwan_Gutkowski83@gmail.com',9,'Hip Hop bound chemicalElement'),(3,'Aracely_Quigley@hotmail.com',1,'Rap bound chemicalElement'),(3,'Carter.McDermott23@hotmail.com',20,'Hip Hop bound chemicalElement'),(3,'Elliot53@yahoo.com',3,'Reggae bound chemicalElement'),(3,'Gloria22@hotmail.com',2,'Country bound chemicalElement'),(3,'Jaden.VonRueden@hotmail.com',7,'Pop bound chemicalElement'),(3,'Johnathon53@hotmail.com',15,'Stage And Screen bound chemicalElement'),(3,'Juvenal58@yahoo.com',11,'Folk bound chemicalElement'),(3,'Lawrence12@yahoo.com',15,'World bound chemicalElement'),(3,'Maudie21@yahoo.com',2,'Metal bound chemicalElement'),(3,'Reid_Fahey23@hotmail.com',24,'Rock bound chemicalElement'),(3,'Rosetta75@hotmail.com',3,'Latin bound chemicalElement'),(3,'Xavier.Feest38@hotmail.com',8,'Soul bound chemicalElement'),(4,'Abby_Bruen15@gmail.com',2,'Stage And Screen bound chemicalElement'),(4,'Agustin66@hotmail.com',7,'Rap bound chemicalElement'),(4,'Antwan_Gutkowski83@gmail.com',5,'Country bound chemicalElement'),(4,'Carter.McDermott23@hotmail.com',17,'Jazz bound chemicalElement'),(4,'Elliot53@yahoo.com',7,'Non Music bound chemicalElement'),(4,'Gloria22@hotmail.com',1,'World bound chemicalElement'),(4,'Juvenal58@yahoo.com',6,'Electronic bound chemicalElement'),(4,'Lawrence12@yahoo.com',9,'Soul bound chemicalElement'),(4,'Maudie21@yahoo.com',8,'World bound chemicalElement'),(4,'Reid_Fahey23@hotmail.com',14,'Country bound chemicalElement'),(5,'Lawrence12@yahoo.com',18,'Blues bound chemicalElement'),(5,'Maudie21@yahoo.com',8,'Rap bound chemicalElement');
/*!40000 ALTER TABLE `Playlist` ENABLE KEYS */;
UNLOCK TABLES;

--
-- Table structure for table `ProdukKomersial`
--

DROP TABLE IF EXISTS `ProdukKomersial`;
/*!40101 SET @saved_cs_client     = @@character_set_client */;
/*!40101 SET character_set_client = utf8 */;
CREATE TABLE `ProdukKomersial` (
  `idProdukKomersial` int(10) unsigned NOT NULL,
  `emailArtist` varchar(255) NOT NULL,
  `idSubscriptionArtist` int(10) unsigned NOT NULL,
  `judulProduk` varchar(255) NOT NULL,
  `genre` varchar(255) NOT NULL,
  `tanggalRilis` date NOT NULL DEFAULT curdate(),
  `tipeProduk` enum('album','ep','single') NOT NULL,
  PRIMARY KEY (`idProdukKomersial`),
  KEY `emailArtist` (`emailArtist`,`idSubscriptionArtist`),
  CONSTRAINT `ProdukKomersial_ibfk_1` FOREIGN KEY (`emailArtist`, `idSubscriptionArtist`) REFERENCES `AppleMusicUser` (`email`, `idSubscription`)
) ENGINE=InnoDB DEFAULT CHARSET=utf8mb4 COLLATE=utf8mb4_general_ci;
/*!40101 SET character_set_client = @saved_cs_client */;

--
-- Dumping data for table `ProdukKomersial`
--

LOCK TABLES `ProdukKomersial` WRITE;
/*!40000 ALTER TABLE `ProdukKomersial` DISABLE KEYS */;
INSERT INTO `ProdukKomersial` VALUES (1,'Xavier.Feest38@hotmail.com',6,'On the Atchison','Reggae','2023-03-22','album'),(2,'Reid_Fahey23@hotmail.com',10,'When Doves Cry','Country','2022-12-24','single'),(3,'Juvenal58@yahoo.com',8,'(You Keep Me) Hangin\' On','Pop','2023-11-02','ep'),(4,'Geo.Zieme@gmail.com',2,'Tutti Frutti','Rock','2023-06-05','album'),(5,'Justina39@gmail.com',4,'Over There','Latin','2024-04-08','single'),(6,'Xavier.Feest38@hotmail.com',12,'Rum & Coca-Cola','Metal','2023-10-06','single'),(7,'Lawrence12@yahoo.com',14,'All I Have to Do is Dream','Folk','2023-07-03','single'),(8,'Alycia_Bosco10@hotmail.com',7,'Philadelphia Freedom','Latin','2023-07-27','ep'),(9,'Adrienne.Marvin@gmail.com',11,'Chattanoogie Shoe-Shine Boy','Hip Hop','2024-02-01','album'),(10,'Adrienne.Marvin@gmail.com',9,'Memories Are Made of This','Stage And Screen','2023-12-08','album'),(11,'Lawrence12@yahoo.com',2,'Fallin\'','Blues','2022-06-26','single'),(12,'Juvenal58@yahoo.com',12,'Ghostbusters','Metal','2024-02-21','ep'),(13,'Carter.McDermott23@hotmail.com',3,'In the Ghetto','Funk','2022-10-05','single'),(14,'Orlo.Dietrich11@yahoo.com',1,'Angie','Funk','2023-04-27','album'),(15,'Rosetta75@hotmail.com',1,'Everybody Wants to Rule the World','Latin','2023-12-29','ep'),(16,'Jaden.VonRueden@hotmail.com',9,'That Lucky Old Sun (Just Rolls Around Heaven All Day)','Electronic','2023-08-30','album'),(17,'Geo.Zieme@gmail.com',11,'How High the Moon','Jazz','2024-03-08','single'),(18,'Geo.Zieme@gmail.com',9,'Silly Love Songs','Country','2024-01-08','single'),(19,'Haleigh97@yahoo.com',2,'Reach Out (I\'ll Be There)','Non Music','2023-08-03','album'),(20,'Mitchell.Stoltenberg-Spencer10@hotmail.com',3,'I Feel Love','Country','2023-07-07','single'),(21,'Maudie21@yahoo.com',8,'Love Shack','Rap','2024-06-02','album'),(22,'Nina.Cronin71@gmail.com',11,'Footloose','Folk','2024-02-04','single'),(23,'Arturo62@yahoo.com',2,'Yakety Yak','Blues','2024-01-31','single'),(24,'Haleigh97@yahoo.com',6,'Nothing Compares 2 U','Pop','2023-11-29','single'),(25,'Lawrence12@yahoo.com',19,'Crazy','Metal','2023-11-26','album'),(26,'Adrienne.Marvin@gmail.com',5,'Help Me','Country','2023-07-26','ep'),(27,'Johnathon53@hotmail.com',12,'Uncle Albert (Admiral Halsey)','Folk','2023-05-25','single'),(28,'Juvenal58@yahoo.com',11,'Suspicious Minds','Metal','2024-02-04','ep'),(29,'Mallie52@gmail.com',6,'One of Us','Electronic','2024-04-09','album'),(30,'Lawrence12@yahoo.com',1,'Rapture','Metal','2022-06-04','ep'),(31,'Xavier.Feest38@hotmail.com',12,'California Dreamin\'','Rap','2023-09-30','ep'),(32,'Jaden.VonRueden@hotmail.com',16,'Somebody to Love','Rock','2024-03-30','single'),(33,'Antwan_Gutkowski83@gmail.com',2,'Mule Train','Pop','2023-06-04','album'),(34,'Geo.Zieme@gmail.com',8,'Don\'t Worry Be Happy','Blues','2023-12-04','ep'),(35,'Darion.Schowalter68@yahoo.com',1,'Crying','Folk','2022-12-04','ep'),(36,'Mitchell.Stoltenberg-Spencer10@hotmail.com',12,'California Girls','Rap','2024-03-30','ep'),(37,'Mitchell.Stoltenberg-Spencer10@hotmail.com',12,'Party Rock Anthem','Funk','2024-03-24','album'),(38,'Lawrence12@yahoo.com',17,'Always On My Mind','Electronic','2023-09-24','ep'),(39,'Mitchell.Stoltenberg-Spencer10@hotmail.com',5,'Roll With It','Stage And Screen','2023-09-01','ep'),(40,'Agustin66@hotmail.com',2,'We Will Rock You','World','2023-05-27','album'),(41,'Kiarra.Monahan@yahoo.com',2,'What\'s Love Got to Do With It?','Classical','2024-01-28','ep'),(42,'Rosetta75@hotmail.com',2,'Hey Paula','Non Music','2024-01-27','ep'),(43,'Juvenal58@yahoo.com',13,'(Your Love Keeps Lifting Me) Higher & Higher','Metal','2024-04-02','single'),(44,'Carter.McDermott23@hotmail.com',18,'Ain\'t No Mountain High Enough','Reggae','2024-01-08','single'),(45,'Xavier.Feest38@hotmail.com',12,'Use Somebody','Rock','2023-09-22','ep'),(46,'Xavier.Feest38@hotmail.com',13,'Your Song','Rock','2023-10-31','ep'),(47,'Agustin66@hotmail.com',3,'Lookin\' Out My Back Door','Rap','2023-06-29','album'),(48,'Aracely_Quigley@hotmail.com',1,'Beauty & the Beast','Rock','2024-06-01','single'),(49,'Alycia_Bosco10@hotmail.com',13,'Vaya Con Dios (may God Be With You)','Jazz','2024-02-03','ep'),(50,'Reid_Fahey23@hotmail.com',6,'Good Times','Folk','2022-09-09','ep'),(51,'Orlo.Dietrich11@yahoo.com',8,'Sweet Georgia Brown','Pop','2023-12-04','single'),(52,'Leola.Durgan36@yahoo.com',10,'You Always Hurt the One You Love','Soul','2024-03-04','single'),(53,'Alycia_Bosco10@hotmail.com',9,'Like a Prayer','Rock','2023-09-24','single'),(54,'Arturo62@yahoo.com',2,'Rush Rush','World','2024-02-03','single'),(55,'Orlo.Dietrich11@yahoo.com',9,'I\'m Your Boogie Man','Electronic','2023-12-25','album'),(56,'Agustin66@hotmail.com',2,'Hotel California','World','2023-05-31','single'),(57,'Juvenal58@yahoo.com',10,'You Can\'t Hurry Love','Stage And Screen','2024-01-08','ep'),(58,'Nina.Cronin71@gmail.com',1,'Pon De Replay','Rap','2023-03-31','album'),(59,'Xavier.Feest38@hotmail.com',12,'I Will Follow Him','Hip Hop','2023-09-29','single'),(60,'Darion.Schowalter68@yahoo.com',11,'You Make Me Feel Brand New','Folk','2023-09-25','single');
/*!40000 ALTER TABLE `ProdukKomersial` ENABLE KEYS */;
UNLOCK TABLES;

--
-- Table structure for table `Song`
--

DROP TABLE IF EXISTS `Song`;
/*!40101 SET @saved_cs_client     = @@character_set_client */;
/*!40101 SET character_set_client = utf8 */;
CREATE TABLE `Song` (
  `idSong` int(10) unsigned NOT NULL,
  `idLabel` int(10) unsigned NOT NULL,
  `emailArtist` varchar(255) NOT NULL,
  `idSubscriptionArtist` int(10) unsigned NOT NULL,
  `judul` varchar(255) NOT NULL,
  `durasi` int(10) unsigned NOT NULL,
  `tanggalRilis` date NOT NULL DEFAULT curdate(),
  PRIMARY KEY (`idSong`),
  KEY `idLabel` (`idLabel`),
  KEY `emailArtist` (`emailArtist`,`idSubscriptionArtist`),
  CONSTRAINT `Song_ibfk_1` FOREIGN KEY (`idLabel`) REFERENCES `Label` (`idLabel`),
  CONSTRAINT `Song_ibfk_2` FOREIGN KEY (`emailArtist`, `idSubscriptionArtist`) REFERENCES `AppleMusicUser` (`email`, `idSubscription`),
  CHECK (durasi > 0)

) ENGINE=InnoDB DEFAULT CHARSET=utf8mb4 COLLATE=utf8mb4_general_ci;
/*!40101 SET character_set_client = @saved_cs_client */;

--
-- Dumping data for table `Song`
--

LOCK TABLES `Song` WRITE;
/*!40000 ALTER TABLE `Song` DISABLE KEYS */;
INSERT INTO `Song` VALUES (1,25,'Juvenal58@yahoo.com',8,'You Always Hurt the One You Love',499,'2023-10-22'),(2,1,'Orlo.Dietrich11@yahoo.com',4,'Horse With No Name',173,'2023-07-28'),(3,6,'Darion.Schowalter68@yahoo.com',13,'Me & Bobby McGee',253,'2023-11-23'),(4,2,'Antwan_Gutkowski83@gmail.com',8,'Soldier Boy',421,'2023-11-23'),(5,13,'Mitchell.Stoltenberg-Spencer10@hotmail.com',7,'Look Away',74,'2023-10-21'),(6,4,'Xavier.Feest38@hotmail.com',13,'I\'ll Make Love to You',455,'2023-10-26'),(7,16,'Arturo62@yahoo.com',4,'I\'m So Lonesome I Could Cry',73,'2024-03-28'),(8,15,'Carter.McDermott23@hotmail.com',8,'It\'s Now Or Never',158,'2023-02-20'),(9,19,'Opal.King@gmail.com',1,'Papa\'s Got a Brand New Bag',500,'2024-01-22'),(10,10,'Mallie52@gmail.com',6,'Dizzy',596,'2024-03-26'),(11,23,'Orlo.Dietrich11@yahoo.com',11,'Let it Snow! Let it Snow! Let it Snow!',180,'2024-02-19'),(12,6,'Carter.McDermott23@hotmail.com',12,'Behind Closed Doors',157,'2023-06-21'),(13,7,'Jaden.VonRueden@hotmail.com',3,'Always On My Mind',486,'2023-02-28'),(14,8,'Lawrence12@yahoo.com',7,'Sledgehammer',337,'2022-11-28'),(15,29,'Carter.McDermott23@hotmail.com',18,'The Rose',412,'2023-12-27'),(16,9,'Alycia_Bosco10@hotmail.com',11,'I Heard it Through the Grapevine',84,'2023-11-25'),(17,5,'Elliot53@yahoo.com',3,'La Bamba',411,'2023-02-27'),(18,25,'Carter.McDermott23@hotmail.com',16,'Great Balls of Fire',156,'2023-10-21'),(19,24,'Geo.Zieme@gmail.com',8,'Rapture',598,'2023-11-27'),(20,27,'Orlo.Dietrich11@yahoo.com',8,'She Loves You',528,'2023-11-22'),(21,3,'Reid_Fahey23@hotmail.com',24,'A Boy Named Sue',492,'2024-02-28'),(22,26,'Alycia_Bosco10@hotmail.com',9,'I Just Wanna Be Your Everything',137,'2023-09-20'),(23,24,'Orlo.Dietrich11@yahoo.com',1,'Unchained Melody',91,'2023-04-20'),(24,30,'Lawrence12@yahoo.com',4,'Always On My Mind',597,'2022-08-26'),(25,28,'Mitchell.Stoltenberg-Spencer10@hotmail.com',9,'Rolling In The Deep',554,'2023-12-24'),(26,4,'Johnathon53@hotmail.com',1,'Don\'t Be Cruel',403,'2022-06-24'),(27,6,'Alycia_Bosco10@hotmail.com',13,'Stay (I Missed You)',524,'2024-01-20'),(28,28,'Mallie52@gmail.com',1,'Stars & Stripes Forever',161,'2023-10-24'),(29,3,'Ottis_Heller@gmail.com',7,'Leaving',360,'2023-08-23'),(30,17,'Lawrence12@yahoo.com',19,'Too Close',279,'2023-11-21'),(31,24,'Adrienne.Marvin@gmail.com',11,'Swanee',497,'2024-01-26'),(32,30,'Antwan_Gutkowski83@gmail.com',1,'Venus',143,'2023-04-26'),(33,12,'Jaden.VonRueden@hotmail.com',15,'Never Gonna Give You Up',376,'2024-02-27'),(34,10,'Xavier.Feest38@hotmail.com',14,'This Diamond Ring',194,'2023-11-21'),(35,12,'Ottis_Heller@gmail.com',11,'Respect',590,'2023-12-26'),(36,22,'Elliot53@yahoo.com',10,'The Song From Moulin Rouge (Where Is Your Heart)',344,'2023-09-25'),(37,29,'Orlo.Dietrich11@yahoo.com',8,'Be Bop a Lula',245,'2023-11-26'),(38,26,'Abby_Bruen15@gmail.com',4,'Stagger Lee',390,'2024-02-21'),(39,4,'Geo.Zieme@gmail.com',2,'I\'ll Be Missing You',319,'2023-05-25'),(40,14,'Nina.Cronin71@gmail.com',9,'Instant Karma',398,'2023-11-28'),(41,10,'Mallie52@gmail.com',6,'Another Brick in the Wall (part 2)',208,'2024-03-26'),(42,4,'Carter.McDermott23@hotmail.com',7,'Joy to the World',488,'2023-01-25'),(43,29,'Leola.Durgan36@yahoo.com',7,'Instant Karma',374,'2023-11-23'),(44,23,'Carter.McDermott23@hotmail.com',11,'Lights',381,'2023-05-25'),(45,23,'Mitchell.Stoltenberg-Spencer10@hotmail.com',8,'Too Young',454,'2023-11-25'),(46,3,'Abby_Bruen15@gmail.com',2,'Louie Louie',285,'2023-12-28'),(47,12,'Juvenal58@yahoo.com',11,'We Built This City',345,'2024-01-25'),(48,23,'Darion.Schowalter68@yahoo.com',3,'Monday Monday',209,'2023-01-28'),(49,8,'Gloria22@hotmail.com',1,'Gimme Some Lovin\'',498,'2024-01-28'),(50,18,'Adrienne.Marvin@gmail.com',5,'Bad Girls',586,'2023-07-25'),(51,4,'Lawrence12@yahoo.com',1,'Rock Around the Clock',350,'2022-05-28'),(52,16,'Lawrence12@yahoo.com',3,'Jump',405,'2022-07-23'),(53,28,'Elliot53@yahoo.com',3,'Leaving',542,'2023-02-19'),(54,24,'Johnathon53@hotmail.com',14,'Nothin\' on You',543,'2023-07-25'),(55,6,'Darion.Schowalter68@yahoo.com',1,'Cold',177,'2022-11-20'),(56,11,'Antwan_Gutkowski83@gmail.com',2,'I\'ll Make Love to You',91,'2023-05-24'),(57,2,'Lawrence12@yahoo.com',3,'Spill the Wine',77,'2022-07-20'),(58,11,'Elliot53@yahoo.com',15,'The Sign',566,'2024-02-19'),(59,23,'Juvenal58@yahoo.com',3,'Purple Haze',297,'2023-05-27'),(60,19,'Carter.McDermott23@hotmail.com',3,'(Sexual) Healing',152,'2022-09-25'),(61,24,'Jaden.VonRueden@hotmail.com',1,'Wabash Cannonball',218,'2022-12-26'),(62,17,'Antwan_Gutkowski83@gmail.com',10,'Need You Now',303,'2024-01-28'),(63,30,'Rosetta75@hotmail.com',4,'Cracklin\' Rosie',221,'2024-03-21'),(64,21,'Xavier.Feest38@hotmail.com',12,'Won\'t Get Fooled Again',529,'2023-09-25'),(65,2,'Jaden.VonRueden@hotmail.com',13,'I Just Called to Say I Love You',403,'2023-12-21'),(66,25,'Rosetta75@hotmail.com',1,'Soul Man',177,'2023-12-22'),(67,12,'Lawrence12@yahoo.com',2,'I Can Help',411,'2022-06-25'),(68,7,'Xavier.Feest38@hotmail.com',3,'U Can\'t Touch This',371,'2022-12-28'),(69,16,'Adrienne.Marvin@gmail.com',9,'Drop it Like It\'s Hot',158,'2023-11-28'),(70,2,'Darion.Schowalter68@yahoo.com',15,'Lose Yourself',180,'2024-01-27'),(71,9,'Johnathon53@hotmail.com',11,'Wayward Wind',116,'2023-04-28'),(72,15,'Johnathon53@hotmail.com',12,'Instant Karma',317,'2023-05-23'),(73,1,'Ottis_Heller@gmail.com',15,'Help!',132,'2024-04-27'),(74,14,'Antwan_Gutkowski83@gmail.com',13,'You\'ve Lost That Lovin\' Feelin\'',222,'2024-04-22'),(75,18,'Geo.Zieme@gmail.com',5,'Up Around the Bend',157,'2023-08-20'),(76,4,'Arturo62@yahoo.com',2,'On Bended Knee',189,'2024-01-22'),(77,9,'Darion.Schowalter68@yahoo.com',14,'Midnight Train to Georgia',210,'2023-12-26'),(78,23,'Jaden.VonRueden@hotmail.com',9,'Promiscuous',267,'2023-08-23'),(79,19,'Orlo.Dietrich11@yahoo.com',6,'Losing My Religion',592,'2023-09-26'),(80,21,'Orlo.Dietrich11@yahoo.com',3,'Penny Lane',466,'2023-06-24'),(81,2,'Aracely_Quigley@hotmail.com',1,'When You Wish Upon a Star',168,'2024-05-23'),(82,21,'Darion.Schowalter68@yahoo.com',1,'Return to Sender',494,'2022-11-28'),(83,5,'Reid_Fahey23@hotmail.com',10,'Thank You (Falettinme be Mice Elf Again)',524,'2022-12-28'),(84,21,'Darion.Schowalter68@yahoo.com',6,'As Time Goes By',120,'2023-04-19'),(85,6,'Mitchell.Stoltenberg-Spencer10@hotmail.com',5,'I Got You Babe',242,'2023-08-22'),(86,24,'Xavier.Feest38@hotmail.com',11,'Some Enchanted Evening',341,'2023-08-24'),(87,2,'Haleigh97@yahoo.com',2,'Singing The Blues',570,'2023-07-23'),(88,2,'Arturo62@yahoo.com',2,'Ben',252,'2024-01-19'),(89,7,'Reid_Fahey23@hotmail.com',3,'Freebird',121,'2022-05-20'),(90,10,'Alycia_Bosco10@hotmail.com',7,'Reach Out (I\'ll Be There)',108,'2023-07-19'),(91,19,'Mitchell.Stoltenberg-Spencer10@hotmail.com',2,'Travellin\' Man',400,'2023-05-19'),(92,8,'Leola.Durgan36@yahoo.com',10,'Blueberry Hill',160,'2024-02-28'),(93,22,'Geo.Zieme@gmail.com',3,'Single Ladies (Put A Ring On It)',500,'2023-06-21'),(94,20,'Reid_Fahey23@hotmail.com',22,'Buttons & Bows',162,'2023-12-20'),(95,26,'Lawrence12@yahoo.com',5,'Wishing Well',578,'2022-09-26'),(96,9,'Xavier.Feest38@hotmail.com',6,'Walk Like an Egyptian',190,'2023-03-21'),(97,6,'Orlo.Dietrich11@yahoo.com',9,'Tequila',176,'2023-12-21'),(98,20,'Haleigh97@yahoo.com',10,'Fallin\'',585,'2024-03-20'),(99,28,'Geo.Zieme@gmail.com',6,'I\'ll Take You There',341,'2023-09-21'),(100,28,'Reid_Fahey23@hotmail.com',12,'You Always Hurt the One You Love',533,'2023-02-25'),(101,17,'Kiarra.Monahan@yahoo.com',2,'Kiss You All Over',445,'2024-01-27'),(102,21,'Jaden.VonRueden@hotmail.com',8,'On My Own',532,'2023-07-20'),(103,20,'Xavier.Feest38@hotmail.com',5,'Play That Funky Music',292,'2023-02-23'),(104,3,'Johnathon53@hotmail.com',5,'Creep',136,'2022-10-24'),(105,24,'Mitchell.Stoltenberg-Spencer10@hotmail.com',3,'Up Up & Away',337,'2023-06-26'),(106,26,'Jaden.VonRueden@hotmail.com',6,'You Make Me Feel Brand New',83,'2023-05-28'),(107,7,'Lawrence12@yahoo.com',3,'Every Little Thing She Does is Magic',591,'2022-07-28'),(108,6,'Juvenal58@yahoo.com',13,'Under the Boardwalk',223,'2024-03-27'),(109,23,'Lawrence12@yahoo.com',13,'Spanish Harlem',374,'2023-05-24'),(110,12,'Ottis_Heller@gmail.com',9,'I Can\'t Get Started',163,'2023-10-21'),(111,2,'Geo.Zieme@gmail.com',12,'The Sign',111,'2024-03-20'),(112,11,'Darion.Schowalter68@yahoo.com',16,'Burn',372,'2024-02-21'),(113,7,'Lawrence12@yahoo.com',4,'Cathy\'s Clown',71,'2022-08-22'),(114,3,'Justina39@gmail.com',5,'Brandy (You\'re A Fine Girl)',267,'2024-04-28'),(115,8,'Maudie21@yahoo.com',8,'I\'ll Walk Alone',202,'2024-05-26'),(116,12,'Maudie21@yahoo.com',6,'A Boy Named Sue',380,'2024-03-21'),(117,13,'Adrienne.Marvin@gmail.com',12,'God Bless the Child',350,'2024-02-25'),(118,10,'Adrienne.Marvin@gmail.com',9,'Love Child',443,'2023-11-27'),(119,4,'Carter.McDermott23@hotmail.com',5,'When Doves Cry',217,'2022-11-26'),(120,3,'Jaden.VonRueden@hotmail.com',15,'Nothing Compares 2 U',396,'2024-02-28'),(121,2,'Lawrence12@yahoo.com',17,'You Sexy Thing',121,'2023-09-19'),(122,2,'Darion.Schowalter68@yahoo.com',11,'Man in the Mirror',110,'2023-09-23'),(123,8,'Jaden.VonRueden@hotmail.com',16,'I Still Haven\'t Found What I\'m Looking For',128,'2024-03-28'),(124,19,'Nina.Cronin71@gmail.com',1,'Love to Love You Baby',456,'2023-03-26'),(125,20,'Ottis_Heller@gmail.com',5,'Pony Time',473,'2023-06-26'),(126,26,'Carter.McDermott23@hotmail.com',12,'Return to Sender',406,'2023-06-28'),(127,1,'Darion.Schowalter68@yahoo.com',16,'Killing Me Softly With His Song',304,'2024-02-22'),(128,6,'Xavier.Feest38@hotmail.com',4,'The Sounds of Silence',161,'2023-01-21'),(129,16,'Agustin66@hotmail.com',7,'Miss You Much',549,'2023-10-19'),(130,23,'Geo.Zieme@gmail.com',9,'Oh Happy Day',563,'2023-12-28'),(131,15,'Carter.McDermott23@hotmail.com',14,'Wake Up Little Susie',372,'2023-08-27'),(132,6,'Adrienne.Marvin@gmail.com',9,'Something',192,'2023-11-22'),(133,19,'Jaden.VonRueden@hotmail.com',8,'Boom Boom Pow',179,'2023-07-22'),(134,26,'Rosetta75@hotmail.com',1,'Love Will Keep Us Together',296,'2023-12-22'),(135,15,'Johnathon53@hotmail.com',20,'Penny Lane',456,'2024-01-20'),(136,8,'Reid_Fahey23@hotmail.com',4,'We Are the Champions',380,'2022-06-21'),(137,3,'Juvenal58@yahoo.com',10,'Love Me Tender',364,'2023-12-25'),(138,26,'Nina.Cronin71@gmail.com',3,'How Deep is Your Love?',212,'2023-05-20'),(139,28,'Carter.McDermott23@hotmail.com',4,'Pon De Replay',286,'2022-10-21'),(140,3,'Jaden.VonRueden@hotmail.com',9,'Irreplaceable',150,'2023-08-19'),(141,1,'Elliot53@yahoo.com',5,'You Make Me Feel Brand New',593,'2023-04-21'),(142,18,'Carter.McDermott23@hotmail.com',10,'Umbrella',225,'2023-04-22'),(143,24,'Nina.Cronin71@gmail.com',11,'That\'s Amore',116,'2024-01-20'),(144,3,'Lawrence12@yahoo.com',8,'Be My Love',442,'2022-12-20'),(145,30,'Johnathon53@hotmail.com',18,'Don\'t Leave Me This Way',64,'2023-11-28'),(146,30,'Juvenal58@yahoo.com',11,'Good Times',226,'2024-01-28'),(147,17,'Geo.Zieme@gmail.com',2,'One More Try',73,'2023-05-27'),(148,8,'Lawrence12@yahoo.com',19,'Only The Lonely (Know The Way I Feel)',145,'2023-11-24'),(149,21,'Leola.Durgan36@yahoo.com',1,'It\'s Now Or Never',323,'2023-05-22'),(150,14,'Haleigh97@yahoo.com',4,'Get Down Tonight',279,'2023-09-20'),(151,5,'Kiarra.Monahan@yahoo.com',4,'We Are Young',462,'2024-03-25'),(152,16,'Mitchell.Stoltenberg-Spencer10@hotmail.com',2,'Good Vibrations',200,'2023-05-25'),(153,3,'Lawrence12@yahoo.com',14,'Do Ya Think I\'m Sexy?',108,'2023-06-22'),(154,6,'Haleigh97@yahoo.com',6,'Hips don\'t lie',87,'2023-11-25'),(155,24,'Haleigh97@yahoo.com',9,'Won\'t Get Fooled Again',567,'2024-02-28'),(156,24,'Maudie21@yahoo.com',5,'Play That Funky Music',79,'2024-02-23'),(157,12,'Lawrence12@yahoo.com',19,'Rock the Casbah',498,'2023-11-22'),(158,24,'Reid_Fahey23@hotmail.com',6,'Ray of Light',128,'2022-08-26'),(159,25,'Leola.Durgan36@yahoo.com',10,'Begin the Beguine',431,'2024-02-24'),(160,24,'Carter.McDermott23@hotmail.com',16,'Feel Good Inc',329,'2023-10-26'),(161,14,'Mitchell.Stoltenberg-Spencer10@hotmail.com',10,'Be My Love',306,'2024-01-28'),(162,30,'Jaden.VonRueden@hotmail.com',3,'Big Girls Don\'t Cry',302,'2023-02-26'),(163,26,'Agustin66@hotmail.com',3,'Help Me',200,'2023-06-21'),(164,29,'Reid_Fahey23@hotmail.com',17,'Tequila',281,'2023-07-23'),(165,27,'Adrienne.Marvin@gmail.com',2,'Get Off of My Cloud',480,'2023-04-21'),(166,17,'Jaden.VonRueden@hotmail.com',6,'Mister Sandman',182,'2023-05-27'),(167,25,'Juvenal58@yahoo.com',3,'Touch Me',85,'2023-05-27'),(168,22,'Xavier.Feest38@hotmail.com',12,'Nights in White Satin',173,'2023-09-20'),(169,6,'Carter.McDermott23@hotmail.com',19,'Dancing in the Dark',384,'2024-01-28'),(170,4,'Mitchell.Stoltenberg-Spencer10@hotmail.com',12,'Cry Like a Baby',470,'2024-03-23'),(171,2,'Haleigh97@yahoo.com',8,'Firework',163,'2024-01-21'),(172,12,'Xavier.Feest38@hotmail.com',5,'All My Lovin\' (You\'re Never Gonna Get It)',363,'2023-02-20'),(173,3,'Reid_Fahey23@hotmail.com',21,'Wichita Lineman',358,'2023-11-28'),(174,26,'Adrienne.Marvin@gmail.com',4,'I Can\'t Get Started',516,'2023-06-24'),(175,1,'Johnathon53@hotmail.com',1,'He\'ll Have to Go',416,'2022-06-24'),(176,13,'Carter.McDermott23@hotmail.com',19,'Dilemma',492,'2024-01-26'),(177,24,'Xavier.Feest38@hotmail.com',12,'Purple Haze',272,'2023-09-19'),(178,1,'Haleigh97@yahoo.com',12,'Fly Robin Fly',155,'2024-05-28'),(179,25,'Adrienne.Marvin@gmail.com',10,'Kiss You All Over',466,'2023-12-25'),(180,9,'Jaden.VonRueden@hotmail.com',12,'Love In This Club',168,'2023-11-25'),(181,8,'Lawrence12@yahoo.com',5,'California Girls',259,'2022-09-20'),(182,11,'Adrienne.Marvin@gmail.com',5,'Walk On By',594,'2023-07-22'),(183,12,'Jaden.VonRueden@hotmail.com',12,'Smooth',370,'2023-11-19'),(184,1,'Reid_Fahey23@hotmail.com',10,'Another Day in Paradise',204,'2022-12-22'),(185,5,'Ottis_Heller@gmail.com',1,'ABC',177,'2023-02-26'),(186,12,'Orlo.Dietrich11@yahoo.com',1,'Respect',581,'2023-04-26'),(187,12,'Justina39@gmail.com',4,'The Girl From Ipanema',445,'2024-03-28'),(188,15,'Rosetta75@hotmail.com',2,'Take My Breath Away',311,'2024-01-21'),(189,23,'Darion.Schowalter68@yahoo.com',8,'My Guy',392,'2023-06-22'),(190,8,'Rosetta75@hotmail.com',3,'Let\'s Get it On',279,'2024-02-21'),(191,28,'Geo.Zieme@gmail.com',11,'Baby Love',580,'2024-02-23'),(192,3,'Reid_Fahey23@hotmail.com',12,'I Can\'t Go For That (No Can Do)',132,'2023-02-26'),(193,17,'Maudie21@yahoo.com',3,'April Showers',347,'2023-12-26'),(194,28,'Nina.Cronin71@gmail.com',1,'Me & Bobby McGee',459,'2023-03-27'),(195,4,'Juvenal58@yahoo.com',12,'I\'m Yours',496,'2024-02-20'),(196,28,'Carter.McDermott23@hotmail.com',15,'That\'s What Friends Are For',480,'2023-09-23'),(197,11,'Antwan_Gutkowski83@gmail.com',4,'Get Back',449,'2023-07-28'),(198,27,'Agustin66@hotmail.com',2,'Sexyback',181,'2023-05-20'),(199,22,'Antwan_Gutkowski83@gmail.com',6,'Waiting For a Girl Like You',357,'2023-09-21'),(200,13,'Maudie21@yahoo.com',8,'Night & Day',192,'2024-05-23');
/*!40000 ALTER TABLE `Song` ENABLE KEYS */;
UNLOCK TABLES;

--
-- Table structure for table `SubscriptionPlan`
--

DROP TABLE IF EXISTS `SubscriptionPlan`;
/*!40101 SET @saved_cs_client     = @@character_set_client */;
/*!40101 SET character_set_client = utf8 */;
CREATE TABLE `SubscriptionPlan` (
  `jenisSubscription` enum('pelajar','perorangan','keluarga') NOT NULL,
  `harga` int(10) unsigned NOT NULL,
  PRIMARY KEY (`jenisSubscription`)
) ENGINE=InnoDB DEFAULT CHARSET=utf8mb4 COLLATE=utf8mb4_general_ci;
/*!40101 SET character_set_client = @saved_cs_client */;

--
-- Dumping data for table `SubscriptionPlan`
--

LOCK TABLES `SubscriptionPlan` WRITE;
/*!40000 ALTER TABLE `SubscriptionPlan` DISABLE KEYS */;
INSERT INTO `SubscriptionPlan` VALUES ('pelajar',815),('perorangan',85),('keluarga',159);
/*!40000 ALTER TABLE `SubscriptionPlan` ENABLE KEYS */;
UNLOCK TABLES;

--
-- Table structure for table `TerdiriDari`
--

DROP TABLE IF EXISTS `TerdiriDari`;
/*!40101 SET @saved_cs_client     = @@character_set_client */;
/*!40101 SET character_set_client = utf8 */;
CREATE TABLE `TerdiriDari` (
  `idPlaylist` int(10) unsigned NOT NULL,
  `emailCreator` varchar(255) NOT NULL,
  `idSong` int(10) unsigned NOT NULL,
  `idProdukKomersial` int(10) unsigned NOT NULL,
  PRIMARY KEY (`idPlaylist`,`emailCreator`,`idSong`,`idProdukKomersial`),
  KEY `idSong` (`idSong`),
  KEY `idProdukKomersial` (`idProdukKomersial`),
  KEY `TerdiriDari_ibfk_4` (`emailCreator`),
  CONSTRAINT `TerdiriDari_ibfk_1` FOREIGN KEY (`idPlaylist`) REFERENCES `Playlist` (`idPlaylist`),
  CONSTRAINT `TerdiriDari_ibfk_2` FOREIGN KEY (`idSong`) REFERENCES `Song` (`idSong`),
  CONSTRAINT `TerdiriDari_ibfk_3` FOREIGN KEY (`idProdukKomersial`) REFERENCES `ProdukKomersial` (`idProdukKomersial`),
  CONSTRAINT `TerdiriDari_ibfk_4` FOREIGN KEY (`emailCreator`) REFERENCES `AppleMusicUser` (`email`)
) ENGINE=InnoDB DEFAULT CHARSET=utf8mb4 COLLATE=utf8mb4_general_ci;
/*!40101 SET character_set_client = @saved_cs_client */;

--
-- Dumping data for table `TerdiriDari`
--

LOCK TABLES `TerdiriDari` WRITE;
/*!40000 ALTER TABLE `TerdiriDari` DISABLE KEYS */;
INSERT INTO `TerdiriDari` VALUES (1,'Abby_Bruen15@gmail.com',1,28),(1,'Abby_Bruen15@gmail.com',22,53),(1,'Abby_Bruen15@gmail.com',64,45),(1,'Abby_Bruen15@gmail.com',96,31),(1,'Abby_Bruen15@gmail.com',148,11),(1,'Abby_Bruen15@gmail.com',186,55),(1,'Adrienne.Marvin@gmail.com',19,17),(1,'Adrienne.Marvin@gmail.com',20,55),(1,'Adrienne.Marvin@gmail.com',96,6),(1,'Adrienne.Marvin@gmail.com',98,19),(1,'Adrienne.Marvin@gmail.com',198,40),(1,'Agustin66@hotmail.com',52,38),(1,'Agustin66@hotmail.com',82,60),(1,'Agustin66@hotmail.com',86,31),(1,'Agustin66@hotmail.com',87,19),(1,'Agustin66@hotmail.com',96,1),(1,'Agustin66@hotmail.com',146,57),(1,'Agustin66@hotmail.com',197,33),(1,'Alycia_Bosco10@hotmail.com',20,51),(1,'Alycia_Bosco10@hotmail.com',22,53),(1,'Alycia_Bosco10@hotmail.com',25,20),(1,'Alycia_Bosco10@hotmail.com',88,23),(1,'Alycia_Bosco10@hotmail.com',107,11),(1,'Alycia_Bosco10@hotmail.com',115,21),(1,'Alycia_Bosco10@hotmail.com',146,28),(1,'Alycia_Bosco10@hotmail.com',147,17),(1,'Alycia_Bosco10@hotmail.com',198,47),(1,'Antwan_Gutkowski83@gmail.com',22,49),(1,'Antwan_Gutkowski83@gmail.com',28,29),(1,'Antwan_Gutkowski83@gmail.com',39,18),(1,'Antwan_Gutkowski83@gmail.com',56,33),(1,'Antwan_Gutkowski83@gmail.com',60,44),(1,'Antwan_Gutkowski83@gmail.com',123,32),(1,'Antwan_Gutkowski83@gmail.com',138,22),(1,'Antwan_Gutkowski83@gmail.com',139,44),(1,'Antwan_Gutkowski83@gmail.com',192,50),(1,'Aracely_Quigley@hotmail.com',19,17),(1,'Aracely_Quigley@hotmail.com',51,11),(1,'Aracely_Quigley@hotmail.com',154,19),(1,'Aracely_Quigley@hotmail.com',160,44),(1,'Aracely_Quigley@hotmail.com',170,36),(1,'Aracely_Quigley@hotmail.com',191,18),(1,'Arturo62@yahoo.com',1,12),(1,'Arturo62@yahoo.com',12,13),(1,'Arturo62@yahoo.com',48,35),(1,'Arturo62@yahoo.com',52,7),(1,'Arturo62@yahoo.com',61,16),(1,'Arturo62@yahoo.com',70,60),(1,'Arturo62@yahoo.com',158,50),(1,'Arturo62@yahoo.com',190,15),(1,'Carter.McDermott23@hotmail.com',23,55),(1,'Carter.McDermott23@hotmail.com',33,32),(1,'Carter.McDermott23@hotmail.com',42,44),(1,'Carter.McDermott23@hotmail.com',75,17),(1,'Carter.McDermott23@hotmail.com',84,60),(1,'Carter.McDermott23@hotmail.com',98,24),(1,'Carter.McDermott23@hotmail.com',101,41),(1,'Carter.McDermott23@hotmail.com',107,7),(1,'Carter.McDermott23@hotmail.com',158,2),(1,'Elliot53@yahoo.com',22,49),(1,'Elliot53@yahoo.com',51,38),(1,'Elliot53@yahoo.com',75,17),(1,'Elliot53@yahoo.com',87,19),(1,'Elliot53@yahoo.com',92,52),(1,'Elliot53@yahoo.com',95,7),(1,'Elliot53@yahoo.com',109,7),(1,'Elliot53@yahoo.com',176,13),(1,'Geo.Zieme@gmail.com',24,30),(1,'Geo.Zieme@gmail.com',44,44),(1,'Geo.Zieme@gmail.com',59,12),(1,'Geo.Zieme@gmail.com',67,11),(1,'Geo.Zieme@gmail.com',88,23),(1,'Geo.Zieme@gmail.com',92,52),(1,'Geo.Zieme@gmail.com',147,17),(1,'Geo.Zieme@gmail.com',197,33),(1,'Gloria22@hotmail.com',19,17),(1,'Gloria22@hotmail.com',50,26),(1,'Gloria22@hotmail.com',85,20),(1,'Gloria22@hotmail.com',97,55),(1,'Gloria22@hotmail.com',117,26),(1,'Gloria22@hotmail.com',124,58),(1,'Gloria22@hotmail.com',153,38),(1,'Gloria22@hotmail.com',170,37),(1,'Gloria22@hotmail.com',196,13),(1,'Haleigh97@yahoo.com',6,31),(1,'Haleigh97@yahoo.com',15,44),(1,'Haleigh97@yahoo.com',97,51),(1,'Haleigh97@yahoo.com',106,32),(1,'Haleigh97@yahoo.com',165,26),(1,'Jaden.VonRueden@hotmail.com',16,53),(1,'Jaden.VonRueden@hotmail.com',22,49),(1,'Jaden.VonRueden@hotmail.com',43,52),(1,'Jaden.VonRueden@hotmail.com',67,11),(1,'Jaden.VonRueden@hotmail.com',86,6),(1,'Jaden.VonRueden@hotmail.com',138,58),(1,'Jaden.VonRueden@hotmail.com',148,25),(1,'Jaden.VonRueden@hotmail.com',170,20),(1,'Jaden.VonRueden@hotmail.com',176,13),(1,'Johnathon53@hotmail.com',15,44),(1,'Johnathon53@hotmail.com',28,29),(1,'Johnathon53@hotmail.com',42,44),(1,'Johnathon53@hotmail.com',90,53),(1,'Johnathon53@hotmail.com',106,32),(1,'Johnathon53@hotmail.com',148,11),(1,'Johnathon53@hotmail.com',176,13),(1,'Johnathon53@hotmail.com',190,42),(1,'Johnathon53@hotmail.com',191,18),(1,'Juvenal58@yahoo.com',16,49),(1,'Juvenal58@yahoo.com',24,11),(1,'Juvenal58@yahoo.com',25,20),(1,'Juvenal58@yahoo.com',37,55),(1,'Juvenal58@yahoo.com',67,11),(1,'Juvenal58@yahoo.com',121,38),(1,'Juvenal58@yahoo.com',170,36),(1,'Lawrence12@yahoo.com',15,13),(1,'Lawrence12@yahoo.com',23,14),(1,'Lawrence12@yahoo.com',32,33),(1,'Lawrence12@yahoo.com',33,32),(1,'Lawrence12@yahoo.com',34,45),(1,'Lawrence12@yahoo.com',52,7),(1,'Lawrence12@yahoo.com',55,60),(1,'Lawrence12@yahoo.com',64,59),(1,'Lawrence12@yahoo.com',109,7),(1,'Lawrence12@yahoo.com',143,22),(1,'Mallie52@gmail.com',91,20),(1,'Mallie52@gmail.com',101,41),(1,'Mallie52@gmail.com',109,7),(1,'Mallie52@gmail.com',121,7),(1,'Mallie52@gmail.com',126,13),(1,'Mallie52@gmail.com',128,6),(1,'Mallie52@gmail.com',137,12),(1,'Maudie21@yahoo.com',90,49),(1,'Maudie21@yahoo.com',134,15),(1,'Maudie21@yahoo.com',163,47),(1,'Maudie21@yahoo.com',173,2),(1,'Maudie21@yahoo.com',177,31),(1,'Maudie21@yahoo.com',181,38),(1,'Maudie21@yahoo.com',196,13),(1,'Mitchell.Stoltenberg-Spencer10@hotmail.com',52,7),(1,'Mitchell.Stoltenberg-Spencer10@hotmail.com',99,17),(1,'Mitchell.Stoltenberg-Spencer10@hotmail.com',135,27),(1,'Mitchell.Stoltenberg-Spencer10@hotmail.com',137,3),(1,'Mitchell.Stoltenberg-Spencer10@hotmail.com',142,13),(1,'Mitchell.Stoltenberg-Spencer10@hotmail.com',146,28),(1,'Mitchell.Stoltenberg-Spencer10@hotmail.com',168,59),(1,'Mitchell.Stoltenberg-Spencer10@hotmail.com',171,24),(1,'Nina.Cronin71@gmail.com',33,32),(1,'Nina.Cronin71@gmail.com',146,3),(1,'Nina.Cronin71@gmail.com',146,28),(1,'Nina.Cronin71@gmail.com',154,24),(1,'Nina.Cronin71@gmail.com',168,45),(1,'Opal.King@gmail.com',5,20),(1,'Opal.King@gmail.com',6,59),(1,'Opal.King@gmail.com',30,11),(1,'Opal.King@gmail.com',68,31),(1,'Opal.King@gmail.com',91,36),(1,'Opal.King@gmail.com',107,11),(1,'Opal.King@gmail.com',113,7),(1,'Opal.King@gmail.com',146,12),(1,'Opal.King@gmail.com',148,11),(1,'Opal.King@gmail.com',182,26),(1,'Orlo.Dietrich11@yahoo.com',19,17),(1,'Orlo.Dietrich11@yahoo.com',63,42),(1,'Orlo.Dietrich11@yahoo.com',64,6),(1,'Orlo.Dietrich11@yahoo.com',68,31),(1,'Orlo.Dietrich11@yahoo.com',95,7),(1,'Orlo.Dietrich11@yahoo.com',99,18),(1,'Orlo.Dietrich11@yahoo.com',111,17),(1,'Orlo.Dietrich11@yahoo.com',129,47),(1,'Orlo.Dietrich11@yahoo.com',146,57),(1,'Orlo.Dietrich11@yahoo.com',186,14),(1,'Ottis_Heller@gmail.com',34,31),(1,'Ottis_Heller@gmail.com',47,28),(1,'Ottis_Heller@gmail.com',68,31),(1,'Ottis_Heller@gmail.com',113,11),(1,'Ottis_Heller@gmail.com',128,1),(1,'Ottis_Heller@gmail.com',137,3),(1,'Ottis_Heller@gmail.com',146,3),(1,'Ottis_Heller@gmail.com',153,38),(1,'Ottis_Heller@gmail.com',170,37),(1,'Ottis_Heller@gmail.com',176,44),(1,'Reid_Fahey23@hotmail.com',5,36),(1,'Reid_Fahey23@hotmail.com',51,30),(1,'Reid_Fahey23@hotmail.com',61,16),(1,'Reid_Fahey23@hotmail.com',64,59),(1,'Reid_Fahey23@hotmail.com',72,27),(1,'Reid_Fahey23@hotmail.com',86,1),(1,'Reid_Fahey23@hotmail.com',111,17),(1,'Rosetta75@hotmail.com',45,36),(1,'Rosetta75@hotmail.com',52,38),(1,'Rosetta75@hotmail.com',57,7),(1,'Rosetta75@hotmail.com',67,7),(1,'Rosetta75@hotmail.com',72,27),(1,'Rosetta75@hotmail.com',75,18),(1,'Rosetta75@hotmail.com',92,52),(1,'Rosetta75@hotmail.com',117,26),(1,'Xavier.Feest38@hotmail.com',67,7),(1,'Xavier.Feest38@hotmail.com',139,13),(1,'Xavier.Feest38@hotmail.com',155,24),(1,'Xavier.Feest38@hotmail.com',168,1),(1,'Xavier.Feest38@hotmail.com',181,7),(2,'Abby_Bruen15@gmail.com',16,53),(2,'Abby_Bruen15@gmail.com',24,38),(2,'Abby_Bruen15@gmail.com',51,30),(2,'Abby_Bruen15@gmail.com',86,59),(2,'Abby_Bruen15@gmail.com',117,26),(2,'Adrienne.Marvin@gmail.com',25,36),(2,'Adrienne.Marvin@gmail.com',63,42),(2,'Adrienne.Marvin@gmail.com',138,22),(2,'Adrienne.Marvin@gmail.com',158,2),(2,'Adrienne.Marvin@gmail.com',194,22),(2,'Agustin66@hotmail.com',45,36),(2,'Agustin66@hotmail.com',55,60),(2,'Agustin66@hotmail.com',64,45),(2,'Agustin66@hotmail.com',94,2),(2,'Agustin66@hotmail.com',168,59),(2,'Agustin66@hotmail.com',198,56),(2,'Alycia_Bosco10@hotmail.com',34,31),(2,'Alycia_Bosco10@hotmail.com',51,30),(2,'Alycia_Bosco10@hotmail.com',76,23),(2,'Alycia_Bosco10@hotmail.com',79,14),(2,'Alycia_Bosco10@hotmail.com',97,51),(2,'Alycia_Bosco10@hotmail.com',167,12),(2,'Antwan_Gutkowski83@gmail.com',15,44),(2,'Antwan_Gutkowski83@gmail.com',18,13),(2,'Antwan_Gutkowski83@gmail.com',91,37),(2,'Antwan_Gutkowski83@gmail.com',93,34),(2,'Antwan_Gutkowski83@gmail.com',108,43),(2,'Antwan_Gutkowski83@gmail.com',165,26),(2,'Antwan_Gutkowski83@gmail.com',198,40),(2,'Aracely_Quigley@hotmail.com',25,37),(2,'Aracely_Quigley@hotmail.com',74,33),(2,'Aracely_Quigley@hotmail.com',111,17),(2,'Aracely_Quigley@hotmail.com',130,34),(2,'Aracely_Quigley@hotmail.com',158,50),(2,'Aracely_Quigley@hotmail.com',168,31),(2,'Aracely_Quigley@hotmail.com',198,56),(2,'Arturo62@yahoo.com',7,23),(2,'Arturo62@yahoo.com',55,60),(2,'Arturo62@yahoo.com',64,45),(2,'Arturo62@yahoo.com',72,27),(2,'Arturo62@yahoo.com',95,30),(2,'Carter.McDermott23@hotmail.com',20,55),(2,'Carter.McDermott23@hotmail.com',50,26),(2,'Carter.McDermott23@hotmail.com',59,3),(2,'Carter.McDermott23@hotmail.com',95,30),(2,'Carter.McDermott23@hotmail.com',137,12),(2,'Carter.McDermott23@hotmail.com',145,27),(2,'Elliot53@yahoo.com',11,55),(2,'Elliot53@yahoo.com',42,13),(2,'Elliot53@yahoo.com',92,52),(2,'Elliot53@yahoo.com',130,17),(2,'Elliot53@yahoo.com',134,42),(2,'Elliot53@yahoo.com',161,39),(2,'Elliot53@yahoo.com',179,10),(2,'Elliot53@yahoo.com',184,2),(2,'Geo.Zieme@gmail.com',51,11),(2,'Geo.Zieme@gmail.com',96,45),(2,'Geo.Zieme@gmail.com',121,25),(2,'Geo.Zieme@gmail.com',170,36),(2,'Geo.Zieme@gmail.com',173,50),(2,'Geo.Zieme@gmail.com',180,32),(2,'Gloria22@hotmail.com',5,20),(2,'Gloria22@hotmail.com',30,11),(2,'Gloria22@hotmail.com',57,30),(2,'Gloria22@hotmail.com',59,12),(2,'Gloria22@hotmail.com',66,42),(2,'Gloria22@hotmail.com',118,10),(2,'Gloria22@hotmail.com',126,13),(2,'Gloria22@hotmail.com',172,59),(2,'Gloria22@hotmail.com',190,42),(2,'Gloria22@hotmail.com',199,33),(2,'Haleigh97@yahoo.com',19,18),(2,'Haleigh97@yahoo.com',42,44),(2,'Haleigh97@yahoo.com',86,31),(2,'Haleigh97@yahoo.com',96,31),(2,'Haleigh97@yahoo.com',168,45),(2,'Haleigh97@yahoo.com',186,14),(2,'Haleigh97@yahoo.com',198,40),(2,'Jaden.VonRueden@hotmail.com',54,27),(2,'Jaden.VonRueden@hotmail.com',91,20),(2,'Jaden.VonRueden@hotmail.com',103,59),(2,'Jaden.VonRueden@hotmail.com',149,52),(2,'Jaden.VonRueden@hotmail.com',196,13),(2,'Johnathon53@hotmail.com',23,55),(2,'Johnathon53@hotmail.com',43,52),(2,'Johnathon53@hotmail.com',68,45),(2,'Johnathon53@hotmail.com',94,2),(2,'Johnathon53@hotmail.com',111,17),(2,'Johnathon53@hotmail.com',144,7),(2,'Johnathon53@hotmail.com',147,17),(2,'Johnathon53@hotmail.com',152,36),(2,'Johnathon53@hotmail.com',198,47),(2,'Juvenal58@yahoo.com',25,37),(2,'Juvenal58@yahoo.com',28,29),(2,'Juvenal58@yahoo.com',51,30),(2,'Juvenal58@yahoo.com',64,6),(2,'Juvenal58@yahoo.com',124,22),(2,'Juvenal58@yahoo.com',133,32),(2,'Juvenal58@yahoo.com',157,7),(2,'Juvenal58@yahoo.com',197,33),(2,'Lawrence12@yahoo.com',1,3),(2,'Lawrence12@yahoo.com',22,53),(2,'Lawrence12@yahoo.com',40,22),(2,'Lawrence12@yahoo.com',134,15),(2,'Lawrence12@yahoo.com',153,11),(2,'Mallie52@gmail.com',5,20),(2,'Mallie52@gmail.com',24,30),(2,'Mallie52@gmail.com',34,31),(2,'Mallie52@gmail.com',34,59),(2,'Mallie52@gmail.com',161,39),(2,'Mallie52@gmail.com',177,31),(2,'Maudie21@yahoo.com',15,44),(2,'Maudie21@yahoo.com',20,51),(2,'Maudie21@yahoo.com',34,31),(2,'Maudie21@yahoo.com',93,17),(2,'Maudie21@yahoo.com',168,31),(2,'Mitchell.Stoltenberg-Spencer10@hotmail.com',86,45),(2,'Mitchell.Stoltenberg-Spencer10@hotmail.com',128,1),(2,'Mitchell.Stoltenberg-Spencer10@hotmail.com',139,13),(2,'Mitchell.Stoltenberg-Spencer10@hotmail.com',173,2),(2,'Mitchell.Stoltenberg-Spencer10@hotmail.com',178,19),(2,'Mitchell.Stoltenberg-Spencer10@hotmail.com',195,28),(2,'Nina.Cronin71@gmail.com',1,3),(2,'Nina.Cronin71@gmail.com',51,38),(2,'Nina.Cronin71@gmail.com',84,60),(2,'Nina.Cronin71@gmail.com',107,7),(2,'Nina.Cronin71@gmail.com',123,32),(2,'Nina.Cronin71@gmail.com',148,11),(2,'Nina.Cronin71@gmail.com',169,13),(2,'Nina.Cronin71@gmail.com',172,6),(2,'Opal.King@gmail.com',50,26),(2,'Opal.King@gmail.com',88,54),(2,'Opal.King@gmail.com',152,20),(2,'Opal.King@gmail.com',170,36),(2,'Opal.King@gmail.com',189,60),(2,'Opal.King@gmail.com',190,15),(2,'Orlo.Dietrich11@yahoo.com',6,31),(2,'Orlo.Dietrich11@yahoo.com',68,59),(2,'Orlo.Dietrich11@yahoo.com',96,6),(2,'Orlo.Dietrich11@yahoo.com',142,44),(2,'Orlo.Dietrich11@yahoo.com',167,12),(2,'Orlo.Dietrich11@yahoo.com',168,59),(2,'Orlo.Dietrich11@yahoo.com',169,44),(2,'Orlo.Dietrich11@yahoo.com',179,26),(2,'Ottis_Heller@gmail.com',21,2),(2,'Ottis_Heller@gmail.com',24,38),(2,'Ottis_Heller@gmail.com',33,16),(2,'Ottis_Heller@gmail.com',45,37),(2,'Ottis_Heller@gmail.com',176,13),(2,'Ottis_Heller@gmail.com',192,50),(2,'Reid_Fahey23@hotmail.com',4,33),(2,'Reid_Fahey23@hotmail.com',33,16),(2,'Reid_Fahey23@hotmail.com',44,44),(2,'Reid_Fahey23@hotmail.com',99,34),(2,'Reid_Fahey23@hotmail.com',121,38),(2,'Reid_Fahey23@hotmail.com',138,58),(2,'Reid_Fahey23@hotmail.com',172,6),(2,'Reid_Fahey23@hotmail.com',172,45),(2,'Reid_Fahey23@hotmail.com',179,26),(2,'Reid_Fahey23@hotmail.com',199,33),(2,'Rosetta75@hotmail.com',55,60),(2,'Rosetta75@hotmail.com',68,45),(2,'Rosetta75@hotmail.com',103,6),(2,'Rosetta75@hotmail.com',139,44),(2,'Rosetta75@hotmail.com',177,59),(2,'Rosetta75@hotmail.com',195,57),(2,'Xavier.Feest38@hotmail.com',96,45),(2,'Xavier.Feest38@hotmail.com',124,22),(2,'Xavier.Feest38@hotmail.com',142,13),(2,'Xavier.Feest38@hotmail.com',147,4),(2,'Xavier.Feest38@hotmail.com',169,44),(2,'Xavier.Feest38@hotmail.com',182,26),(3,'Abby_Bruen15@gmail.com',5,20),(3,'Abby_Bruen15@gmail.com',45,37),(3,'Abby_Bruen15@gmail.com',91,20),(3,'Abby_Bruen15@gmail.com',101,41),(3,'Abby_Bruen15@gmail.com',122,60),(3,'Abby_Bruen15@gmail.com',126,44),(3,'Abby_Bruen15@gmail.com',168,6),(3,'Abby_Bruen15@gmail.com',169,13),(3,'Abby_Bruen15@gmail.com',179,10),(3,'Agustin66@hotmail.com',25,36),(3,'Agustin66@hotmail.com',45,20),(3,'Agustin66@hotmail.com',60,13),(3,'Agustin66@hotmail.com',64,6),(3,'Agustin66@hotmail.com',124,22),(3,'Agustin66@hotmail.com',126,44),(3,'Agustin66@hotmail.com',144,11),(3,'Agustin66@hotmail.com',157,7),(3,'Alycia_Bosco10@hotmail.com',23,55),(3,'Alycia_Bosco10@hotmail.com',33,16),(3,'Alycia_Bosco10@hotmail.com',47,28),(3,'Alycia_Bosco10@hotmail.com',48,35),(3,'Alycia_Bosco10@hotmail.com',64,59),(3,'Alycia_Bosco10@hotmail.com',74,33),(3,'Alycia_Bosco10@hotmail.com',173,50),(3,'Alycia_Bosco10@hotmail.com',198,40),(3,'Antwan_Gutkowski83@gmail.com',4,33),(3,'Antwan_Gutkowski83@gmail.com',91,20),(3,'Antwan_Gutkowski83@gmail.com',96,1),(3,'Antwan_Gutkowski83@gmail.com',109,7),(3,'Antwan_Gutkowski83@gmail.com',111,17),(3,'Antwan_Gutkowski83@gmail.com',121,25),(3,'Antwan_Gutkowski83@gmail.com',146,28),(3,'Antwan_Gutkowski83@gmail.com',153,38),(3,'Antwan_Gutkowski83@gmail.com',177,59),(3,'Antwan_Gutkowski83@gmail.com',191,18),(3,'Aracely_Quigley@hotmail.com',5,20),(3,'Aracely_Quigley@hotmail.com',6,31),(3,'Aracely_Quigley@hotmail.com',12,44),(3,'Aracely_Quigley@hotmail.com',23,55),(3,'Aracely_Quigley@hotmail.com',76,23),(3,'Aracely_Quigley@hotmail.com',91,20),(3,'Aracely_Quigley@hotmail.com',168,31),(3,'Aracely_Quigley@hotmail.com',177,45),(3,'Aracely_Quigley@hotmail.com',179,10),(3,'Aracely_Quigley@hotmail.com',188,42),(3,'Carter.McDermott23@hotmail.com',19,18),(3,'Carter.McDermott23@hotmail.com',98,19),(3,'Carter.McDermott23@hotmail.com',105,36),(3,'Carter.McDermott23@hotmail.com',135,27),(3,'Carter.McDermott23@hotmail.com',142,44),(3,'Elliot53@yahoo.com',27,49),(3,'Elliot53@yahoo.com',51,25),(3,'Elliot53@yahoo.com',60,13),(3,'Elliot53@yahoo.com',99,18),(3,'Elliot53@yahoo.com',101,41),(3,'Elliot53@yahoo.com',147,17),(3,'Elliot53@yahoo.com',191,17),(3,'Gloria22@hotmail.com',26,27),(3,'Gloria22@hotmail.com',34,31),(3,'Gloria22@hotmail.com',90,8),(3,'Gloria22@hotmail.com',92,52),(3,'Gloria22@hotmail.com',146,3),(3,'Gloria22@hotmail.com',172,45),(3,'Gloria22@hotmail.com',184,2),(3,'Jaden.VonRueden@hotmail.com',23,55),(3,'Jaden.VonRueden@hotmail.com',51,38),(3,'Jaden.VonRueden@hotmail.com',56,33),(3,'Jaden.VonRueden@hotmail.com',89,2),(3,'Jaden.VonRueden@hotmail.com',103,59),(3,'Jaden.VonRueden@hotmail.com',121,7),(3,'Jaden.VonRueden@hotmail.com',133,32),(3,'Jaden.VonRueden@hotmail.com',177,31),(3,'Johnathon53@hotmail.com',20,55),(3,'Johnathon53@hotmail.com',33,32),(3,'Johnathon53@hotmail.com',59,12),(3,'Johnathon53@hotmail.com',78,16),(3,'Johnathon53@hotmail.com',155,24),(3,'Johnathon53@hotmail.com',196,13),(3,'Juvenal58@yahoo.com',23,55),(3,'Juvenal58@yahoo.com',51,11),(3,'Juvenal58@yahoo.com',57,7),(3,'Juvenal58@yahoo.com',135,27),(3,'Juvenal58@yahoo.com',139,13),(3,'Lawrence12@yahoo.com',24,38),(3,'Lawrence12@yahoo.com',61,16),(3,'Lawrence12@yahoo.com',62,33),(3,'Lawrence12@yahoo.com',63,15),(3,'Lawrence12@yahoo.com',82,60),(3,'Lawrence12@yahoo.com',89,2),(3,'Lawrence12@yahoo.com',91,20),(3,'Lawrence12@yahoo.com',195,12),(3,'Maudie21@yahoo.com',11,55),(3,'Maudie21@yahoo.com',19,34),(3,'Maudie21@yahoo.com',51,7),(3,'Maudie21@yahoo.com',103,59),(3,'Maudie21@yahoo.com',163,47),(3,'Maudie21@yahoo.com',170,37),(3,'Maudie21@yahoo.com',191,18),(3,'Maudie21@yahoo.com',196,13),(3,'Reid_Fahey23@hotmail.com',16,53),(3,'Reid_Fahey23@hotmail.com',30,7),(3,'Reid_Fahey23@hotmail.com',39,17),(3,'Reid_Fahey23@hotmail.com',94,2),(3,'Reid_Fahey23@hotmail.com',96,6),(3,'Reid_Fahey23@hotmail.com',131,13),(3,'Reid_Fahey23@hotmail.com',143,22),(3,'Reid_Fahey23@hotmail.com',149,52),(3,'Rosetta75@hotmail.com',50,26),(3,'Rosetta75@hotmail.com',51,7),(3,'Rosetta75@hotmail.com',128,31),(3,'Rosetta75@hotmail.com',176,13),(3,'Rosetta75@hotmail.com',189,60),(3,'Xavier.Feest38@hotmail.com',6,1),(3,'Xavier.Feest38@hotmail.com',6,46),(3,'Xavier.Feest38@hotmail.com',23,14),(3,'Xavier.Feest38@hotmail.com',56,33),(3,'Xavier.Feest38@hotmail.com',63,42),(3,'Xavier.Feest38@hotmail.com',99,17),(3,'Xavier.Feest38@hotmail.com',118,10),(3,'Xavier.Feest38@hotmail.com',172,45),(4,'Abby_Bruen15@gmail.com',18,44),(4,'Abby_Bruen15@gmail.com',34,59),(4,'Abby_Bruen15@gmail.com',45,20),(4,'Abby_Bruen15@gmail.com',76,23),(4,'Abby_Bruen15@gmail.com',93,17),(4,'Abby_Bruen15@gmail.com',142,13),(4,'Abby_Bruen15@gmail.com',160,13),(4,'Abby_Bruen15@gmail.com',172,45),(4,'Agustin66@hotmail.com',13,32),(4,'Agustin66@hotmail.com',27,53),(4,'Agustin66@hotmail.com',45,20),(4,'Agustin66@hotmail.com',93,17),(4,'Agustin66@hotmail.com',105,36),(4,'Agustin66@hotmail.com',124,22),(4,'Agustin66@hotmail.com',132,9),(4,'Agustin66@hotmail.com',146,3),(4,'Agustin66@hotmail.com',168,6),(4,'Agustin66@hotmail.com',181,7),(4,'Antwan_Gutkowski83@gmail.com',16,53),(4,'Antwan_Gutkowski83@gmail.com',42,44),(4,'Antwan_Gutkowski83@gmail.com',47,12),(4,'Antwan_Gutkowski83@gmail.com',57,7),(4,'Antwan_Gutkowski83@gmail.com',64,45),(4,'Antwan_Gutkowski83@gmail.com',72,27),(4,'Antwan_Gutkowski83@gmail.com',82,35),(4,'Antwan_Gutkowski83@gmail.com',82,60),(4,'Antwan_Gutkowski83@gmail.com',96,6),(4,'Antwan_Gutkowski83@gmail.com',105,20),(4,'Carter.McDermott23@hotmail.com',26,27),(4,'Carter.McDermott23@hotmail.com',43,52),(4,'Carter.McDermott23@hotmail.com',74,33),(4,'Carter.McDermott23@hotmail.com',97,51),(4,'Carter.McDermott23@hotmail.com',107,7),(4,'Carter.McDermott23@hotmail.com',131,13),(4,'Carter.McDermott23@hotmail.com',144,11),(4,'Carter.McDermott23@hotmail.com',160,44),(4,'Carter.McDermott23@hotmail.com',161,36),(4,'Elliot53@yahoo.com',40,22),(4,'Elliot53@yahoo.com',96,6),(4,'Elliot53@yahoo.com',96,45),(4,'Elliot53@yahoo.com',109,11),(4,'Elliot53@yahoo.com',157,11),(4,'Elliot53@yahoo.com',196,44),(4,'Gloria22@hotmail.com',45,37),(4,'Gloria22@hotmail.com',75,17),(4,'Gloria22@hotmail.com',86,59),(4,'Gloria22@hotmail.com',97,51),(4,'Gloria22@hotmail.com',154,19),(4,'Gloria22@hotmail.com',169,44),(4,'Gloria22@hotmail.com',186,55),(4,'Gloria22@hotmail.com',192,50),(4,'Gloria22@hotmail.com',195,57),(4,'Juvenal58@yahoo.com',19,17),(4,'Juvenal58@yahoo.com',20,55),(4,'Juvenal58@yahoo.com',27,53),(4,'Juvenal58@yahoo.com',64,6),(4,'Juvenal58@yahoo.com',86,59),(4,'Juvenal58@yahoo.com',107,7),(4,'Juvenal58@yahoo.com',135,27),(4,'Juvenal58@yahoo.com',158,2),(4,'Juvenal58@yahoo.com',195,28),(4,'Lawrence12@yahoo.com',20,55),(4,'Lawrence12@yahoo.com',34,31),(4,'Lawrence12@yahoo.com',39,18),(4,'Lawrence12@yahoo.com',78,16),(4,'Lawrence12@yahoo.com',109,7),(4,'Lawrence12@yahoo.com',113,7),(4,'Maudie21@yahoo.com',1,28),(4,'Maudie21@yahoo.com',31,26),(4,'Maudie21@yahoo.com',81,48),(4,'Maudie21@yahoo.com',98,19),(4,'Maudie21@yahoo.com',111,18),(4,'Maudie21@yahoo.com',139,44),(4,'Maudie21@yahoo.com',146,57),(4,'Maudie21@yahoo.com',167,57),(4,'Maudie21@yahoo.com',192,2),(4,'Reid_Fahey23@hotmail.com',1,28),(4,'Reid_Fahey23@hotmail.com',23,14),(4,'Reid_Fahey23@hotmail.com',34,6),(4,'Reid_Fahey23@hotmail.com',39,17),(4,'Reid_Fahey23@hotmail.com',79,14),(4,'Reid_Fahey23@hotmail.com',83,50),(4,'Reid_Fahey23@hotmail.com',108,28),(4,'Reid_Fahey23@hotmail.com',147,4),(4,'Reid_Fahey23@hotmail.com',153,11),(4,'Reid_Fahey23@hotmail.com',169,13),(5,'Lawrence12@yahoo.com',78,16),(5,'Lawrence12@yahoo.com',138,22),(5,'Lawrence12@yahoo.com',147,4),(5,'Lawrence12@yahoo.com',148,7),(5,'Lawrence12@yahoo.com',149,52),(5,'Lawrence12@yahoo.com',158,50),(5,'Lawrence12@yahoo.com',191,18),(5,'Maudie21@yahoo.com',6,31),(5,'Maudie21@yahoo.com',45,36),(5,'Maudie21@yahoo.com',99,17),(5,'Maudie21@yahoo.com',107,11),(5,'Maudie21@yahoo.com',170,36),(5,'Maudie21@yahoo.com',172,59),(5,'Maudie21@yahoo.com',191,18);
/*!40000 ALTER TABLE `TerdiriDari` ENABLE KEYS */;
UNLOCK TABLES;

-- CONSRAINTS ii. Atribut  yang menggunakan tipe EMAIL
DELIMITER //
CREATE TRIGGER check_email_before_insert
BEFORE INSERT ON AppleID
FOR EACH ROW
BEGIN
    IF NEW.email NOT REGEXP '^(?:[a-z0-9!#$%&''*+/=?^_`{|}~-]+(?:\.[a-z0-9!#$%&''*+/=?^_`{|}~-]+)*|"(?:[\x01-\x08\x0b\x0c\x0e-\x1f\x21\x23-\x5b\x5d-\x7f]|\\[\x01-\x09\x0b\x0c\x0e-\x7f])*")@(?:(?:[a-z0-9](?:[a-z0-9-]*[a-z0-9])?\.)+[a-z0-9](?:[a-z0-9-]*[a-z0-9])?|\[(?:(?:(2(5[0-5]|[0-4][0-9])|1[0-9][0-9]|[1-9]?[0-9]))\.){3}(?:(2(5[0-5]|[0-4][0-9])|1[0-9][0-9]|[1-9]?[0-9])|[a-z0-9-]*[a-z0-9]:(?:[\x01-\x08\x0b\x0c\x0e-\x1f\x21-\x5a\x53-\x7f]|\\[\x01-\x09\x0b\x0c\x0e-\x7f])+)])$' THEN
        SIGNAL SQLSTATE '45000' SET MESSAGE_TEXT = 'Invalid email format';
    END IF;
END //

-- Relation Constraints CONSTRAINT ONE_ACTIVE_SUBSCRIPTION
DELIMITER //
CREATE TRIGGER check_one_active_subscription
BEFORE INSERT ON AppleMusicUser
FOR EACH ROW
BEGIN
    DECLARE active_count INT;

    SELECT COUNT(*)
    INTO active_count
    FROM AppleMusicUser
    WHERE email = NEW.email AND status = 'aktif';

    IF NEW.status = 'aktif' THEN
        SET active_count = active_count + 1;
    END IF;

    IF active_count > 1 THEN
        SIGNAL SQLSTATE '45000'
        SET MESSAGE_TEXT = 'Only one active subscription is allowed per email';
    END IF;
END;
//

-- Database Constraints i. Tidak ada Musik Video yang rilis sebelum Song terkait rilis
DELIMITER //

CREATE TRIGGER before_insert_musicvideo
BEFORE INSERT ON MusicVideo
FOR EACH ROW
BEGIN
    DECLARE songReleaseDate DATE;
    SELECT tanggalRilis INTO songReleaseDate
    FROM Song
    WHERE idSong = NEW.idSong;
    IF NEW.tanggalRilis < songReleaseDate THEN
        SIGNAL SQLSTATE '45000'
        SET MESSAGE_TEXT = 'Music video release date cannot be before the song release date';
    END IF;
END;
//

DELIMITER ;

-- Database Constraints ii. Dalam Extra Video, pewawancara tidak bisa menjadi bintang tamu
DELIMITER //
CREATE TRIGGER before_insert_extravideo
BEFORE INSERT ON ExtraVideo
FOR EACH ROW
BEGIN
    DECLARE count_matches INT;
    SELECT COUNT(*) INTO count_matches
    FROM Menghost
    WHERE Menghost.idExtraVideo = NEW.idExtraVideo
    AND Menghost.emailHoster = NEW.emailGuestStar
    AND Menghost.idSubscriptionHoster = NEW.idSubscriptionGuestStar;
    IF count_matches > 0 THEN
        SIGNAL SQLSTATE '45000'
        SET MESSAGE_TEXT = 'emailGuestStar cannot be the same as emailHoster';
    END IF;
END;
//
DELIMITER ;

-- Transition Constraints i. Status Subscription bisa berubah dari inaktif ke aktif dan sebaliknya 
DELIMITER //
CREATE TRIGGER CheckStatusSubkripsi
BEFORE UPDATE ON AppleMusicUser
FOR EACH ROW
BEGIN
    IF EXISTS (
        SELECT 1
        FROM AppleMusicUser AS old_row
        WHERE old_row.status = NEW.status
        AND old_row.status = NEW.status
        AND 
          ( old_row.status = 'aktif' AND
            NEW.status = 'inaktif' )
    ) THEN
        SIGNAL SQLSTATE '45000'
         SET MESSAGE_TEXT = 'Cannot Transition';
    END IF;
END;
//
DELIMITER ;

-- Transition constrains ii.  Jenis Subscription bisa berubah dari pelajar ke perorangan atau keluarga, perorangan ke pelajar atau keluarga, dan keluarga ke perorangan  atau pelajar.

DELIMITER //
CREATE TRIGGER CheckJenisSubkripsi
BEFORE UPDATE ON SubscriptionPlan
FOR EACH ROW
BEGIN
    IF EXISTS (
        SELECT 1
        FROM SubscriptionPlan AS old_row
        WHERE old_row.jenisSubscription = NEW.jenisSubscription
        AND 
          ( old_row.jenisSubscription = 'keluarga' AND
            NEW.jenisSubscription = 'perorangan' ) OR
          ( old_row.jenisSubscription = 'pelajar' AND
            NEW.jenisSubscription = 'perorangan' ) OR
          ( old_row.jenisSubscription = 'pelajar' AND
            NEW.jenisSubscription = 'keluarga' )
    ) THEN
        SIGNAL SQLSTATE '45000'
        SET MESSAGE_TEXT ='Cannot transition';
    END IF;
END;
//
DELIMITER ;


-- FITUR TAMBAHAN 4A
DELIMITER //
CREATE TRIGGER validate_artist_subscription BEFORE INSERT ON Song
FOR EACH ROW
BEGIN
    DECLARE subscription_status ENUM('aktif', 'inaktif');
    
    SELECT status INTO subscription_status
    FROM AppleMusicUser
    WHERE email = NEW.emailArtist AND idSubscription = NEW.idSubscriptionArtist;

    IF subscription_status != 'aktif' THEN
        SIGNAL SQLSTATE '45000' SET MESSAGE_TEXT = 'Artis tidak memiliki langganan Apple Music aktif atau langganan telah kedaluwarsa.';
    END IF;
END;
//
DELIMITER ;


-- FITUR TAMBAHAN 4b
CREATE VIEW SongWithLyricsAndWriters AS
SELECT 
    l.idSong,
    GROUP_CONCAT(l.lyric SEPARATOR ' ') AS fullLyrics,  -- Menggabungkan semua lirik menjadi satu teks
    GROUP_CONCAT(DISTINCT CONCAT(w.email, '+', w.idSubscription) SEPARATOR ', ') AS writers -- Daftar unik penulis
FROM 
    Lyrics l
JOIN 
    AppleMusicUser w ON l.emailWriter = w.email AND l.idSubscriptionWriter = w.idSubscription
GROUP BY 
    l.idSong;

-- FITUR TAMBAHAN 4C
CREATE TABLE ArtistStatistics (
    emailArtist VARCHAR(255),
    totalLagu INT DEFAULT 0,
    totalMusikVideo INT DEFAULT 0,
    totalVideoEkstra INT DEFAULT 0,
    PRIMARY KEY (emailArtist)
);

INSERT INTO ArtistStatistics (emailArtist, totalLagu, totalMusikVideo, totalVideoEkstra)
SELECT 
    a.emailArtist,
    (SELECT COUNT(*) FROM Song WHERE emailArtist = a.emailArtist) AS totalLagu,
    (SELECT COUNT(*) FROM MusicVideo WHERE emailArtist = a.emailArtist) AS totalMusikVideo,
    (SELECT COUNT(*) FROM ExtraVideo WHERE emailGuestStar = a.emailArtist) AS totalVideoEkstra
FROM 
    (SELECT emailArtist FROM Song
     UNION
     SELECT emailArtist FROM MusicVideo
     UNION
     SELECT emailGuestStar FROM ExtraVideo) a
GROUP BY 
    a.emailArtist;


-- FITUR TAMBAHAN 4D
DELIMITER //
CREATE TRIGGER AfterInsertSong AFTER INSERT ON Song
FOR EACH ROW
BEGIN
    UPDATE ArtistStatistics
    SET totalLagu = totalLagu + 1
    WHERE emailArtist = NEW.emailArtist;

    IF ROW_COUNT() = 0 THEN
        INSERT INTO ArtistStatistics (emailArtist, totalLagu, totalMusikVideo, totalVideoEkstra)
        VALUES (NEW.emailArtist, 1, 0, 0);
    END IF;
END;
//
DELIMITER ;

DELIMITER //
CREATE TRIGGER AfterInsertMusicVideo AFTER INSERT ON MusicVideo
FOR EACH ROW
BEGIN
    UPDATE ArtistStatistics
    SET totalMusikVideo = totalMusikVideo + 1
    WHERE emailArtist = NEW.emailArtist;

    IF ROW_COUNT() = 0 THEN
        INSERT INTO ArtistStatistics (emailArtist, totalLagu, totalMusikVideo, totalVideoEkstra)
        VALUES (NEW.emailArtist, 0, 1, 0);
    END IF;
END;
//
DELIMITER ;

DELIMITER //
CREATE TRIGGER AfterInsertExtraVideo AFTER INSERT ON ExtraVideo
FOR EACH ROW
BEGIN
    UPDATE ArtistStatistics
    SET totalVideoEkstra = totalVideoEkstra + 1
    WHERE emailArtist = NEW.emailGuestStar;

    IF ROW_COUNT() = 0 THEN
        INSERT INTO ArtistStatistics (emailArtist, idSubscriptionArtist, totalLagu, totalMusikVideo, totalVideoEkstra)
        VALUES (NEW.emailGuestStar, 0, 0, 1);
    END IF;
END;
//
DELIMITER ;

-- FITUR TAMBAHAN 4E
DELIMITER //

CREATE TRIGGER validate_single_insertion BEFORE INSERT ON Memasarkan
FOR EACH ROW
BEGIN
    DECLARE produkType CHAR(6);
    DECLARE songCount INT;

    SELECT tipeProduk INTO produkType
    FROM ProdukKomersial
    WHERE idProdukKomersial = NEW.idProdukKomersial;

    SELECT COUNT(*) INTO songCount
    FROM Memasarkan
    WHERE idProdukKomersial = NEW.idProdukKomersial;

    IF produkType = 'single' AND songCount > 0 THEN
        SIGNAL SQLSTATE '45000'
            SET MESSAGE_TEXT = 'Cannot add more than one song to a Single type product.';
    END IF;
END;

//
DELIMITER ;

/*!40103 SET TIME_ZONE=@OLD_TIME_ZONE */;

/*!40101 SET SQL_MODE=@OLD_SQL_MODE */;
/*!40014 SET FOREIGN_KEY_CHECKS=@OLD_FOREIGN_KEY_CHECKS */;
/*!40014 SET UNIQUE_CHECKS=@OLD_UNIQUE_CHECKS */;
/*!40101 SET CHARACTER_SET_CLIENT=@OLD_CHARACTER_SET_CLIENT */;
/*!40101 SET CHARACTER_SET_RESULTS=@OLD_CHARACTER_SET_RESULTS */;
/*!40101 SET COLLATION_CONNECTION=@OLD_COLLATION_CONNECTION */;
/*!40111 SET SQL_NOTES=@OLD_SQL_NOTES */;

-- Dump completed on 2024-05-18 19:49:37
