-- MariaDB dump 10.19  Distrib 10.6.16-MariaDB, for debian-linux-gnu (x86_64)
--
-- Host: localhost    Database: apple_music
-- ------------------------------------------------------
-- Server version	10.6.16-MariaDB-0ubuntu0.22.04.1

/*!40101 SET @OLD_CHARACTER_SET_CLIENT=@@CHARACTER_SET_CLIENT */;
/*!40101 SET @OLD_CHARACTER_SET_RESULTS=@@CHARACTER_SET_RESULTS */;
/*!40101 SET @OLD_COLLATION_CONNECTION=@@COLLATION_CONNECTION */;
/*!40101 SET NAMES utf8mb4 */;
/*!40103 SET @OLD_TIME_ZONE=@@TIME_ZONE */;
/*!40103 SET TIME_ZONE='+00:00' */;
/*!40014 SET @OLD_UNIQUE_CHECKS=@@UNIQUE_CHECKS, UNIQUE_CHECKS=0 */;
/*!40014 SET @OLD_FOREIGN_KEY_CHECKS=@@FOREIGN_KEY_CHECKS, FOREIGN_KEY_CHECKS=0 */;
/*!40101 SET @OLD_SQL_MODE=@@SQL_MODE, SQL_MODE='NO_AUTO_VALUE_ON_ZERO' */;
/*!40111 SET @OLD_SQL_NOTES=@@SQL_NOTES, SQL_NOTES=0 */;

--
-- Table structure for table `AppleID`
--

DROP TABLE IF EXISTS `AppleID`;
/*!40101 SET @saved_cs_client     = @@character_set_client */;
/*!40101 SET character_set_client = utf8 */;
CREATE TABLE `AppleID` (
  `email` varchar(255) NOT NULL,
  `password` varchar(255) NOT NULL,
  `namaPengguna` varchar(255) NOT NULL,
  `noTeleponCadangan` varchar(255) NOT NULL,
  PRIMARY KEY (`email`)
) ENGINE=InnoDB DEFAULT CHARSET=utf8mb4 COLLATE=utf8mb4_general_ci;
/*!40101 SET character_set_client = @saved_cs_client */;

--
-- Dumping data for table `AppleID`
--

LOCK TABLES `AppleID` WRITE;
/*!40000 ALTER TABLE `AppleID` DISABLE KEYS */;
INSERT INTO `AppleID` VALUES ('Abbigail_Aufderhar75@gmail.com','3i8DHIup3fKJO9F','Maggie DuBuque-Kovacek','243-360-8427 x286'),('Allen.Quitzon-Smith@yahoo.com','olbSchpcBdahq_A','Bobby Bradtke','754-248-5924 x6423'),('Amya_Franecki@yahoo.com','u5oyNWop80ePuRk','Allison Kunde','354.511.3961 x747'),('Anika_Rosenbaum89@hotmail.com','PxpsQAz1qTzJYyL','Ms. Maggie Cassin-Huels','1-716-301-6216'),('Augustus_Sawayn10@gmail.com','p18xMwon93CKd_S','Marilyn Feest','888-756-1819 x425'),('Brant.Ankunding67@hotmail.com','ulHAY0aLmGiZhX4','Dr. Jose Ondricka','329-491-5067 x705'),('Bryana_Gleason@hotmail.com','jsYQG786dSfljMI','Joanne D\'Amore','(856) 346-4313 x8838'),('Cale92@yahoo.com','zIeMv6BLp_nVLYq','Lucille Kessler','(875) 753-7074 x808'),('Candido_Streich@hotmail.com','09b9238nnvMzksd','Lamar Lockman','653-619-4640 x61966'),('Cleve13@yahoo.com','rGz1XXBPmmu93v3','Barbara Predovic','979-729-6757 x8998'),('Danika.Williamson@hotmail.com','Gp20SXpfw7H3CLd','Mrs. Mindy Lindgren','608.222.5373'),('Douglas_Ankunding74@gmail.com','jt70YdY3lYZvZqF','Carlos Ruecker','582.448.1776 x54896'),('Dusty48@hotmail.com','u_45_Ib8rM9teaB','Mrs. Lois Crooks MD','(366) 374-4778 x0338'),('Gina.Hermann@yahoo.com','Y0H0Q6RDuy2VdMe','Mindy Gleichner','(583) 328-3603 x406'),('Hailee78@gmail.com','PfssvWm1UuF8ZSe','Jordan Kutch','(267) 227-8975 x62274'),('Izabella.Hirthe88@gmail.com','nI8WJhVCrfQs_BN','Gretchen Treutel','1-595-493-9791 x7257'),('Joanny.Kassulke@gmail.com','uc3mOUiOPfISfGq','Marsha Wisoky V','413.279.4429 x27327'),('Juanita7@hotmail.com','PPtpPFEDM_OgYGe','Rolando Lynch','(708) 397-9600 x491'),('Julia41@yahoo.com','d76q2m7afy4JPIb','Minnie Nicolas-Dickens','1-709-346-4707'),('Laurianne61@yahoo.com','aeahT2cHPSAJPRe','Paulette Considine','1-657-969-2492'),('Lucile42@gmail.com','ovbyrXrce1tQtaI','Phil McClure','(984) 464-2913 x584'),('Major8@gmail.com','7Bv1mYVFfmF5Vra','Douglas Sipes','746-893-9630'),('Maxime57@yahoo.com','gnwbmvenDVhQIf8','Jesse Bashirian','(948) 700-0808 x663'),('Muriel.Gerlach@gmail.com','yHkDaefgCF79S8G','Melanie Reynolds-Smith','(884) 296-3416 x13121'),('Rebekah_Keeling19@gmail.com','GEfWXFA1Xr_zDlQ','Joanna Heathcote','991.259.5692'),('Retha95@yahoo.com','5gfJc8geje9H_ip','Anna Bruen','1-682-845-8913 x20403'),('Roman.Osinski@hotmail.com','OD1dJB88F7w43bz','Mr. Duane Senger','1-501-218-3857 x980'),('Shayna93@hotmail.com','m2R7zSxfRWqhpzj','Isaac Larson DDS','876.441.4081'),('Sibyl63@gmail.com','DbpeMZ1uQsTRk00','Darrell Schamberger','659-868-1572 x8522'),('Tod.Jast61@gmail.com','snxqucmNuJuD2cF','Heidi Gerhold','1-246-688-2937 x59653');
/*!40000 ALTER TABLE `AppleID` ENABLE KEYS */;
UNLOCK TABLES;

--
-- Table structure for table `AppleMusicUser`
--

DROP TABLE IF EXISTS `AppleMusicUser`;
/*!40101 SET @saved_cs_client     = @@character_set_client */;
/*!40101 SET character_set_client = utf8 */;
CREATE TABLE `AppleMusicUser` (
  `email` varchar(255) NOT NULL,
  `idSubscription` int(10) unsigned NOT NULL,
  `tanggalSubscribe` date NOT NULL DEFAULT curdate(),
  `tanggalExpired` date NOT NULL DEFAULT (curdate() + interval 1 month),
  `status` enum('aktif','inaktif') NOT NULL,
  `jenisSubscription` enum('pelajar','perorangan','keluarga') NOT NULL,
  PRIMARY KEY (`email`,`idSubscription`),
  KEY `jenisSubscription` (`jenisSubscription`),
  CONSTRAINT `AppleMusicUser_ibfk_1` FOREIGN KEY (`email`) REFERENCES `AppleID` (`email`),
  CONSTRAINT `AppleMusicUser_ibfk_2` FOREIGN KEY (`jenisSubscription`) REFERENCES `SubscriptionPlan` (`jenisSubscription`)
) ENGINE=InnoDB DEFAULT CHARSET=utf8mb4 COLLATE=utf8mb4_general_ci;
/*!40101 SET character_set_client = @saved_cs_client */;

--
-- Dumping data for table `AppleMusicUser`
--

LOCK TABLES `AppleMusicUser` WRITE;
/*!40000 ALTER TABLE `AppleMusicUser` DISABLE KEYS */;
INSERT INTO `AppleMusicUser` VALUES ('Abbigail_Aufderhar75@gmail.com',1,'2022-10-07','2022-11-07','inaktif','pelajar'),('Abbigail_Aufderhar75@gmail.com',2,'2022-11-07','2022-12-07','inaktif','perorangan'),('Abbigail_Aufderhar75@gmail.com',3,'2022-12-07','2023-01-07','inaktif','perorangan'),('Abbigail_Aufderhar75@gmail.com',4,'2023-01-07','2023-02-07','inaktif','keluarga'),('Abbigail_Aufderhar75@gmail.com',5,'2023-02-07','2023-03-07','inaktif','keluarga'),('Abbigail_Aufderhar75@gmail.com',6,'2023-03-07','2023-04-07','inaktif','pelajar'),('Abbigail_Aufderhar75@gmail.com',7,'2023-04-07','2023-05-07','inaktif','pelajar'),('Abbigail_Aufderhar75@gmail.com',8,'2023-05-07','2023-06-07','inaktif','keluarga'),('Abbigail_Aufderhar75@gmail.com',9,'2023-06-07','2023-07-07','inaktif','perorangan'),('Abbigail_Aufderhar75@gmail.com',10,'2023-07-07','2023-08-07','inaktif','keluarga'),('Abbigail_Aufderhar75@gmail.com',11,'2023-08-07','2023-09-07','inaktif','keluarga'),('Abbigail_Aufderhar75@gmail.com',12,'2023-09-07','2023-10-07','inaktif','keluarga'),('Abbigail_Aufderhar75@gmail.com',13,'2023-10-07','2023-11-07','inaktif','keluarga'),('Abbigail_Aufderhar75@gmail.com',14,'2023-11-07','2023-12-07','inaktif','keluarga'),('Abbigail_Aufderhar75@gmail.com',15,'2023-12-07','2024-01-07','inaktif','perorangan'),('Abbigail_Aufderhar75@gmail.com',16,'2024-01-07','2024-02-07','aktif','perorangan'),('Allen.Quitzon-Smith@yahoo.com',1,'2023-08-07','2023-09-07','inaktif','pelajar'),('Allen.Quitzon-Smith@yahoo.com',2,'2023-09-07','2023-10-07','inaktif','keluarga'),('Allen.Quitzon-Smith@yahoo.com',3,'2023-10-07','2023-11-07','inaktif','perorangan'),('Allen.Quitzon-Smith@yahoo.com',4,'2023-11-07','2023-12-07','inaktif','perorangan'),('Allen.Quitzon-Smith@yahoo.com',5,'2023-12-07','2024-01-07','inaktif','pelajar'),('Allen.Quitzon-Smith@yahoo.com',6,'2024-01-07','2024-02-07','inaktif','keluarga'),('Allen.Quitzon-Smith@yahoo.com',7,'2024-02-07','2024-03-07','aktif','pelajar'),('Amya_Franecki@yahoo.com',1,'2023-01-07','2023-02-07','inaktif','perorangan'),('Amya_Franecki@yahoo.com',2,'2023-02-07','2023-03-07','inaktif','perorangan'),('Amya_Franecki@yahoo.com',3,'2023-03-07','2023-04-07','inaktif','keluarga'),('Amya_Franecki@yahoo.com',4,'2023-04-07','2023-05-07','inaktif','pelajar'),('Amya_Franecki@yahoo.com',5,'2023-05-07','2023-06-07','inaktif','pelajar'),('Amya_Franecki@yahoo.com',6,'2023-06-07','2023-07-07','inaktif','pelajar'),('Amya_Franecki@yahoo.com',7,'2023-07-07','2023-08-07','inaktif','keluarga'),('Amya_Franecki@yahoo.com',8,'2023-08-07','2023-09-07','inaktif','keluarga'),('Amya_Franecki@yahoo.com',9,'2023-09-07','2023-10-07','inaktif','pelajar'),('Amya_Franecki@yahoo.com',10,'2023-10-07','2023-11-07','inaktif','keluarga'),('Amya_Franecki@yahoo.com',11,'2023-11-07','2023-12-07','inaktif','pelajar'),('Amya_Franecki@yahoo.com',12,'2023-12-07','2024-01-07','inaktif','perorangan'),('Amya_Franecki@yahoo.com',13,'2024-01-07','2024-02-07','aktif','pelajar'),('Anika_Rosenbaum89@hotmail.com',1,'2023-01-07','2023-02-07','inaktif','keluarga'),('Anika_Rosenbaum89@hotmail.com',2,'2023-02-07','2023-03-07','inaktif','perorangan'),('Anika_Rosenbaum89@hotmail.com',3,'2023-03-07','2023-04-07','inaktif','keluarga'),('Anika_Rosenbaum89@hotmail.com',4,'2023-04-07','2023-05-07','inaktif','perorangan'),('Anika_Rosenbaum89@hotmail.com',5,'2023-05-07','2023-06-07','inaktif','perorangan'),('Anika_Rosenbaum89@hotmail.com',6,'2023-06-07','2023-07-07','inaktif','keluarga'),('Anika_Rosenbaum89@hotmail.com',7,'2023-07-07','2023-08-07','inaktif','keluarga'),('Anika_Rosenbaum89@hotmail.com',8,'2023-08-07','2023-09-07','inaktif','pelajar'),('Anika_Rosenbaum89@hotmail.com',9,'2023-09-07','2023-10-07','inaktif','perorangan'),('Anika_Rosenbaum89@hotmail.com',10,'2023-10-07','2023-11-07','inaktif','perorangan'),('Anika_Rosenbaum89@hotmail.com',11,'2023-11-07','2023-12-07','inaktif','keluarga'),('Anika_Rosenbaum89@hotmail.com',12,'2023-12-07','2024-01-07','inaktif','keluarga'),('Anika_Rosenbaum89@hotmail.com',13,'2024-01-07','2024-02-07','inaktif','pelajar'),('Anika_Rosenbaum89@hotmail.com',14,'2024-02-07','2024-03-07','inaktif','keluarga'),('Anika_Rosenbaum89@hotmail.com',15,'2024-03-07','2024-04-07','aktif','perorangan'),('Augustus_Sawayn10@gmail.com',1,'2023-06-07','2023-07-07','inaktif','keluarga'),('Augustus_Sawayn10@gmail.com',2,'2023-07-07','2023-08-07','inaktif','perorangan'),('Augustus_Sawayn10@gmail.com',3,'2023-08-07','2023-09-07','inaktif','perorangan'),('Augustus_Sawayn10@gmail.com',4,'2023-09-07','2023-10-07','inaktif','keluarga'),('Augustus_Sawayn10@gmail.com',5,'2023-10-07','2023-11-07','inaktif','keluarga'),('Augustus_Sawayn10@gmail.com',6,'2023-11-07','2023-12-07','inaktif','keluarga'),('Augustus_Sawayn10@gmail.com',7,'2023-12-07','2024-01-07','inaktif','perorangan'),('Augustus_Sawayn10@gmail.com',8,'2024-01-07','2024-02-07','inaktif','pelajar'),('Augustus_Sawayn10@gmail.com',9,'2024-02-07','2024-03-07','inaktif','perorangan'),('Augustus_Sawayn10@gmail.com',10,'2024-03-07','2024-04-07','inaktif','perorangan'),('Augustus_Sawayn10@gmail.com',11,'2024-04-07','2024-05-07','aktif','perorangan'),('Brant.Ankunding67@hotmail.com',1,'2023-03-07','2023-04-07','inaktif','perorangan'),('Brant.Ankunding67@hotmail.com',2,'2023-04-07','2023-05-07','inaktif','perorangan'),('Brant.Ankunding67@hotmail.com',3,'2023-05-07','2023-06-07','inaktif','pelajar'),('Brant.Ankunding67@hotmail.com',4,'2023-06-07','2023-07-07','inaktif','pelajar'),('Brant.Ankunding67@hotmail.com',5,'2023-07-07','2023-08-07','inaktif','perorangan'),('Brant.Ankunding67@hotmail.com',6,'2023-08-07','2023-09-07','inaktif','keluarga'),('Brant.Ankunding67@hotmail.com',7,'2023-09-07','2023-10-07','inaktif','keluarga'),('Brant.Ankunding67@hotmail.com',8,'2023-10-07','2023-11-07','inaktif','pelajar'),('Brant.Ankunding67@hotmail.com',9,'2023-11-07','2023-12-07','inaktif','keluarga'),('Brant.Ankunding67@hotmail.com',10,'2023-12-07','2024-01-07','inaktif','keluarga'),('Brant.Ankunding67@hotmail.com',11,'2024-01-07','2024-02-07','aktif','keluarga'),('Bryana_Gleason@hotmail.com',1,'2022-05-07','2022-06-07','inaktif','keluarga'),('Bryana_Gleason@hotmail.com',2,'2022-06-07','2022-07-07','inaktif','perorangan'),('Bryana_Gleason@hotmail.com',3,'2022-07-07','2022-08-07','inaktif','keluarga'),('Bryana_Gleason@hotmail.com',4,'2022-08-07','2022-09-07','inaktif','perorangan'),('Bryana_Gleason@hotmail.com',5,'2022-09-07','2022-10-07','inaktif','pelajar'),('Bryana_Gleason@hotmail.com',6,'2022-10-07','2022-11-07','inaktif','keluarga'),('Bryana_Gleason@hotmail.com',7,'2022-11-07','2022-12-07','inaktif','perorangan'),('Bryana_Gleason@hotmail.com',8,'2022-12-07','2023-01-07','inaktif','perorangan'),('Bryana_Gleason@hotmail.com',9,'2023-01-07','2023-02-07','inaktif','pelajar'),('Bryana_Gleason@hotmail.com',10,'2023-02-07','2023-03-07','inaktif','keluarga'),('Bryana_Gleason@hotmail.com',11,'2023-03-07','2023-04-07','inaktif','pelajar'),('Bryana_Gleason@hotmail.com',12,'2023-04-07','2023-05-07','inaktif','keluarga'),('Bryana_Gleason@hotmail.com',13,'2023-05-07','2023-06-07','inaktif','keluarga'),('Bryana_Gleason@hotmail.com',14,'2023-06-07','2023-07-07','inaktif','keluarga'),('Bryana_Gleason@hotmail.com',15,'2023-07-07','2023-08-07','inaktif','perorangan'),('Bryana_Gleason@hotmail.com',16,'2023-08-07','2023-09-07','inaktif','keluarga'),('Bryana_Gleason@hotmail.com',17,'2023-09-07','2023-10-07','inaktif','perorangan'),('Bryana_Gleason@hotmail.com',18,'2023-10-07','2023-11-07','inaktif','keluarga'),('Bryana_Gleason@hotmail.com',19,'2023-11-07','2023-12-07','inaktif','perorangan'),('Bryana_Gleason@hotmail.com',20,'2023-12-07','2024-01-07','inaktif','perorangan'),('Bryana_Gleason@hotmail.com',21,'2024-01-07','2024-02-07','inaktif','pelajar'),('Bryana_Gleason@hotmail.com',22,'2024-02-07','2024-03-07','aktif','pelajar'),('Cale92@yahoo.com',1,'2023-06-07','2023-07-07','inaktif','pelajar'),('Cale92@yahoo.com',2,'2023-07-07','2023-08-07','inaktif','keluarga'),('Cale92@yahoo.com',3,'2023-08-07','2023-09-07','inaktif','perorangan'),('Cale92@yahoo.com',4,'2023-09-07','2023-10-07','inaktif','pelajar'),('Cale92@yahoo.com',5,'2023-10-07','2023-11-07','inaktif','keluarga'),('Cale92@yahoo.com',6,'2023-11-07','2023-12-07','inaktif','perorangan'),('Cale92@yahoo.com',7,'2023-12-07','2024-01-07','inaktif','pelajar'),('Cale92@yahoo.com',8,'2024-01-07','2024-02-07','inaktif','perorangan'),('Cale92@yahoo.com',9,'2024-02-07','2024-03-07','aktif','keluarga'),('Candido_Streich@hotmail.com',1,'2023-11-07','2023-12-07','inaktif','pelajar'),('Candido_Streich@hotmail.com',2,'2023-12-07','2024-01-07','inaktif','pelajar'),('Candido_Streich@hotmail.com',3,'2024-01-07','2024-02-07','inaktif','perorangan'),('Candido_Streich@hotmail.com',4,'2024-02-07','2024-03-07','inaktif','pelajar'),('Candido_Streich@hotmail.com',5,'2024-03-07','2024-04-07','inaktif','pelajar'),('Candido_Streich@hotmail.com',6,'2024-04-07','2024-05-07','inaktif','perorangan'),('Candido_Streich@hotmail.com',7,'2024-05-07','2024-06-07','aktif','perorangan'),('Cleve13@yahoo.com',1,'2022-09-07','2022-10-07','inaktif','perorangan'),('Cleve13@yahoo.com',2,'2022-10-07','2022-11-07','inaktif','keluarga'),('Cleve13@yahoo.com',3,'2022-11-07','2022-12-07','inaktif','keluarga'),('Cleve13@yahoo.com',4,'2022-12-07','2023-01-07','inaktif','perorangan'),('Cleve13@yahoo.com',5,'2023-01-07','2023-02-07','inaktif','perorangan'),('Cleve13@yahoo.com',6,'2023-02-07','2023-03-07','inaktif','keluarga'),('Cleve13@yahoo.com',7,'2023-03-07','2023-04-07','inaktif','keluarga'),('Cleve13@yahoo.com',8,'2023-04-07','2023-05-07','inaktif','pelajar'),('Cleve13@yahoo.com',9,'2023-05-07','2023-06-07','inaktif','pelajar'),('Cleve13@yahoo.com',10,'2023-06-07','2023-07-07','inaktif','perorangan'),('Cleve13@yahoo.com',11,'2023-07-07','2023-08-07','inaktif','perorangan'),('Cleve13@yahoo.com',12,'2023-08-07','2023-09-07','inaktif','pelajar'),('Cleve13@yahoo.com',13,'2023-09-07','2023-10-07','inaktif','keluarga'),('Cleve13@yahoo.com',14,'2023-10-07','2023-11-07','inaktif','pelajar'),('Cleve13@yahoo.com',15,'2023-11-07','2023-12-07','inaktif','keluarga'),('Cleve13@yahoo.com',16,'2023-12-07','2024-01-07','inaktif','keluarga'),('Cleve13@yahoo.com',17,'2024-01-07','2024-02-07','inaktif','perorangan'),('Cleve13@yahoo.com',18,'2024-02-07','2024-03-07','inaktif','keluarga'),('Cleve13@yahoo.com',19,'2024-03-07','2024-04-07','inaktif','keluarga'),('Cleve13@yahoo.com',20,'2024-04-07','2024-05-07','inaktif','perorangan'),('Cleve13@yahoo.com',21,'2024-05-07','2024-06-07','aktif','perorangan'),('Danika.Williamson@hotmail.com',1,'2022-10-07','2022-11-07','inaktif','keluarga'),('Danika.Williamson@hotmail.com',2,'2022-11-07','2022-12-07','inaktif','pelajar'),('Danika.Williamson@hotmail.com',3,'2022-12-07','2023-01-07','inaktif','keluarga'),('Danika.Williamson@hotmail.com',4,'2023-01-07','2023-02-07','inaktif','pelajar'),('Danika.Williamson@hotmail.com',5,'2023-02-07','2023-03-07','inaktif','pelajar'),('Danika.Williamson@hotmail.com',6,'2023-03-07','2023-04-07','inaktif','perorangan'),('Danika.Williamson@hotmail.com',7,'2023-04-07','2023-05-07','inaktif','perorangan'),('Danika.Williamson@hotmail.com',8,'2023-05-07','2023-06-07','inaktif','keluarga'),('Danika.Williamson@hotmail.com',9,'2023-06-07','2023-07-07','inaktif','perorangan'),('Danika.Williamson@hotmail.com',10,'2023-07-07','2023-08-07','inaktif','pelajar'),('Danika.Williamson@hotmail.com',11,'2023-08-07','2023-09-07','inaktif','pelajar'),('Danika.Williamson@hotmail.com',12,'2023-09-07','2023-10-07','inaktif','pelajar'),('Danika.Williamson@hotmail.com',13,'2023-10-07','2023-11-07','inaktif','keluarga'),('Danika.Williamson@hotmail.com',14,'2023-11-07','2023-12-07','inaktif','pelajar'),('Danika.Williamson@hotmail.com',15,'2023-12-07','2024-01-07','inaktif','perorangan'),('Danika.Williamson@hotmail.com',16,'2024-01-07','2024-02-07','aktif','perorangan'),('Douglas_Ankunding74@gmail.com',1,'2024-02-07','2024-03-07','inaktif','perorangan'),('Douglas_Ankunding74@gmail.com',2,'2024-03-07','2024-04-07','aktif','perorangan'),('Dusty48@hotmail.com',1,'2023-11-07','2023-12-07','inaktif','keluarga'),('Dusty48@hotmail.com',2,'2023-12-07','2024-01-07','inaktif','keluarga'),('Dusty48@hotmail.com',3,'2024-01-07','2024-02-07','inaktif','pelajar'),('Dusty48@hotmail.com',4,'2024-02-07','2024-03-07','inaktif','pelajar'),('Dusty48@hotmail.com',5,'2024-03-07','2024-04-07','inaktif','pelajar'),('Dusty48@hotmail.com',6,'2024-04-07','2024-05-07','aktif','perorangan'),('Gina.Hermann@yahoo.com',1,'2023-09-07','2023-10-07','inaktif','keluarga'),('Gina.Hermann@yahoo.com',2,'2023-10-07','2023-11-07','inaktif','pelajar'),('Gina.Hermann@yahoo.com',3,'2023-11-07','2023-12-07','inaktif','perorangan'),('Gina.Hermann@yahoo.com',4,'2023-12-07','2024-01-07','inaktif','pelajar'),('Gina.Hermann@yahoo.com',5,'2024-01-07','2024-02-07','inaktif','perorangan'),('Gina.Hermann@yahoo.com',6,'2024-02-07','2024-03-07','inaktif','pelajar'),('Gina.Hermann@yahoo.com',7,'2024-03-07','2024-04-07','inaktif','keluarga'),('Gina.Hermann@yahoo.com',8,'2024-04-07','2024-05-07','aktif','keluarga'),('Hailee78@gmail.com',1,'2022-12-07','2023-01-07','inaktif','keluarga'),('Hailee78@gmail.com',2,'2023-01-07','2023-02-07','inaktif','pelajar'),('Hailee78@gmail.com',3,'2023-02-07','2023-03-07','inaktif','perorangan'),('Hailee78@gmail.com',4,'2023-03-07','2023-04-07','inaktif','keluarga'),('Hailee78@gmail.com',5,'2023-04-07','2023-05-07','inaktif','pelajar'),('Hailee78@gmail.com',6,'2023-05-07','2023-06-07','inaktif','perorangan'),('Hailee78@gmail.com',7,'2023-06-07','2023-07-07','inaktif','perorangan'),('Hailee78@gmail.com',8,'2023-07-07','2023-08-07','inaktif','pelajar'),('Hailee78@gmail.com',9,'2023-08-07','2023-09-07','inaktif','keluarga'),('Hailee78@gmail.com',10,'2023-09-07','2023-10-07','inaktif','perorangan'),('Hailee78@gmail.com',11,'2023-10-07','2023-11-07','inaktif','keluarga'),('Hailee78@gmail.com',12,'2023-11-07','2023-12-07','inaktif','perorangan'),('Hailee78@gmail.com',13,'2023-12-07','2024-01-07','inaktif','keluarga'),('Hailee78@gmail.com',14,'2024-01-07','2024-02-07','inaktif','keluarga'),('Hailee78@gmail.com',15,'2024-02-07','2024-03-07','inaktif','keluarga'),('Hailee78@gmail.com',16,'2024-03-07','2024-04-07','inaktif','pelajar'),('Hailee78@gmail.com',17,'2024-04-07','2024-05-07','aktif','pelajar'),('Izabella.Hirthe88@gmail.com',1,'2023-07-07','2023-08-07','inaktif','pelajar'),('Izabella.Hirthe88@gmail.com',2,'2023-08-07','2023-09-07','inaktif','keluarga'),('Izabella.Hirthe88@gmail.com',3,'2023-09-07','2023-10-07','inaktif','keluarga'),('Izabella.Hirthe88@gmail.com',4,'2023-10-07','2023-11-07','inaktif','pelajar'),('Izabella.Hirthe88@gmail.com',5,'2023-11-07','2023-12-07','inaktif','perorangan'),('Izabella.Hirthe88@gmail.com',6,'2023-12-07','2024-01-07','inaktif','perorangan'),('Izabella.Hirthe88@gmail.com',7,'2024-01-07','2024-02-07','inaktif','keluarga'),('Izabella.Hirthe88@gmail.com',8,'2024-02-07','2024-03-07','inaktif','keluarga'),('Izabella.Hirthe88@gmail.com',9,'2024-03-07','2024-04-07','inaktif','keluarga'),('Izabella.Hirthe88@gmail.com',10,'2024-04-07','2024-05-07','inaktif','pelajar'),('Izabella.Hirthe88@gmail.com',11,'2024-05-07','2024-06-07','aktif','pelajar'),('Joanny.Kassulke@gmail.com',1,'2023-03-07','2023-04-07','inaktif','perorangan'),('Joanny.Kassulke@gmail.com',2,'2023-04-07','2023-05-07','inaktif','pelajar'),('Joanny.Kassulke@gmail.com',3,'2023-05-07','2023-06-07','inaktif','pelajar'),('Joanny.Kassulke@gmail.com',4,'2023-06-07','2023-07-07','inaktif','pelajar'),('Joanny.Kassulke@gmail.com',5,'2023-07-07','2023-08-07','inaktif','pelajar'),('Joanny.Kassulke@gmail.com',6,'2023-08-07','2023-09-07','inaktif','pelajar'),('Joanny.Kassulke@gmail.com',7,'2023-09-07','2023-10-07','inaktif','keluarga'),('Joanny.Kassulke@gmail.com',8,'2023-10-07','2023-11-07','inaktif','perorangan'),('Joanny.Kassulke@gmail.com',9,'2023-11-07','2023-12-07','inaktif','keluarga'),('Joanny.Kassulke@gmail.com',10,'2023-12-07','2024-01-07','inaktif','perorangan'),('Joanny.Kassulke@gmail.com',11,'2024-01-07','2024-02-07','aktif','keluarga'),('Juanita7@hotmail.com',1,'2023-08-07','2023-09-07','inaktif','keluarga'),('Juanita7@hotmail.com',2,'2023-09-07','2023-10-07','inaktif','perorangan'),('Juanita7@hotmail.com',3,'2023-10-07','2023-11-07','inaktif','pelajar'),('Juanita7@hotmail.com',4,'2023-11-07','2023-12-07','inaktif','keluarga'),('Juanita7@hotmail.com',5,'2023-12-07','2024-01-07','inaktif','keluarga'),('Juanita7@hotmail.com',6,'2024-01-07','2024-02-07','inaktif','perorangan'),('Juanita7@hotmail.com',7,'2024-02-07','2024-03-07','inaktif','keluarga'),('Juanita7@hotmail.com',8,'2024-03-07','2024-04-07','inaktif','pelajar'),('Juanita7@hotmail.com',9,'2024-04-07','2024-05-07','aktif','perorangan'),('Julia41@yahoo.com',1,'2023-01-07','2023-02-07','inaktif','keluarga'),('Julia41@yahoo.com',2,'2023-02-07','2023-03-07','inaktif','pelajar'),('Julia41@yahoo.com',3,'2023-03-07','2023-04-07','inaktif','pelajar'),('Julia41@yahoo.com',4,'2023-04-07','2023-05-07','inaktif','keluarga'),('Julia41@yahoo.com',5,'2023-05-07','2023-06-07','inaktif','keluarga'),('Julia41@yahoo.com',6,'2023-06-07','2023-07-07','inaktif','keluarga'),('Julia41@yahoo.com',7,'2023-07-07','2023-08-07','inaktif','pelajar'),('Julia41@yahoo.com',8,'2023-08-07','2023-09-07','inaktif','keluarga'),('Julia41@yahoo.com',9,'2023-09-07','2023-10-07','inaktif','keluarga'),('Julia41@yahoo.com',10,'2023-10-07','2023-11-07','inaktif','pelajar'),('Julia41@yahoo.com',11,'2023-11-07','2023-12-07','inaktif','keluarga'),('Julia41@yahoo.com',12,'2023-12-07','2024-01-07','inaktif','pelajar'),('Julia41@yahoo.com',13,'2024-01-07','2024-02-07','aktif','keluarga'),('Laurianne61@yahoo.com',1,'2023-11-07','2023-12-07','inaktif','perorangan'),('Laurianne61@yahoo.com',2,'2023-12-07','2024-01-07','inaktif','keluarga'),('Laurianne61@yahoo.com',3,'2024-01-07','2024-02-07','inaktif','keluarga'),('Laurianne61@yahoo.com',4,'2024-02-07','2024-03-07','inaktif','perorangan'),('Laurianne61@yahoo.com',5,'2024-03-07','2024-04-07','inaktif','keluarga'),('Laurianne61@yahoo.com',6,'2024-04-07','2024-05-07','aktif','perorangan'),('Lucile42@gmail.com',1,'2024-01-07','2024-02-07','inaktif','keluarga'),('Lucile42@gmail.com',2,'2024-02-07','2024-03-07','inaktif','pelajar'),('Lucile42@gmail.com',3,'2024-03-07','2024-04-07','inaktif','perorangan'),('Lucile42@gmail.com',4,'2024-04-07','2024-05-07','aktif','pelajar'),('Major8@gmail.com',1,'2023-10-07','2023-11-07','inaktif','perorangan'),('Major8@gmail.com',2,'2023-11-07','2023-12-07','inaktif','keluarga'),('Major8@gmail.com',3,'2023-12-07','2024-01-07','inaktif','keluarga'),('Major8@gmail.com',4,'2024-01-07','2024-02-07','inaktif','keluarga'),('Major8@gmail.com',5,'2024-02-07','2024-03-07','inaktif','perorangan'),('Major8@gmail.com',6,'2024-03-07','2024-04-07','inaktif','pelajar'),('Major8@gmail.com',7,'2024-04-07','2024-05-07','aktif','keluarga'),('Maxime57@yahoo.com',1,'2023-01-07','2023-02-07','inaktif','keluarga'),('Maxime57@yahoo.com',2,'2023-02-07','2023-03-07','inaktif','pelajar'),('Maxime57@yahoo.com',3,'2023-03-07','2023-04-07','inaktif','pelajar'),('Maxime57@yahoo.com',4,'2023-04-07','2023-05-07','inaktif','keluarga'),('Maxime57@yahoo.com',5,'2023-05-07','2023-06-07','inaktif','keluarga'),('Maxime57@yahoo.com',6,'2023-06-07','2023-07-07','inaktif','perorangan'),('Maxime57@yahoo.com',7,'2023-07-07','2023-08-07','inaktif','pelajar'),('Maxime57@yahoo.com',8,'2023-08-07','2023-09-07','inaktif','keluarga'),('Maxime57@yahoo.com',9,'2023-09-07','2023-10-07','inaktif','keluarga'),('Maxime57@yahoo.com',10,'2023-10-07','2023-11-07','inaktif','perorangan'),('Maxime57@yahoo.com',11,'2023-11-07','2023-12-07','inaktif','keluarga'),('Maxime57@yahoo.com',12,'2023-12-07','2024-01-07','inaktif','pelajar'),('Maxime57@yahoo.com',13,'2024-01-07','2024-02-07','inaktif','pelajar'),('Maxime57@yahoo.com',14,'2024-02-07','2024-03-07','inaktif','keluarga'),('Maxime57@yahoo.com',15,'2024-03-07','2024-04-07','aktif','perorangan'),('Muriel.Gerlach@gmail.com',1,'2024-02-07','2024-03-07','inaktif','perorangan'),('Muriel.Gerlach@gmail.com',2,'2024-03-07','2024-04-07','inaktif','keluarga'),('Muriel.Gerlach@gmail.com',3,'2024-04-07','2024-05-07','aktif','keluarga'),('Rebekah_Keeling19@gmail.com',1,'2022-12-07','2023-01-07','inaktif','pelajar'),('Rebekah_Keeling19@gmail.com',2,'2023-01-07','2023-02-07','inaktif','perorangan'),('Rebekah_Keeling19@gmail.com',3,'2023-02-07','2023-03-07','inaktif','keluarga'),('Rebekah_Keeling19@gmail.com',4,'2023-03-07','2023-04-07','inaktif','pelajar'),('Rebekah_Keeling19@gmail.com',5,'2023-04-07','2023-05-07','inaktif','pelajar'),('Rebekah_Keeling19@gmail.com',6,'2023-05-07','2023-06-07','inaktif','pelajar'),('Rebekah_Keeling19@gmail.com',7,'2023-06-07','2023-07-07','inaktif','perorangan'),('Rebekah_Keeling19@gmail.com',8,'2023-07-07','2023-08-07','inaktif','keluarga'),('Rebekah_Keeling19@gmail.com',9,'2023-08-07','2023-09-07','inaktif','keluarga'),('Rebekah_Keeling19@gmail.com',10,'2023-09-07','2023-10-07','inaktif','keluarga'),('Rebekah_Keeling19@gmail.com',11,'2023-10-07','2023-11-07','inaktif','pelajar'),('Rebekah_Keeling19@gmail.com',12,'2023-11-07','2023-12-07','inaktif','perorangan'),('Rebekah_Keeling19@gmail.com',13,'2023-12-07','2024-01-07','inaktif','perorangan'),('Rebekah_Keeling19@gmail.com',14,'2024-01-07','2024-02-07','aktif','keluarga'),('Retha95@yahoo.com',1,'2024-01-07','2024-02-07','inaktif','perorangan'),('Retha95@yahoo.com',2,'2024-02-07','2024-03-07','aktif','perorangan'),('Roman.Osinski@hotmail.com',1,'2022-06-07','2022-07-07','inaktif','keluarga'),('Roman.Osinski@hotmail.com',2,'2022-07-07','2022-08-07','inaktif','pelajar'),('Roman.Osinski@hotmail.com',3,'2022-08-07','2022-09-07','inaktif','pelajar'),('Roman.Osinski@hotmail.com',4,'2022-09-07','2022-10-07','inaktif','pelajar'),('Roman.Osinski@hotmail.com',5,'2022-10-07','2022-11-07','inaktif','perorangan'),('Roman.Osinski@hotmail.com',6,'2022-11-07','2022-12-07','inaktif','pelajar'),('Roman.Osinski@hotmail.com',7,'2022-12-07','2023-01-07','inaktif','keluarga'),('Roman.Osinski@hotmail.com',8,'2023-01-07','2023-02-07','inaktif','perorangan'),('Roman.Osinski@hotmail.com',9,'2023-02-07','2023-03-07','inaktif','pelajar'),('Roman.Osinski@hotmail.com',10,'2023-03-07','2023-04-07','inaktif','keluarga'),('Roman.Osinski@hotmail.com',11,'2023-04-07','2023-05-07','inaktif','keluarga'),('Roman.Osinski@hotmail.com',12,'2023-05-07','2023-06-07','inaktif','perorangan'),('Roman.Osinski@hotmail.com',13,'2023-06-07','2023-07-07','inaktif','pelajar'),('Roman.Osinski@hotmail.com',14,'2023-07-07','2023-08-07','inaktif','perorangan'),('Roman.Osinski@hotmail.com',15,'2023-08-07','2023-09-07','inaktif','perorangan'),('Roman.Osinski@hotmail.com',16,'2023-09-07','2023-10-07','inaktif','keluarga'),('Roman.Osinski@hotmail.com',17,'2023-10-07','2023-11-07','inaktif','perorangan'),('Roman.Osinski@hotmail.com',18,'2023-11-07','2023-12-07','inaktif','keluarga'),('Roman.Osinski@hotmail.com',19,'2023-12-07','2024-01-07','inaktif','keluarga'),('Roman.Osinski@hotmail.com',20,'2024-01-07','2024-02-07','inaktif','perorangan'),('Roman.Osinski@hotmail.com',21,'2024-02-07','2024-03-07','inaktif','keluarga'),('Roman.Osinski@hotmail.com',22,'2024-03-07','2024-04-07','inaktif','perorangan'),('Roman.Osinski@hotmail.com',23,'2024-04-07','2024-05-07','aktif','pelajar'),('Shayna93@hotmail.com',1,'2024-03-07','2024-04-07','aktif','pelajar'),('Sibyl63@gmail.com',1,'2023-06-07','2023-07-07','inaktif','perorangan'),('Sibyl63@gmail.com',2,'2023-07-07','2023-08-07','inaktif','perorangan'),('Sibyl63@gmail.com',3,'2023-08-07','2023-09-07','inaktif','pelajar'),('Sibyl63@gmail.com',4,'2023-09-07','2023-10-07','inaktif','keluarga'),('Sibyl63@gmail.com',5,'2023-10-07','2023-11-07','inaktif','pelajar'),('Sibyl63@gmail.com',6,'2023-11-07','2023-12-07','inaktif','pelajar'),('Sibyl63@gmail.com',7,'2023-12-07','2024-01-07','inaktif','perorangan'),('Sibyl63@gmail.com',8,'2024-01-07','2024-02-07','inaktif','keluarga'),('Sibyl63@gmail.com',9,'2024-02-07','2024-03-07','inaktif','pelajar'),('Sibyl63@gmail.com',10,'2024-03-07','2024-04-07','aktif','perorangan'),('Tod.Jast61@gmail.com',1,'2024-04-07','2024-05-07','aktif','pelajar');
/*!40000 ALTER TABLE `AppleMusicUser` ENABLE KEYS */;
UNLOCK TABLES;

--
-- Table structure for table `AudioQuality`
--

DROP TABLE IF EXISTS `AudioQuality`;
/*!40101 SET @saved_cs_client     = @@character_set_client */;
/*!40101 SET character_set_client = utf8 */;
CREATE TABLE `AudioQuality` (
  `idSong` int(10) unsigned NOT NULL,
  `jenisAudio` enum('hi-res-lossless','dolby-atmos') NOT NULL,
  PRIMARY KEY (`idSong`,`jenisAudio`),
  CONSTRAINT `AudioQuality_ibfk_1` FOREIGN KEY (`idSong`) REFERENCES `Song` (`idSong`)
) ENGINE=InnoDB DEFAULT CHARSET=utf8mb4 COLLATE=utf8mb4_general_ci;
/*!40101 SET character_set_client = @saved_cs_client */;

--
-- Dumping data for table `AudioQuality`
--

LOCK TABLES `AudioQuality` WRITE;
/*!40000 ALTER TABLE `AudioQuality` DISABLE KEYS */;
INSERT INTO `AudioQuality` VALUES (1,'hi-res-lossless'),(1,'dolby-atmos'),(2,'hi-res-lossless'),(3,'hi-res-lossless'),(4,'hi-res-lossless'),(5,'hi-res-lossless'),(6,'hi-res-lossless'),(6,'dolby-atmos'),(7,'hi-res-lossless'),(7,'dolby-atmos'),(8,'hi-res-lossless'),(9,'hi-res-lossless'),(10,'hi-res-lossless'),(11,'hi-res-lossless'),(12,'hi-res-lossless'),(12,'dolby-atmos'),(13,'hi-res-lossless'),(13,'dolby-atmos'),(14,'hi-res-lossless'),(15,'hi-res-lossless'),(15,'dolby-atmos'),(16,'hi-res-lossless'),(16,'dolby-atmos'),(17,'hi-res-lossless'),(18,'hi-res-lossless'),(19,'hi-res-lossless'),(20,'hi-res-lossless'),(20,'dolby-atmos'),(21,'hi-res-lossless'),(21,'dolby-atmos'),(22,'hi-res-lossless'),(22,'dolby-atmos'),(23,'hi-res-lossless'),(23,'dolby-atmos'),(24,'hi-res-lossless'),(25,'hi-res-lossless'),(26,'hi-res-lossless'),(26,'dolby-atmos'),(27,'hi-res-lossless'),(27,'dolby-atmos'),(28,'hi-res-lossless'),(28,'dolby-atmos'),(29,'hi-res-lossless'),(29,'dolby-atmos'),(30,'hi-res-lossless'),(31,'hi-res-lossless'),(31,'dolby-atmos'),(32,'hi-res-lossless'),(33,'hi-res-lossless'),(34,'hi-res-lossless'),(34,'dolby-atmos'),(35,'hi-res-lossless'),(35,'dolby-atmos'),(36,'hi-res-lossless'),(36,'dolby-atmos'),(37,'hi-res-lossless'),(37,'dolby-atmos'),(38,'hi-res-lossless'),(39,'hi-res-lossless'),(39,'dolby-atmos'),(40,'hi-res-lossless'),(41,'hi-res-lossless'),(42,'hi-res-lossless'),(42,'dolby-atmos'),(43,'hi-res-lossless'),(43,'dolby-atmos'),(44,'hi-res-lossless'),(44,'dolby-atmos'),(45,'hi-res-lossless'),(46,'hi-res-lossless'),(46,'dolby-atmos'),(47,'hi-res-lossless'),(47,'dolby-atmos'),(48,'hi-res-lossless'),(49,'hi-res-lossless'),(49,'dolby-atmos'),(50,'hi-res-lossless'),(50,'dolby-atmos'),(51,'hi-res-lossless'),(52,'hi-res-lossless'),(52,'dolby-atmos'),(53,'hi-res-lossless'),(53,'dolby-atmos'),(54,'hi-res-lossless'),(55,'hi-res-lossless'),(55,'dolby-atmos'),(56,'hi-res-lossless'),(56,'dolby-atmos'),(57,'hi-res-lossless'),(57,'dolby-atmos'),(58,'hi-res-lossless'),(59,'hi-res-lossless'),(60,'hi-res-lossless'),(61,'hi-res-lossless'),(61,'dolby-atmos'),(62,'hi-res-lossless'),(63,'hi-res-lossless'),(64,'hi-res-lossless'),(65,'hi-res-lossless'),(66,'hi-res-lossless'),(66,'dolby-atmos'),(67,'hi-res-lossless'),(67,'dolby-atmos'),(68,'hi-res-lossless'),(69,'hi-res-lossless'),(69,'dolby-atmos'),(70,'hi-res-lossless'),(71,'hi-res-lossless'),(71,'dolby-atmos'),(72,'hi-res-lossless'),(73,'hi-res-lossless'),(73,'dolby-atmos'),(74,'hi-res-lossless'),(75,'hi-res-lossless'),(75,'dolby-atmos'),(76,'hi-res-lossless'),(77,'hi-res-lossless'),(77,'dolby-atmos'),(78,'hi-res-lossless'),(78,'dolby-atmos'),(79,'hi-res-lossless'),(79,'dolby-atmos'),(80,'hi-res-lossless'),(80,'dolby-atmos');
/*!40000 ALTER TABLE `AudioQuality` ENABLE KEYS */;
UNLOCK TABLES;

--
-- Table structure for table `ExtraVideo`
--

DROP TABLE IF EXISTS `ExtraVideo`;
/*!40101 SET @saved_cs_client     = @@character_set_client */;
/*!40101 SET character_set_client = utf8 */;
CREATE TABLE `ExtraVideo` (
  `idExtraVideo` int(10) unsigned NOT NULL,
  `idLabel` int(10) unsigned NOT NULL,
  `emailGuestStar` varchar(255) NOT NULL,
  `idSubscriptionGuestStar` int(10) unsigned NOT NULL,
  `judul` varchar(255) NOT NULL,
  `durasi` int(10) unsigned NOT NULL,
  `tanggalRilis` date NOT NULL DEFAULT curdate(),
  PRIMARY KEY (`idExtraVideo`),
  KEY `idLabel` (`idLabel`),
  KEY `emailGuestStar` (`emailGuestStar`,`idSubscriptionGuestStar`),
  CONSTRAINT `ExtraVideo_ibfk_1` FOREIGN KEY (`idLabel`) REFERENCES `Label` (`idLabel`),
  CONSTRAINT `ExtraVideo_ibfk_2` FOREIGN KEY (`emailGuestStar`, `idSubscriptionGuestStar`) REFERENCES `AppleMusicUser` (`email`, `idSubscription`)
) ENGINE=InnoDB DEFAULT CHARSET=utf8mb4 COLLATE=utf8mb4_general_ci;
/*!40101 SET character_set_client = @saved_cs_client */;

--
-- Dumping data for table `ExtraVideo`
--

LOCK TABLES `ExtraVideo` WRITE;
/*!40000 ALTER TABLE `ExtraVideo` DISABLE KEYS */;
INSERT INTO `ExtraVideo` VALUES (1,16,'Juanita7@hotmail.com',3,'Interview with Altus territo tonsor sperno collum.',259,'2023-10-16'),(2,22,'Joanny.Kassulke@gmail.com',9,'Interview with Triduana tamisium sum minima quasi aperte sum.',257,'2023-11-08'),(3,3,'Roman.Osinski@hotmail.com',6,'Interview with Conduco apto pax curso temperantia.',195,'2022-11-14'),(4,18,'Anika_Rosenbaum89@hotmail.com',12,'Interview with Valetudo cunae aegrotatio accusamus comburo civitas.',375,'2023-12-09'),(5,8,'Muriel.Gerlach@gmail.com',1,'Interview with Volva spiculum tabgo crustulum auctus allatus ustilo.',254,'2024-02-09'),(6,27,'Cleve13@yahoo.com',19,'Interview with Adficio crudelis praesentium succedo appono debeo articulus unus claustrum.',315,'2024-03-10'),(7,4,'Bryana_Gleason@hotmail.com',21,'Interview with Vigilo tepidus tracto tepidus aegre viridis explicabo substantia studio deduco.',306,'2024-01-09'),(8,26,'Cleve13@yahoo.com',21,'Interview with Quam casso attollo temptatio autus perspiciatis repellat brevis modi aut.',140,'2024-05-08'),(9,10,'Cale92@yahoo.com',3,'Interview with Vaco corrupti cura comes constans ter.',446,'2023-08-13'),(10,3,'Gina.Hermann@yahoo.com',2,'Interview with Vulgo aperio sol dolor surgo ut thesis.',258,'2023-10-12'),(11,5,'Muriel.Gerlach@gmail.com',1,'Interview with Uxor accusator ipsum reiciendis aranea barba.',150,'2024-02-13'),(12,6,'Anika_Rosenbaum89@hotmail.com',10,'Interview with Suffoco attero civis ipsam cibus chirographum abstergo adstringo caelum voro.',275,'2023-10-13'),(13,3,'Anika_Rosenbaum89@hotmail.com',13,'Interview with Constans cohors censura solium cedo aqua ultra.',157,'2024-01-11'),(14,26,'Cale92@yahoo.com',3,'Interview with Tertius thema territo copiose.',496,'2023-08-10'),(15,13,'Danika.Williamson@hotmail.com',5,'Interview with Adstringo tonsor beatus spectaculum.',492,'2023-02-13'),(16,2,'Danika.Williamson@hotmail.com',15,'Interview with Excepturi verumtamen numquam sub.',351,'2023-12-09'),(17,11,'Brant.Ankunding67@hotmail.com',1,'Interview with Campana tamdiu quas ulciscor armarium versus conatus.',193,'2023-03-17'),(18,8,'Hailee78@gmail.com',11,'Interview with Tres combibo aut sit temptatio tribuo certus curo.',391,'2023-10-16'),(19,22,'Roman.Osinski@hotmail.com',9,'Interview with Utor terra cohaero assumenda ventosus cognomen vitae.',332,'2023-02-17'),(20,12,'Brant.Ankunding67@hotmail.com',7,'Interview with Spiculum tabernus dapifer.',355,'2023-09-08'),(21,8,'Maxime57@yahoo.com',1,'Interview with Demens vitium auditor suscipio conculco totus cribro vel tempora.',530,'2023-01-10'),(22,12,'Bryana_Gleason@hotmail.com',16,'Interview with Arbitro deprimo arbustum nisi vaco desparatus commodo vitium.',438,'2023-08-17'),(23,19,'Bryana_Gleason@hotmail.com',10,'Interview with Nam thymbra desidero substantia arbustum admitto clementia claudeo.',519,'2023-02-08'),(24,23,'Maxime57@yahoo.com',5,'Interview with Spiculum claro molestias dolor.',587,'2023-05-14'),(25,4,'Cale92@yahoo.com',9,'Interview with Totam termes tumultus caterva aiunt sto argentum doloribus eligendi.',204,'2024-02-11'),(26,24,'Abbigail_Aufderhar75@gmail.com',12,'Interview with Ut eligendi creta arma acervus trucido theatrum tumultus.',409,'2023-09-11'),(27,24,'Maxime57@yahoo.com',1,'Interview with Eum velum aperte celebrer.',156,'2023-01-17'),(28,6,'Joanny.Kassulke@gmail.com',2,'Interview with Solitudo tersus crinis curto supra capto commemoro.',558,'2023-04-12'),(29,6,'Laurianne61@yahoo.com',2,'Interview with Eum inflammatio debilito.',166,'2023-12-16'),(30,13,'Abbigail_Aufderhar75@gmail.com',2,'Interview with Officia depopulo tero viridis una debitis tenuis.',510,'2022-11-17'),(31,15,'Candido_Streich@hotmail.com',2,'Interview with Apparatus molestiae voveo natus baiulus degenero ante voco spes deinde.',227,'2023-12-13'),(32,12,'Julia41@yahoo.com',4,'Interview with Canto aro vivo amicitia thesaurus torqueo addo.',317,'2023-04-08'),(33,5,'Shayna93@hotmail.com',1,'Interview with Cunctatio certus coerceo despecto.',500,'2024-03-09'),(34,11,'Maxime57@yahoo.com',9,'Interview with Accommodo tam claustrum tum.',124,'2023-09-12'),(35,27,'Danika.Williamson@hotmail.com',5,'Interview with Cattus accendo aureus video depereo acervus basium peccatus debilito corrupti.',371,'2023-02-15'),(36,10,'Dusty48@hotmail.com',5,'Interview with Sub vulnus circumvenio.',405,'2024-03-16'),(37,28,'Augustus_Sawayn10@gmail.com',10,'Interview with Ullus creo admoveo utilis ager careo desidero tersus vinitor.',364,'2024-03-12'),(38,13,'Bryana_Gleason@hotmail.com',2,'Interview with Solus arbitro attollo voluptas.',406,'2022-06-16'),(39,5,'Candido_Streich@hotmail.com',1,'Interview with Vesco tertius dolorum arceo spargo.',138,'2023-11-14'),(40,16,'Joanny.Kassulke@gmail.com',10,'Interview with Speculum audentia adflicto depulso.',487,'2023-12-10'),(41,2,'Sibyl63@gmail.com',10,'Interview with Tenuis arx blanditiis adipiscor demulceo optio trans color aeger.',514,'2024-03-15'),(42,2,'Hailee78@gmail.com',16,'Interview with Suffoco conturbo studio.',423,'2024-03-17'),(43,19,'Cleve13@yahoo.com',3,'Interview with Teneo arcus usus constans pauci allatus.',192,'2022-11-08'),(44,25,'Cleve13@yahoo.com',13,'Interview with Reiciendis magnam angustus.',229,'2023-09-16'),(45,10,'Izabella.Hirthe88@gmail.com',1,'Interview with Degusto utroque campana arx vulgus aut debilito aegrotatio angelus vilicus.',402,'2023-07-13'),(46,17,'Maxime57@yahoo.com',10,'Interview with Spiculum quia conservo viduo vetus vulticulus acceptus aufero carbo.',400,'2023-10-11'),(47,25,'Amya_Franecki@yahoo.com',11,'Interview with Deporto adflicto corpus averto.',220,'2023-11-17'),(48,8,'Maxime57@yahoo.com',2,'Interview with Solus summisse avaritia cilicium ulterius acceptus cohors sponte vigor ocer.',371,'2023-02-09'),(49,8,'Cleve13@yahoo.com',3,'Interview with Iste turpis clamo baiulus.',308,'2022-11-12'),(50,5,'Roman.Osinski@hotmail.com',10,'Interview with Vitae tutamen totidem culpa asporto.',457,'2023-03-12'),(51,11,'Bryana_Gleason@hotmail.com',12,'Interview with Vinculum strenuus ager tonsor tibi velociter soluta termes.',242,'2023-04-16'),(52,8,'Laurianne61@yahoo.com',5,'Interview with A aliquam coaegresco cernuus vehemens voco voco amissio.',490,'2024-03-14'),(53,18,'Cale92@yahoo.com',3,'Interview with Aspicio tripudio truculenter textilis veritatis acsi corona agnosco defluo coniecto.',254,'2023-08-12'),(54,6,'Julia41@yahoo.com',7,'Interview with Contigo non curso.',315,'2023-07-16'),(55,10,'Abbigail_Aufderhar75@gmail.com',1,'Interview with Amicitia tego tenetur sollicito demo adeo sum conatus volo quis.',332,'2022-10-16'),(56,4,'Cleve13@yahoo.com',14,'Interview with Casso suggero thorax beneficium natus circumvenio cohors creptio.',509,'2023-10-13'),(57,23,'Allen.Quitzon-Smith@yahoo.com',5,'Interview with Abbas aperio admitto thymbra verus.',392,'2023-12-14'),(58,4,'Anika_Rosenbaum89@hotmail.com',11,'Interview with Summa spero eveniet acerbitas rem pecto usitas.',124,'2023-11-15'),(59,8,'Dusty48@hotmail.com',1,'Interview with Eum conscendo complectus ab.',273,'2023-11-12'),(60,1,'Roman.Osinski@hotmail.com',18,'Interview with Aeneus comprehendo dignissimos cupiditas sopor trans.',430,'2023-11-16'),(61,19,'Amya_Franecki@yahoo.com',13,'Interview with Trucido aedificium sopor crastinus.',518,'2024-01-11'),(62,9,'Bryana_Gleason@hotmail.com',3,'Interview with Arx catena tui nisi denuncio decet.',523,'2022-07-13'),(63,2,'Anika_Rosenbaum89@hotmail.com',1,'Interview with Sperno accusantium aperiam amicitia.',414,'2023-01-13'),(64,29,'Rebekah_Keeling19@gmail.com',13,'Interview with Spectaculum patria stella ago debeo.',320,'2023-12-15'),(65,19,'Brant.Ankunding67@hotmail.com',9,'Interview with Ex theatrum demitto varius audentia odit aegrotatio dolor quidem.',171,'2023-11-17'),(66,25,'Izabella.Hirthe88@gmail.com',8,'Interview with Deludo confido vesica curia.',525,'2024-02-17'),(67,23,'Gina.Hermann@yahoo.com',4,'Interview with Vociferor virtus studio cresco vehemens vulariter exercitationem corpus.',412,'2023-12-12'),(68,1,'Candido_Streich@hotmail.com',1,'Interview with Acidus adduco amaritudo caelum.',190,'2023-11-17'),(69,16,'Hailee78@gmail.com',4,'Interview with Delectatio theca cubitum thymum creber valde ciminatio.',499,'2023-03-10'),(70,14,'Roman.Osinski@hotmail.com',14,'Interview with Termes trepide coepi crepusculum non valeo.',411,'2023-07-12'),(71,28,'Roman.Osinski@hotmail.com',14,'Interview with Cena tametsi quisquam cur audentia.',383,'2023-07-12'),(72,1,'Maxime57@yahoo.com',5,'Interview with Theologus confero inflammatio caput solio comburo.',203,'2023-05-09'),(73,20,'Bryana_Gleason@hotmail.com',20,'Interview with Virgo deripio demoror ultra.',490,'2023-12-10'),(74,4,'Augustus_Sawayn10@gmail.com',10,'Interview with Confero statim vomer deleniti trepide patruus decet adfectus assentator carpo.',553,'2024-03-10'),(75,12,'Rebekah_Keeling19@gmail.com',11,'Interview with Suppellex temperantia vir decumbo.',571,'2023-10-13'),(76,6,'Roman.Osinski@hotmail.com',23,'Interview with Ab sint utrum abundans.',549,'2024-04-15'),(77,7,'Amya_Franecki@yahoo.com',2,'Interview with Constans eligendi nulla succedo suffragium denuo cui utique.',250,'2023-02-17'),(78,3,'Lucile42@gmail.com',3,'Interview with Ea numquam coniuratio ater appono socius talis.',405,'2024-03-11'),(79,4,'Bryana_Gleason@hotmail.com',15,'Interview with Sunt aro earum vilicus decerno ver comes tepesco talio tremo.',313,'2023-07-17'),(80,4,'Dusty48@hotmail.com',5,'Interview with Vapulus comedo tunc testimonium vorago tamdiu dicta theologus quod sit.',596,'2024-03-13'),(81,12,'Danika.Williamson@hotmail.com',14,'Interview with Anser alo cariosus illo benigne.',298,'2023-11-11'),(82,29,'Laurianne61@yahoo.com',6,'Interview with Cenaculum anser ubi thesis cauda ulterius aliquam qui circumvenio caste.',508,'2024-04-16'),(83,29,'Gina.Hermann@yahoo.com',7,'Interview with Strenuus torrens sunt alveus expedita utrimque amor eum cattus confugo.',535,'2024-03-11'),(84,5,'Sibyl63@gmail.com',9,'Interview with Admoneo vorago pariatur ipsa.',208,'2024-02-12'),(85,5,'Augustus_Sawayn10@gmail.com',1,'Interview with Barba ascit volup abundans speculum vito adulatio delectatio.',352,'2023-06-16'),(86,17,'Danika.Williamson@hotmail.com',13,'Interview with Aspernatur vomito varius.',467,'2023-10-10'),(87,29,'Cleve13@yahoo.com',15,'Interview with In autem demum dapifer accusator.',143,'2023-11-10'),(88,26,'Cale92@yahoo.com',6,'Interview with Dedecor tracto curso cilicium.',593,'2023-11-08'),(89,18,'Rebekah_Keeling19@gmail.com',9,'Interview with Unus conatus subito celer summopere decumbo aegre sumptus.',253,'2023-08-08'),(90,23,'Danika.Williamson@hotmail.com',3,'Interview with Amplitudo arto assumenda amor angulus adversus aggero subnecto.',179,'2022-12-10'),(91,21,'Izabella.Hirthe88@gmail.com',9,'Interview with Compello crastinus cetera certus cauda quis veritatis abundans ut tamen.',155,'2024-03-15'),(92,17,'Candido_Streich@hotmail.com',7,'Interview with Umbra vomica via deripio texo sumptus adfectus candidus condico acsi.',230,'2024-05-16'),(93,20,'Cleve13@yahoo.com',9,'Interview with Stultus caput cresco viscus umerus armarium sed terreo vere tendo.',145,'2023-05-17'),(94,11,'Laurianne61@yahoo.com',4,'Interview with Civis cogito totidem vos arbor.',537,'2024-02-08'),(95,18,'Roman.Osinski@hotmail.com',11,'Interview with Pax suggero auctus.',566,'2023-04-11'),(96,25,'Sibyl63@gmail.com',10,'Interview with Arma vivo territo theatrum contigo abduco turba clamo tollo virtus.',474,'2024-03-09'),(97,17,'Anika_Rosenbaum89@hotmail.com',10,'Interview with Undique cimentarius repellat.',289,'2023-10-10'),(98,30,'Shayna93@hotmail.com',1,'Interview with Dolores adimpleo tamen victoria utroque vero.',598,'2024-03-16'),(99,30,'Augustus_Sawayn10@gmail.com',1,'Interview with Caste volup delicate.',371,'2023-06-14'),(100,6,'Joanny.Kassulke@gmail.com',6,'Interview with Suus argumentum balbus administratio deserunt vero.',437,'2023-08-13'),(101,11,'Allen.Quitzon-Smith@yahoo.com',7,'Interview with Convoco ascisco accedo spectaculum vorago cattus accommodo absconditus ater atque.',354,'2024-02-16'),(102,10,'Roman.Osinski@hotmail.com',17,'Interview with Veritas tergum sunt voluptatibus.',407,'2023-10-08'),(103,11,'Hailee78@gmail.com',6,'Interview with Aut capillus atrox carpo asperiores depulso armarium.',152,'2023-05-15'),(104,23,'Roman.Osinski@hotmail.com',12,'Interview with Facilis colligo creo careo contego vinum patruus.',581,'2023-05-10'),(105,26,'Allen.Quitzon-Smith@yahoo.com',7,'Interview with Amita appono nemo sui artificiose nulla defessus cruentus vix terror.',401,'2024-02-09'),(106,29,'Juanita7@hotmail.com',2,'Interview with Deduco corpus verecundia arca desparatus.',553,'2023-09-11'),(107,26,'Joanny.Kassulke@gmail.com',2,'Interview with Curvo vestigium sit confero velut adipisci autem vita harum apostolus.',422,'2023-04-08'),(108,26,'Julia41@yahoo.com',11,'Interview with Sit copiose velut accusamus desipio basium atavus.',325,'2023-11-08'),(109,10,'Allen.Quitzon-Smith@yahoo.com',3,'Interview with Damno caveo amplitudo suus crur.',226,'2023-10-11'),(110,13,'Bryana_Gleason@hotmail.com',17,'Interview with Sortitus attero demulceo contigo pauci adiuvo alveus basium.',254,'2023-09-17'),(111,29,'Rebekah_Keeling19@gmail.com',14,'Interview with Uterque caritas admiratio vulgo tres compello sollers vinculum cursim.',161,'2024-01-09'),(112,13,'Augustus_Sawayn10@gmail.com',2,'Interview with Callide denuncio crepusculum adsum tibi subnecto textor vinco solutio totam.',253,'2023-07-17'),(113,30,'Anika_Rosenbaum89@hotmail.com',8,'Interview with Ultra laborum conspergo corrigo.',235,'2023-08-15'),(114,18,'Izabella.Hirthe88@gmail.com',3,'Interview with Tardus veniam apud avarus desino pariatur crapula templum.',476,'2023-09-10'),(115,9,'Abbigail_Aufderhar75@gmail.com',11,'Interview with Cursim rem pauci victus alo cunabula cursim terra.',488,'2023-08-14'),(116,8,'Abbigail_Aufderhar75@gmail.com',9,'Interview with Accusantium absconditus ventus terra in.',408,'2023-06-16'),(117,30,'Rebekah_Keeling19@gmail.com',13,'Interview with Amoveo accedo aeneus cubitum cado.',542,'2023-12-10'),(118,14,'Rebekah_Keeling19@gmail.com',10,'Interview with Crastinus doloremque conitor victoria minima custodia pax.',378,'2023-09-14'),(119,3,'Lucile42@gmail.com',1,'Interview with Repellendus articulus velum via molestias.',289,'2024-01-10'),(120,19,'Hailee78@gmail.com',6,'Interview with Vester totam ventus capio virgo traho arcus.',346,'2023-05-09'),(121,18,'Abbigail_Aufderhar75@gmail.com',2,'Interview with Basium cena desino caterva.',465,'2022-11-11'),(122,26,'Juanita7@hotmail.com',3,'Interview with Teneo ustulo tenus confero.',520,'2023-10-16'),(123,30,'Augustus_Sawayn10@gmail.com',1,'Interview with Accusator adficio stabilis catena vivo curso tollo nesciunt audax.',427,'2023-06-10'),(124,26,'Izabella.Hirthe88@gmail.com',3,'Interview with Creptio virgo tamen tracto atrocitas acerbitas itaque defluo denego angelus.',256,'2023-09-14'),(125,7,'Major8@gmail.com',2,'Interview with Baiulus aeneus odio amicitia conicio artificiose.',513,'2023-11-08'),(126,21,'Cale92@yahoo.com',7,'Interview with Vulpes commemoro audeo attollo accusamus.',239,'2023-12-13'),(127,6,'Julia41@yahoo.com',5,'Interview with Aestus approbo cernuus cavus.',362,'2023-05-11'),(128,11,'Maxime57@yahoo.com',13,'Interview with Summopere sursum virtus dedecor compono deleo.',149,'2024-01-14'),(129,1,'Candido_Streich@hotmail.com',6,'Interview with Sed umbra cultura trepide repudiandae vulpes maxime bos thermae.',455,'2024-04-13'),(130,7,'Cale92@yahoo.com',8,'Interview with Usitas at somniculosus altus.',290,'2024-01-17'),(131,27,'Hailee78@gmail.com',4,'Interview with Tenuis acervus arbustum ademptio adulatio.',199,'2023-03-11'),(132,26,'Bryana_Gleason@hotmail.com',11,'Interview with Coepi explicabo astrum decipio currus traho.',278,'2023-03-13'),(133,20,'Hailee78@gmail.com',13,'Interview with Utpote non tabernus architecto cuppedia.',577,'2023-12-10'),(134,23,'Rebekah_Keeling19@gmail.com',14,'Interview with Vaco universe communis bardus beatae cura truculenter averto molestias.',504,'2024-01-17'),(135,23,'Roman.Osinski@hotmail.com',5,'Interview with Cometes adfectus clibanus casus volo nihil.',412,'2022-10-17'),(136,8,'Izabella.Hirthe88@gmail.com',10,'Interview with Ulciscor sollicito tenetur suspendo crux tametsi theca summisse universe sortitus.',535,'2024-04-13'),(137,19,'Amya_Franecki@yahoo.com',4,'Interview with Suasoria creator creta.',129,'2023-04-13'),(138,7,'Douglas_Ankunding74@gmail.com',2,'Interview with Sopor cupressus cura absens votum vobis totidem bene accendo apud.',343,'2024-03-10'),(139,3,'Bryana_Gleason@hotmail.com',9,'Interview with Apparatus ratione demo bestia curtus verbera cur stips suasoria.',484,'2023-01-10'),(140,9,'Danika.Williamson@hotmail.com',7,'Interview with Asperiores vox aedificium usque cubicularis.',534,'2023-04-13'),(141,17,'Augustus_Sawayn10@gmail.com',1,'Interview with Sol dicta debitis avaritia amita textus.',422,'2023-06-15'),(142,27,'Cleve13@yahoo.com',13,'Interview with Rerum acer tredecim.',165,'2023-09-16'),(143,13,'Rebekah_Keeling19@gmail.com',13,'Interview with Sufficio illum ultio testimonium damno textus tres vergo comparo.',477,'2023-12-12'),(144,25,'Amya_Franecki@yahoo.com',6,'Interview with Verumtamen caries caritas somnus adstringo abscido amor stabilis xiphias.',440,'2023-06-11'),(145,4,'Roman.Osinski@hotmail.com',9,'Interview with Sophismata aut textor.',378,'2023-02-16'),(146,18,'Danika.Williamson@hotmail.com',15,'Interview with Calamitas tempore deripio vesco.',379,'2023-12-15'),(147,30,'Roman.Osinski@hotmail.com',12,'Interview with Ter claudeo aegre quo molestias.',263,'2023-05-13'),(148,9,'Rebekah_Keeling19@gmail.com',8,'Interview with Vigilo tunc conculco clementia admoveo.',490,'2023-07-08'),(149,20,'Julia41@yahoo.com',1,'Interview with Sulum esse sollicito reiciendis aspicio.',224,'2023-01-12'),(150,9,'Hailee78@gmail.com',16,'Interview with Audentia claustrum cresco defluo vos theca exercitationem tenax ratione casso.',147,'2024-03-11'),(151,1,'Julia41@yahoo.com',1,'Interview with Dolor cogito cunabula desidero amor validus strenuus conspergo.',439,'2023-01-16'),(152,23,'Roman.Osinski@hotmail.com',6,'Interview with Comburo pariatur thesaurus astrum clibanus timor possimus usitas demulceo.',237,'2022-11-11'),(153,24,'Maxime57@yahoo.com',14,'Interview with Vivo cupiditas debilito absconditus convoco cavus antiquus quidem deleniti libero.',138,'2024-02-12'),(154,17,'Dusty48@hotmail.com',1,'Interview with Canis ubi ipsum doloremque abstergo confido sonitus cinis casso attollo.',165,'2023-11-14'),(155,21,'Danika.Williamson@hotmail.com',16,'Interview with Concido virga desino error vindico degenero tenus cinis suadeo curia.',220,'2024-01-08'),(156,20,'Danika.Williamson@hotmail.com',4,'Interview with Ascit vis occaecati tabesco.',485,'2023-01-16'),(157,18,'Danika.Williamson@hotmail.com',14,'Interview with Umquam occaecati solitudo tardus vinitor recusandae confugo.',259,'2023-11-13'),(158,27,'Amya_Franecki@yahoo.com',3,'Interview with Anser stabilis ara deludo.',449,'2023-03-11'),(159,25,'Bryana_Gleason@hotmail.com',21,'Interview with Thorax bis vitiosus praesentium tollo totidem illo error adnuo tutis.',519,'2024-01-09'),(160,9,'Hailee78@gmail.com',2,'Interview with Assentator valde vitae sub angelus acies.',238,'2023-01-11'),(161,26,'Rebekah_Keeling19@gmail.com',4,'Interview with Coepi deserunt aliqua exercitationem addo corrumpo adicio trepide optio.',349,'2023-03-14'),(162,7,'Gina.Hermann@yahoo.com',7,'Interview with Ars utroque debitis alias victus colo.',212,'2024-03-09'),(163,20,'Cale92@yahoo.com',5,'Interview with Taceo harum pariatur atrox deleniti colo accedo.',397,'2023-10-17'),(164,17,'Cleve13@yahoo.com',1,'Interview with Bene varius quasi.',478,'2022-09-08'),(165,4,'Cleve13@yahoo.com',15,'Interview with Aptus cerno tracto consuasor caelum textor repellendus.',374,'2023-11-15'),(166,2,'Juanita7@hotmail.com',8,'Interview with Aetas deserunt quia.',202,'2024-03-08'),(167,27,'Augustus_Sawayn10@gmail.com',11,'Interview with Defessus voveo textor conculco stillicidium tum consequatur sub.',237,'2024-04-08'),(168,19,'Augustus_Sawayn10@gmail.com',7,'Interview with Avarus accusator spero certe concido caritas vinco cura.',166,'2023-12-17'),(169,29,'Cleve13@yahoo.com',21,'Interview with Vulgus turbo somnus.',233,'2024-05-17'),(170,17,'Candido_Streich@hotmail.com',5,'Interview with Sub temperantia arbor cotidie vulgivagus.',435,'2024-03-16'),(171,22,'Amya_Franecki@yahoo.com',4,'Interview with Sit stabilis ea trucido.',153,'2023-04-17'),(172,26,'Bryana_Gleason@hotmail.com',5,'Interview with Verecundia aureus debilito degusto cedo abundans usque caries vos.',133,'2022-09-08'),(173,14,'Bryana_Gleason@hotmail.com',6,'Interview with Congregatio tamdiu sapiente adiuvo amplexus atqui suscipio surculus.',497,'2022-10-09'),(174,4,'Cale92@yahoo.com',8,'Interview with Comedo id canto.',590,'2024-01-16'),(175,19,'Roman.Osinski@hotmail.com',9,'Interview with Colo amaritudo ascit accendo.',397,'2023-02-10'),(176,24,'Izabella.Hirthe88@gmail.com',3,'Interview with Paens cupressus curtus antepono contabesco terra adulescens.',404,'2023-09-12'),(177,25,'Amya_Franecki@yahoo.com',13,'Interview with Alii cupiditas asper.',249,'2024-01-11'),(178,3,'Dusty48@hotmail.com',3,'Interview with Contra aptus degero consuasor venio conduco.',225,'2024-01-11'),(179,26,'Roman.Osinski@hotmail.com',23,'Interview with Spiritus vereor cohors libero.',249,'2024-04-15'),(180,2,'Maxime57@yahoo.com',9,'Interview with Textor coniuratio trucido colo.',576,'2023-09-10'),(181,26,'Candido_Streich@hotmail.com',7,'Interview with Deprecator ea volaticus alius eveniet versus varietas clam.',160,'2024-05-10'),(182,19,'Julia41@yahoo.com',8,'Interview with Suscipio ascit congregatio valeo copiose.',355,'2023-08-11'),(183,8,'Amya_Franecki@yahoo.com',12,'Interview with Adeptio canto adulescens beneficium templum.',577,'2023-12-09'),(184,28,'Cleve13@yahoo.com',20,'Interview with Tepesco coepi custodia a atavus torqueo commodi.',367,'2024-04-15'),(185,18,'Roman.Osinski@hotmail.com',14,'Interview with Tandem tenuis tergiversatio ver texo amiculum apostolus.',377,'2023-07-12'),(186,20,'Rebekah_Keeling19@gmail.com',8,'Interview with Cibus allatus testimonium cavus.',173,'2023-07-12'),(187,6,'Cleve13@yahoo.com',7,'Interview with Supra custodia culpa deprecator ducimus sunt traho dolores.',334,'2023-03-16'),(188,3,'Rebekah_Keeling19@gmail.com',9,'Interview with Antea autus vereor.',186,'2023-08-10'),(189,4,'Cleve13@yahoo.com',11,'Interview with Triumphus cotidie strues cado rem abbas aurum desparatus cunctatio.',432,'2023-07-11'),(190,2,'Bryana_Gleason@hotmail.com',9,'Interview with Dolor suus audentia adipiscor tepesco alveus defleo pecto unus.',585,'2023-01-14'),(191,1,'Bryana_Gleason@hotmail.com',9,'Interview with Speciosus voco capitulus.',149,'2023-01-14'),(192,7,'Cleve13@yahoo.com',15,'Interview with Tabernus decens turbo.',405,'2023-11-15'),(193,27,'Cleve13@yahoo.com',14,'Interview with Testimonium socius thymbra sto aurum cubicularis vita.',428,'2023-10-09'),(194,6,'Roman.Osinski@hotmail.com',10,'Interview with Viduo cupiditate carmen cibo cognatus testimonium amplus ipsa.',484,'2023-03-11'),(195,30,'Augustus_Sawayn10@gmail.com',1,'Interview with Attero victoria suasoria facere vinitor.',438,'2023-06-11'),(196,18,'Gina.Hermann@yahoo.com',7,'Interview with Acquiro textus demonstro aeneus dapifer a crapula.',460,'2024-03-13'),(197,2,'Major8@gmail.com',4,'Interview with Alias territo creber natus cedo agnosco.',435,'2024-01-09'),(198,9,'Amya_Franecki@yahoo.com',4,'Interview with Decor tristis id ab.',218,'2023-04-08'),(199,13,'Bryana_Gleason@hotmail.com',15,'Interview with Sumptus vito aranea.',154,'2023-07-17'),(200,9,'Candido_Streich@hotmail.com',5,'Interview with Angelus dolores barba defessus.',129,'2024-03-16');
/*!40000 ALTER TABLE `ExtraVideo` ENABLE KEYS */;
UNLOCK TABLES;

--
-- Table structure for table `Label`
--

DROP TABLE IF EXISTS `Label`;
/*!40101 SET @saved_cs_client     = @@character_set_client */;
/*!40101 SET character_set_client = utf8 */;
CREATE TABLE `Label` (
  `idLabel` int(10) unsigned NOT NULL,
  `nama` varchar(255) NOT NULL,
  `tahunBerdiri` int(10) unsigned NOT NULL,
  `asalNegara` varchar(255) NOT NULL,
  PRIMARY KEY (`idLabel`)
) ENGINE=InnoDB DEFAULT CHARSET=utf8mb4 COLLATE=utf8mb4_general_ci;
/*!40101 SET character_set_client = @saved_cs_client */;

--
-- Dumping data for table `Label`
--

LOCK TABLES `Label` WRITE;
/*!40000 ALTER TABLE `Label` DISABLE KEYS */;
INSERT INTO `Label` VALUES (1,'Howell, Crist and Beatty',2022,'Tanzania'),(2,'Swift, Mills and Berge',2023,'Saudi Arabia'),(3,'Pfannerstill - Leffler',2024,'Eswatini'),(4,'Herman Group',2023,'Saint Lucia'),(5,'Willms LLC',2022,'Saint Barthelemy'),(6,'Bins LLC',2022,'Lesotho'),(7,'Welch - Mann',2022,'Israel'),(8,'Turcotte, Pfannerstill and Jacobi',2023,'Australia'),(9,'Von, Towne and Ullrich',2023,'Senegal'),(10,'Pagac - Purdy',2022,'Burundi'),(11,'Heidenreich - Parker',2022,'Nicaragua'),(12,'Kuhn - DuBuque',2024,'Myanmar'),(13,'Wehner LLC',2022,'Wallis and Futuna'),(14,'Gibson - Rice',2022,'Slovenia'),(15,'Schmidt, Langworth and Dare',2023,'Falkland Islands (Malvinas)'),(16,'Pagac - O\'Conner',2024,'Puerto Rico'),(17,'Torp, Walsh and Hartmann',2022,'Anguilla'),(18,'Wyman, Conroy and Price',2023,'Palestine'),(19,'Wyman, Koch and Kutch',2024,'Mauritius'),(20,'Blick Inc',2022,'Russian Federation'),(21,'Morar Inc',2024,'Cook Islands'),(22,'Berge, Feest and Lowe',2022,'Lithuania'),(23,'Williamson - Effertz',2023,'Seychelles'),(24,'Borer, Parisian and Stanton',2022,'Mali'),(25,'Bogisich - Lebsack',2023,'Kazakhstan'),(26,'Rice - Hermiston',2022,'Greece'),(27,'Fadel Group',2023,'Zambia'),(28,'Kuvalis LLC',2023,'Namibia'),(29,'Kemmer - Bartoletti',2022,'Uganda'),(30,'Kuvalis - Gleason',2023,'Holy See (Vatican City State)');
/*!40000 ALTER TABLE `Label` ENABLE KEYS */;
UNLOCK TABLES;

--
-- Table structure for table `Lyrics`
--

DROP TABLE IF EXISTS `Lyrics`;
/*!40101 SET @saved_cs_client     = @@character_set_client */;
/*!40101 SET character_set_client = utf8 */;
CREATE TABLE `Lyrics` (
  `idSong` int(10) unsigned NOT NULL,
  `line` int(10) unsigned NOT NULL,
  `lyric` text NOT NULL,
  `emailWriter` varchar(255) NOT NULL,
  `idSubscriptionWriter` int(10) unsigned NOT NULL,
  PRIMARY KEY (`idSong`,`line`),
  KEY `emailWriter` (`emailWriter`,`idSubscriptionWriter`),
  CONSTRAINT `Lyrics_ibfk_1` FOREIGN KEY (`idSong`) REFERENCES `Song` (`idSong`),
  CONSTRAINT `Lyrics_ibfk_2` FOREIGN KEY (`emailWriter`, `idSubscriptionWriter`) REFERENCES `AppleMusicUser` (`email`, `idSubscription`)
) ENGINE=InnoDB DEFAULT CHARSET=utf8mb4 COLLATE=utf8mb4_general_ci;
/*!40101 SET character_set_client = @saved_cs_client */;

--
-- Dumping data for table `Lyrics`
--

LOCK TABLES `Lyrics` WRITE;
/*!40000 ALTER TABLE `Lyrics` DISABLE KEYS */;
INSERT INTO `Lyrics` VALUES (1,1,'Utilis dicta sortitus delego inventore amplitudo ater cupio.','Rebekah_Keeling19@gmail.com',7),(2,1,'Cilicium consuasor certe absum suspendo cribro.','Dusty48@hotmail.com',6),(3,1,'Tandem temperantia varius itaque tempora claudeo tripudio stips cruciamentum.','Cleve13@yahoo.com',21),(3,2,'Cruciamentum tepidus tui strenuus creo celer cunae tolero amplexus defleo.','Dusty48@hotmail.com',6),(3,3,'Crebro speciosus volo sufficio calco degenero coma conventus.','Shayna93@hotmail.com',1),(3,4,'Sumo demergo venia optio aureus consectetur.','Muriel.Gerlach@gmail.com',3),(4,1,'Carus inflammatio color derideo.','Gina.Hermann@yahoo.com',7),(4,2,'Patior delectus itaque deputo teneo tener tyrannus angelus sollers.','Hailee78@gmail.com',14),(5,1,'Cornu sufficio delectatio eum.','Roman.Osinski@hotmail.com',23),(6,1,'Concedo villa sunt dolor sonitus cogo vesco.','Gina.Hermann@yahoo.com',8),(6,2,'Comparo cursim stultus.','Major8@gmail.com',1),(6,3,'Amicitia confido sub amaritudo defleo cupio stabilis iusto.','Maxime57@yahoo.com',11),(6,4,'Dicta vel tenuis aliquam turpis desipio vigilo abduco adopto.','Augustus_Sawayn10@gmail.com',11),(7,1,'Amo volutabrum subito benevolentia desino temperantia conspergo.','Roman.Osinski@hotmail.com',21),(7,2,'Sint vicissitudo utrum.','Juanita7@hotmail.com',5),(7,3,'Debilito cenaculum strues tonsor.','Rebekah_Keeling19@gmail.com',14),(7,4,'Bonus bis conturbo averto animi terra.','Dusty48@hotmail.com',6),(7,5,'Placeat utrimque voro arca territo paens dens compono tollo adamo.','Izabella.Hirthe88@gmail.com',11),(8,1,'Crudelis tergum quam debeo ratione pecus stultus.','Candido_Streich@hotmail.com',6),(8,2,'Quaerat angelus numquam degero.','Tod.Jast61@gmail.com',1),(8,3,'Aiunt conicio crepusculum terreo thermae beneficium barba super attonbitus aestus.','Hailee78@gmail.com',14),(8,4,'Solvo clibanus tabesco communis.','Hailee78@gmail.com',15),(8,5,'Confugo uter umquam spero vox ustulo aduro stipes quibusdam.','Shayna93@hotmail.com',1),(9,1,'Sulum inflammatio consuasor stultus substantia alias aer.','Brant.Ankunding67@hotmail.com',10),(9,2,'Abutor recusandae rem demoror amoveo tabernus clam alias.','Dusty48@hotmail.com',3),(9,3,'Desino approbo voluptate tergum blanditiis solio solum comes voluptatibus.','Laurianne61@yahoo.com',4),(9,4,'Decens utrimque carmen umerus stabilis cursus rerum voveo.','Joanny.Kassulke@gmail.com',9),(9,5,'Tergeo quia conitor conventus triumphus varius.','Dusty48@hotmail.com',3),(9,6,'Velit sodalitas casso auxilium.','Bryana_Gleason@hotmail.com',19),(10,1,'Dolor vestigium soluta.','Candido_Streich@hotmail.com',6),(10,2,'Facere varietas cumque tenetur molestiae.','Candido_Streich@hotmail.com',6),(10,3,'Tabesco supellex auditor adsum tricesimus deripio.','Julia41@yahoo.com',12),(11,1,'Vehemens sollers aqua quidem voluntarius acquiro solus degenero spes.','Cleve13@yahoo.com',20),(11,2,'Trans sumptus bellum acerbitas suffragium comitatus supra accommodo.','Retha95@yahoo.com',1),(11,3,'Celebrer conor magni ustilo nemo dedico surculus dedico sint.','Lucile42@gmail.com',2),(11,4,'Vulticulus civis amissio ancilla derelinquo accusamus.','Cleve13@yahoo.com',19),(11,5,'Benevolentia voluptate temperantia.','Roman.Osinski@hotmail.com',23),(12,1,'Casus civitas rem pariatur coma ratione.','Candido_Streich@hotmail.com',7),(12,2,'Sortitus cui comparo harum thermae templum coepi totam.','Hailee78@gmail.com',17),(12,3,'Ustilo adopto statim auxilium tui volo.','Izabella.Hirthe88@gmail.com',11),(12,4,'Voco harum vetus solutio caute ventosus aestas comprehendo sublime.','Candido_Streich@hotmail.com',7),(13,1,'Congregatio adaugeo comedo capitulus toties vulpes.','Abbigail_Aufderhar75@gmail.com',16),(13,2,'Aufero depereo accusantium.','Maxime57@yahoo.com',5),(14,1,'Neque totus degusto accendo antepono arbitro consequatur.','Candido_Streich@hotmail.com',5),(14,2,'Odit conforto ventito socius summopere cupiditate admoneo complectus at.','Dusty48@hotmail.com',5),(14,3,'Aperio voluptatem adeptio terebro incidunt dolore surculus.','Izabella.Hirthe88@gmail.com',11),(14,4,'Quod voluptatem corrumpo attonbitus.','Juanita7@hotmail.com',7),(15,1,'Supra crux aduro.','Hailee78@gmail.com',16),(15,2,'Uredo sint placeat.','Muriel.Gerlach@gmail.com',3),(16,1,'Rerum coniuratio summopere bibo vomito repudiandae.','Danika.Williamson@hotmail.com',15),(16,2,'Utpote certus torqueo volva tamen harum xiphias.','Joanny.Kassulke@gmail.com',7),(16,3,'Vitium tyrannus cui nesciunt uxor.','Hailee78@gmail.com',11),(16,4,'Acceptus dolor confugo curiositas vigor cubo adimpleo.','Dusty48@hotmail.com',2),(17,1,'Vomito aestas sulum necessitatibus vox.','Gina.Hermann@yahoo.com',1),(17,2,'Turpis confero solvo causa.','Allen.Quitzon-Smith@yahoo.com',3),(17,3,'Celer vinitor studio suasoria impedit patrocinor viridis cicuta aer tempora.','Cleve13@yahoo.com',9),(17,4,'Caries torqueo denego accedo delego vulariter.','Augustus_Sawayn10@gmail.com',3),(17,5,'Combibo angustus tabesco sustineo desino stultus vel aliqua sed.','Muriel.Gerlach@gmail.com',3),(17,6,'Sublime molestiae trucido.','Sibyl63@gmail.com',10),(18,1,'Appositus brevis basium adsum catena cernuus.','Dusty48@hotmail.com',2),(18,2,'Iure vir minima id.','Joanny.Kassulke@gmail.com',11),(18,3,'Rem advenio ante comis arca succedo decens.','Joanny.Kassulke@gmail.com',9),(19,1,'Cuppedia copiose vir capio teres.','Major8@gmail.com',5),(19,2,'Absque adfero thesis placeat conicio vehemens comitatus.','Dusty48@hotmail.com',4),(20,1,'Ducimus arma at sponte suus consequuntur stultus officiis quia veritas.','Juanita7@hotmail.com',5),(21,1,'Caelestis voluptas bonus vere crustulum thema capto denuncio defungo taceo.','Anika_Rosenbaum89@hotmail.com',15),(21,2,'Tubineus suasoria vulnus canto mollitia arceo certus.','Gina.Hermann@yahoo.com',5),(21,3,'Adversus contabesco coniuratio voro defetiscor ager tamisium hic.','Bryana_Gleason@hotmail.com',22),(21,4,'Coerceo theologus aptus vorax carmen.','Candido_Streich@hotmail.com',4),(21,5,'Censura decerno acceptus vitae eaque.','Muriel.Gerlach@gmail.com',1),(22,1,'Cetera caste utrum.','Sibyl63@gmail.com',10),(22,2,'Quas uter eius officia tempus convoco teneo circumvenio quis.','Amya_Franecki@yahoo.com',12),(22,3,'Verecundia sordeo consequuntur nisi.','Retha95@yahoo.com',2),(22,4,'Est ceno terminatio neque vorago pariatur.','Major8@gmail.com',7),(22,5,'Triduana sed tot temeritas solvo venustas.','Izabella.Hirthe88@gmail.com',2),(22,6,'Accusator comis avaritia solvo quod.','Augustus_Sawayn10@gmail.com',11),(23,1,'Ancilla atrox antiquus aureus summisse summa stultus calamitas bibo civitas.','Dusty48@hotmail.com',2),(23,2,'Quidem advenio asporto.','Izabella.Hirthe88@gmail.com',10),(23,3,'Candidus demonstro vos cumque barba virga defendo.','Lucile42@gmail.com',4),(23,4,'Conturbo abstergo deputo paulatim exercitationem bardus conventus anser certus.','Gina.Hermann@yahoo.com',8),(23,5,'Distinctio dedico suppono acceptus confido amicitia tamen crastinus.','Major8@gmail.com',5),(23,6,'Tres comparo compono harum placeat.','Julia41@yahoo.com',13),(24,1,'Cibus vis qui tam arbor viridis.','Joanny.Kassulke@gmail.com',11),(24,2,'Cibus contra verto reprehenderit itaque cuius curto officia demoror.','Roman.Osinski@hotmail.com',20),(24,3,'Statim spectaculum paens defero sulum vos astrum.','Maxime57@yahoo.com',15),(24,4,'Certus derelinquo reprehenderit porro speculum vicinus abundans veniam tolero cilicium.','Roman.Osinski@hotmail.com',23),(24,5,'Capio traho complectus.','Izabella.Hirthe88@gmail.com',10),(25,1,'Minus cui adulescens aeternus tum admoneo decretum culpo tabella.','Gina.Hermann@yahoo.com',6),(25,2,'Deripio libero artificiose curiositas combibo sonitus ultra comitatus.','Douglas_Ankunding74@gmail.com',1),(25,3,'Ipsum vinitor copia theatrum auxilium bestia.','Anika_Rosenbaum89@hotmail.com',15),(25,4,'Decor denuo articulus capillus audio deporto approbo delinquo deludo.','Augustus_Sawayn10@gmail.com',10),(25,5,'Valens barba maiores viscus.','Juanita7@hotmail.com',8),(26,1,'Tres degenero usque adhuc charisma coma vomica.','Dusty48@hotmail.com',6),(26,2,'Aestivus pecto aurum concedo brevis aurum.','Muriel.Gerlach@gmail.com',3),(26,3,'Thalassinus vomer reprehenderit ascit.','Dusty48@hotmail.com',6),(27,1,'Abeo talio sodalitas aduro defungo alienus cohaero odit talis.','Maxime57@yahoo.com',13),(27,2,'Surgo sollers vicinus.','Gina.Hermann@yahoo.com',6),(27,3,'Sollicito addo crux comminor velit totidem facilis.','Maxime57@yahoo.com',13),(27,4,'Cruciamentum absconditus est.','Danika.Williamson@hotmail.com',16),(28,1,'Suffoco abbas adulescens uberrime utor in verto curatio placeat.','Laurianne61@yahoo.com',5),(28,2,'Tabgo cernuus decretum canis certe territo conforto adfero acer deleniti.','Cleve13@yahoo.com',17),(28,3,'Iure sto cumque cruentus astrum tracto.','Gina.Hermann@yahoo.com',7),(29,1,'Incidunt suppellex creptio volaticus avarus absens patrocinor umquam capitulus.','Candido_Streich@hotmail.com',3),(29,2,'Vacuus texo defendo.','Danika.Williamson@hotmail.com',4),(30,1,'Delego vomica deficio civitas perspiciatis utor ambulo tergum apud.','Roman.Osinski@hotmail.com',19),(30,2,'Ater ventus unus sunt desipio.','Dusty48@hotmail.com',3),(30,3,'Sollers video tres tum.','Juanita7@hotmail.com',7),(30,4,'Derelinquo non sui summisse thema desino correptius deprecator absens thermae.','Joanny.Kassulke@gmail.com',10),(30,5,'Amet tristis sit.','Joanny.Kassulke@gmail.com',11),(31,1,'Crepusculum velum tondeo canto.','Amya_Franecki@yahoo.com',10),(31,2,'Aedificium caelestis usus tenus vita degero.','Maxime57@yahoo.com',6),(31,3,'Despecto abundans vaco adicio.','Cale92@yahoo.com',8),(32,1,'Consuasor quaerat a vitiosus amplitudo.','Augustus_Sawayn10@gmail.com',11),(32,2,'Constans debitis conduco tabgo textus beatus utilis denuo.','Bryana_Gleason@hotmail.com',21),(32,3,'Creta cubicularis cogito conqueror aliqua cursim teres crinis.','Anika_Rosenbaum89@hotmail.com',15),(32,4,'Defetiscor clarus vilitas.','Candido_Streich@hotmail.com',3),(33,1,'Caput subito placeat deleniti deduco communis angulus curto aufero.','Maxime57@yahoo.com',9),(33,2,'Adaugeo doloremque vel perferendis tonsor copiose spargo sophismata crur tolero.','Cleve13@yahoo.com',10),(33,3,'Animadverto video caelum casus perferendis suppellex turpis.','Rebekah_Keeling19@gmail.com',10),(33,4,'Velut acervus coerceo cibus umerus angelus alter.','Rebekah_Keeling19@gmail.com',14),(34,1,'Nisi cohaero thymum calcar.','Gina.Hermann@yahoo.com',7),(34,2,'Aut soleo defaeco tertius tum thermae atqui nemo.','Dusty48@hotmail.com',5),(34,3,'Veniam textilis comis coadunatio acer ustilo magnam coepi color tempora.','Major8@gmail.com',7),(35,1,'Minima paens antepono aegrotatio usque studio.','Anika_Rosenbaum89@hotmail.com',12),(35,2,'Defessus amoveo est celo tunc calculus molestiae.','Sibyl63@gmail.com',7),(35,3,'Stipes turpis sponte bis arbitro.','Augustus_Sawayn10@gmail.com',7),(35,4,'Debeo confugo subito carpo succurro.','Anika_Rosenbaum89@hotmail.com',12),(35,5,'Architecto despecto sursum.','Major8@gmail.com',4),(36,1,'Admoneo combibo tum subito blanditiis amoveo.','Douglas_Ankunding74@gmail.com',2),(36,2,'Asper currus venustas.','Amya_Franecki@yahoo.com',7),(37,1,'Minus tubineus celer usitas.','Augustus_Sawayn10@gmail.com',6),(37,2,'Peior adeptio pariatur tergum benigne via virga turba tabernus tristis.','Candido_Streich@hotmail.com',4),(37,3,'Ars cuppedia patrocinor sollicito perferendis abstergo.','Laurianne61@yahoo.com',2),(37,4,'Stultus territo vis tactus deripio.','Retha95@yahoo.com',2),(37,5,'Basium vigilo talus adfero summisse sunt vulgaris concido nesciunt.','Juanita7@hotmail.com',6),(37,6,'Vestrum attonbitus spiculum attonbitus illo amicitia aeternus curiositas.','Augustus_Sawayn10@gmail.com',10),(38,1,'Aqua vitae dolore theca ducimus canonicus abbas viriliter.','Amya_Franecki@yahoo.com',13),(38,2,'Ut voluptas terreo demum depraedor volutabrum.','Major8@gmail.com',4),(39,1,'Clarus amplexus patior dapifer aut.','Roman.Osinski@hotmail.com',21),(39,2,'Aeternus vitium arguo sol aranea fugit venia dolor.','Hailee78@gmail.com',12),(39,3,'Vitae vilis aduro calculus laborum.','Roman.Osinski@hotmail.com',17),(39,4,'Coadunatio quaerat substantia.','Major8@gmail.com',5),(40,1,'Amo via demergo valetudo harum.','Juanita7@hotmail.com',8),(40,2,'Vaco cariosus unus adulescens totidem uxor.','Augustus_Sawayn10@gmail.com',8),(40,3,'Ulterius verecundia tero.','Laurianne61@yahoo.com',5),(40,4,'Alias architecto ventus voluptates degenero adficio.','Augustus_Sawayn10@gmail.com',7),(40,5,'Voluntarius conturbo coniuratio tabula caelestis adipiscor creptio.','Bryana_Gleason@hotmail.com',19);
/*!40000 ALTER TABLE `Lyrics` ENABLE KEYS */;
UNLOCK TABLES;

--
-- Table structure for table `Memasarkan`
--

DROP TABLE IF EXISTS `Memasarkan`;
/*!40101 SET @saved_cs_client     = @@character_set_client */;
/*!40101 SET character_set_client = utf8 */;
CREATE TABLE `Memasarkan` (
  `idProdukKomersial` int(10) unsigned NOT NULL,
  `idSong` int(10) unsigned NOT NULL,
  PRIMARY KEY (`idProdukKomersial`,`idSong`),
  KEY `idSong` (`idSong`),
  CONSTRAINT `Memasarkan_ibfk_1` FOREIGN KEY (`idProdukKomersial`) REFERENCES `ProdukKomersial` (`idProdukKomersial`),
  CONSTRAINT `Memasarkan_ibfk_2` FOREIGN KEY (`idSong`) REFERENCES `Song` (`idSong`)
) ENGINE=InnoDB DEFAULT CHARSET=utf8mb4 COLLATE=utf8mb4_general_ci;
/*!40101 SET character_set_client = @saved_cs_client */;

--
-- Dumping data for table `Memasarkan`
--

LOCK TABLES `Memasarkan` WRITE;
/*!40000 ALTER TABLE `Memasarkan` DISABLE KEYS */;
INSERT INTO `Memasarkan` VALUES (1,4),(1,47),(1,63),(1,83),(1,104),(1,108),(1,136),(1,172),(1,193),(1,195),(2,15),(2,20),(2,57),(2,84),(2,86),(2,90),(2,95),(2,97),(2,115),(2,164),(2,169),(2,171),(3,47),(4,14),(4,107),(5,35),(5,68),(5,124),(6,1),(6,16),(6,24),(6,25),(6,69),(6,80),(6,87),(6,117),(6,131),(7,116),(7,191),(8,41),(8,43),(8,67),(8,77),(8,79),(8,82),(8,99),(8,113),(8,121),(8,139),(8,147),(8,154),(8,157),(9,1),(9,16),(9,24),(9,25),(9,69),(9,80),(9,102),(9,142),(9,179),(10,7),(10,38),(10,71),(11,13),(11,59),(11,126),(11,180),(11,200),(12,55),(12,144),(13,28),(13,67),(13,94),(13,103),(13,121),(13,139),(14,88),(14,177),(15,1),(15,16),(15,24),(15,25),(15,69),(15,80),(15,87),(15,102),(15,131),(15,179),(16,53),(16,146),(17,4),(17,195),(18,9),(18,36),(18,56),(18,76),(18,88),(18,91),(18,106),(18,109),(18,128),(18,133),(18,141),(18,174),(18,177),(18,185),(19,59),(19,180),(19,200),(20,96),(20,122),(21,69),(21,80),(22,8),(22,116),(22,175),(22,191),(23,20),(23,57),(23,84),(23,86),(23,95),(23,97),(23,115),(23,149),(23,164),(23,169),(23,171),(24,13),(24,31),(24,59),(24,105),(24,126),(24,127),(24,180),(24,196),(25,22),(25,55),(25,75),(25,111),(25,125),(25,143),(25,151),(25,152),(25,160),(26,83),(26,136),(26,194),(27,62),(27,135),(27,183),(28,54),(28,135),(28,158),(28,183),(29,21),(29,34),(29,40),(29,52),(29,72),(29,114),(29,130),(30,17),(30,73),(30,167),(30,182),(30,188),(31,84),(31,90),(31,164),(32,29),(32,30),(32,47),(32,81),(32,104),(32,134),(32,194),(33,3),(33,6),(33,44),(33,45),(33,60),(33,119),(33,156),(33,159),(34,51),(34,170),(34,190),(34,197),(35,5),(35,150),(36,4),(36,29),(36,30),(36,47),(36,63),(36,81),(36,83),(36,104),(36,108),(36,134),(36,136),(36,172),(36,193),(36,194),(36,195),(37,28),(37,41),(37,43),(37,66),(37,77),(37,79),(37,82),(37,99),(37,103),(37,121),(37,139),(37,147),(37,154),(37,157),(38,1),(38,16),(38,161),(39,13),(39,126),(40,66),(40,67),(40,79),(40,82),(40,94),(40,99),(40,113),(40,121),(40,139),(40,147),(40,154),(40,157),(41,4),(41,30),(41,63),(41,81),(41,136),(41,172),(41,194),(42,6),(42,44),(42,45),(42,119),(42,159),(43,36),(43,56),(44,38),(44,71),(45,11),(45,46),(45,74),(45,78),(45,153),(46,96),(47,44),(47,45),(47,156),(47,159),(48,37),(48,51),(48,148),(48,170),(48,187),(48,190),(48,197),(49,13),(49,126),(49,196),(50,8),(50,116),(50,175),(51,13),(51,31),(51,105),(51,127),(51,180),(51,196),(51,200),(52,4),(52,63),(53,1),(53,16),(53,24),(53,80),(53,179),(54,28),(54,41),(54,43),(54,66),(54,67),(54,77),(54,79),(54,82),(54,94),(54,99),(54,103),(54,113),(54,121),(54,139),(54,147),(54,154),(54,157),(55,4),(55,29),(55,47),(55,83),(55,104),(55,108),(55,134),(55,136),(55,172),(55,194),(56,11),(56,46),(56,74),(56,78),(56,101),(57,152),(58,17),(58,167),(58,182),(59,73),(59,182),(60,18),(60,32),(60,62),(60,135),(60,158),(60,199);
/*!40000 ALTER TABLE `Memasarkan` ENABLE KEYS */;
UNLOCK TABLES;

--
-- Table structure for table `Menghost`
--

DROP TABLE IF EXISTS `Menghost`;
/*!40101 SET @saved_cs_client     = @@character_set_client */;
/*!40101 SET character_set_client = utf8 */;
CREATE TABLE `Menghost` (
  `emailHoster` varchar(255) NOT NULL,
  `idSubscriptionHoster` int(10) unsigned NOT NULL,
  `idExtraVideo` int(10) unsigned NOT NULL,
  PRIMARY KEY (`emailHoster`,`idSubscriptionHoster`,`idExtraVideo`),
  KEY `idExtraVideo` (`idExtraVideo`),
  CONSTRAINT `Menghost_ibfk_1` FOREIGN KEY (`emailHoster`, `idSubscriptionHoster`) REFERENCES `AppleMusicUser` (`email`, `idSubscription`),
  CONSTRAINT `Menghost_ibfk_2` FOREIGN KEY (`idExtraVideo`) REFERENCES `ExtraVideo` (`idExtraVideo`)
) ENGINE=InnoDB DEFAULT CHARSET=utf8mb4 COLLATE=utf8mb4_general_ci;
/*!40101 SET character_set_client = @saved_cs_client */;

--
-- Dumping data for table `Menghost`
--

LOCK TABLES `Menghost` WRITE;
/*!40000 ALTER TABLE `Menghost` DISABLE KEYS */;
INSERT INTO `Menghost` VALUES ('Abbigail_Aufderhar75@gmail.com',2,108),('Abbigail_Aufderhar75@gmail.com',6,154),('Abbigail_Aufderhar75@gmail.com',8,20),('Abbigail_Aufderhar75@gmail.com',8,40),('Abbigail_Aufderhar75@gmail.com',11,58),('Abbigail_Aufderhar75@gmail.com',12,193),('Abbigail_Aufderhar75@gmail.com',14,180),('Abbigail_Aufderhar75@gmail.com',16,4),('Abbigail_Aufderhar75@gmail.com',16,60),('Abbigail_Aufderhar75@gmail.com',16,93),('Allen.Quitzon-Smith@yahoo.com',2,127),('Allen.Quitzon-Smith@yahoo.com',5,17),('Allen.Quitzon-Smith@yahoo.com',6,110),('Allen.Quitzon-Smith@yahoo.com',7,115),('Amya_Franecki@yahoo.com',1,89),('Amya_Franecki@yahoo.com',2,142),('Amya_Franecki@yahoo.com',3,25),('Amya_Franecki@yahoo.com',5,179),('Amya_Franecki@yahoo.com',9,30),('Amya_Franecki@yahoo.com',10,49),('Amya_Franecki@yahoo.com',10,169),('Amya_Franecki@yahoo.com',12,191),('Anika_Rosenbaum89@hotmail.com',2,117),('Anika_Rosenbaum89@hotmail.com',5,140),('Anika_Rosenbaum89@hotmail.com',7,9),('Anika_Rosenbaum89@hotmail.com',8,3),('Anika_Rosenbaum89@hotmail.com',10,50),('Anika_Rosenbaum89@hotmail.com',10,95),('Anika_Rosenbaum89@hotmail.com',12,158),('Anika_Rosenbaum89@hotmail.com',13,72),('Anika_Rosenbaum89@hotmail.com',15,178),('Augustus_Sawayn10@gmail.com',3,199),('Augustus_Sawayn10@gmail.com',5,51),('Augustus_Sawayn10@gmail.com',7,18),('Augustus_Sawayn10@gmail.com',8,6),('Augustus_Sawayn10@gmail.com',9,143),('Brant.Ankunding67@hotmail.com',1,39),('Brant.Ankunding67@hotmail.com',1,120),('Brant.Ankunding67@hotmail.com',1,139),('Brant.Ankunding67@hotmail.com',4,137),('Brant.Ankunding67@hotmail.com',4,164),('Brant.Ankunding67@hotmail.com',6,175),('Brant.Ankunding67@hotmail.com',7,53),('Bryana_Gleason@hotmail.com',6,10),('Bryana_Gleason@hotmail.com',8,186),('Bryana_Gleason@hotmail.com',11,13),('Bryana_Gleason@hotmail.com',14,43),('Bryana_Gleason@hotmail.com',14,94),('Bryana_Gleason@hotmail.com',15,69),('Bryana_Gleason@hotmail.com',16,101),('Bryana_Gleason@hotmail.com',18,63),('Bryana_Gleason@hotmail.com',18,167),('Bryana_Gleason@hotmail.com',21,64),('Bryana_Gleason@hotmail.com',21,196),('Bryana_Gleason@hotmail.com',22,8),('Bryana_Gleason@hotmail.com',22,45),('Cale92@yahoo.com',2,125),('Cale92@yahoo.com',3,16),('Cale92@yahoo.com',5,46),('Cale92@yahoo.com',6,119),('Cale92@yahoo.com',7,102),('Cale92@yahoo.com',8,183),('Candido_Streich@hotmail.com',2,122),('Candido_Streich@hotmail.com',3,147),('Cleve13@yahoo.com',2,35),('Cleve13@yahoo.com',2,111),('Cleve13@yahoo.com',5,78),('Cleve13@yahoo.com',6,24),('Cleve13@yahoo.com',8,66),('Cleve13@yahoo.com',8,92),('Cleve13@yahoo.com',10,57),('Cleve13@yahoo.com',10,97),('Cleve13@yahoo.com',16,77),('Cleve13@yahoo.com',16,103),('Cleve13@yahoo.com',20,155),('Danika.Williamson@hotmail.com',1,31),('Danika.Williamson@hotmail.com',1,135),('Danika.Williamson@hotmail.com',6,80),('Danika.Williamson@hotmail.com',6,136),('Danika.Williamson@hotmail.com',7,150),('Danika.Williamson@hotmail.com',8,29),('Danika.Williamson@hotmail.com',8,194),('Danika.Williamson@hotmail.com',9,107),('Danika.Williamson@hotmail.com',11,42),('Danika.Williamson@hotmail.com',15,34),('Danika.Williamson@hotmail.com',16,27),('Danika.Williamson@hotmail.com',16,182),('Douglas_Ankunding74@gmail.com',2,36),('Douglas_Ankunding74@gmail.com',2,38),('Douglas_Ankunding74@gmail.com',2,67),('Dusty48@hotmail.com',2,172),('Dusty48@hotmail.com',3,145),('Dusty48@hotmail.com',5,28),('Dusty48@hotmail.com',5,197),('Gina.Hermann@yahoo.com',3,160),('Gina.Hermann@yahoo.com',6,59),('Gina.Hermann@yahoo.com',7,128),('Hailee78@gmail.com',1,54),('Hailee78@gmail.com',1,171),('Hailee78@gmail.com',2,70),('Hailee78@gmail.com',3,192),('Hailee78@gmail.com',4,22),('Hailee78@gmail.com',5,112),('Hailee78@gmail.com',5,181),('Hailee78@gmail.com',6,79),('Hailee78@gmail.com',8,55),('Hailee78@gmail.com',8,161),('Hailee78@gmail.com',8,177),('Hailee78@gmail.com',9,56),('Hailee78@gmail.com',9,134),('Hailee78@gmail.com',9,200),('Hailee78@gmail.com',10,100),('Hailee78@gmail.com',11,187),('Hailee78@gmail.com',12,159),('Hailee78@gmail.com',12,184),('Hailee78@gmail.com',14,7),('Hailee78@gmail.com',14,83),('Hailee78@gmail.com',15,33),('Hailee78@gmail.com',15,185),('Izabella.Hirthe88@gmail.com',1,32),('Izabella.Hirthe88@gmail.com',1,41),('Izabella.Hirthe88@gmail.com',4,173),('Izabella.Hirthe88@gmail.com',6,132),('Izabella.Hirthe88@gmail.com',7,75),('Izabella.Hirthe88@gmail.com',8,153),('Izabella.Hirthe88@gmail.com',8,162),('Izabella.Hirthe88@gmail.com',10,126),('Izabella.Hirthe88@gmail.com',10,138),('Izabella.Hirthe88@gmail.com',10,151),('Joanny.Kassulke@gmail.com',2,106),('Joanny.Kassulke@gmail.com',4,23),('Joanny.Kassulke@gmail.com',6,11),('Joanny.Kassulke@gmail.com',8,5),('Joanny.Kassulke@gmail.com',9,14),('Joanny.Kassulke@gmail.com',9,19),('Joanny.Kassulke@gmail.com',9,86),('Joanny.Kassulke@gmail.com',11,198),('Juanita7@hotmail.com',4,152),('Juanita7@hotmail.com',8,85),('Julia41@yahoo.com',5,15),('Julia41@yahoo.com',7,129),('Julia41@yahoo.com',7,168),('Julia41@yahoo.com',8,87),('Julia41@yahoo.com',9,52),('Julia41@yahoo.com',12,109),('Laurianne61@yahoo.com',1,96),('Laurianne61@yahoo.com',1,189),('Laurianne61@yahoo.com',3,81),('Laurianne61@yahoo.com',4,48),('Laurianne61@yahoo.com',5,113),('Lucile42@gmail.com',3,76),('Major8@gmail.com',5,84),('Major8@gmail.com',6,62),('Major8@gmail.com',6,118),('Maxime57@yahoo.com',1,71),('Maxime57@yahoo.com',1,130),('Maxime57@yahoo.com',3,124),('Maxime57@yahoo.com',4,88),('Maxime57@yahoo.com',8,174),('Maxime57@yahoo.com',10,82),('Maxime57@yahoo.com',11,90),('Maxime57@yahoo.com',12,114),('Maxime57@yahoo.com',12,156),('Maxime57@yahoo.com',12,195),('Maxime57@yahoo.com',13,47),('Maxime57@yahoo.com',14,141),('Maxime57@yahoo.com',14,166),('Maxime57@yahoo.com',14,176),('Rebekah_Keeling19@gmail.com',1,73),('Rebekah_Keeling19@gmail.com',4,165),('Rebekah_Keeling19@gmail.com',6,131),('Rebekah_Keeling19@gmail.com',6,190),('Rebekah_Keeling19@gmail.com',9,91),('Rebekah_Keeling19@gmail.com',10,133),('Rebekah_Keeling19@gmail.com',13,123),('Rebekah_Keeling19@gmail.com',13,144),('Rebekah_Keeling19@gmail.com',14,12),('Retha95@yahoo.com',1,74),('Roman.Osinski@hotmail.com',2,99),('Roman.Osinski@hotmail.com',4,105),('Roman.Osinski@hotmail.com',5,2),('Roman.Osinski@hotmail.com',5,26),('Roman.Osinski@hotmail.com',5,68),('Roman.Osinski@hotmail.com',7,170),('Roman.Osinski@hotmail.com',11,146),('Roman.Osinski@hotmail.com',11,157),('Roman.Osinski@hotmail.com',12,121),('Roman.Osinski@hotmail.com',13,149),('Roman.Osinski@hotmail.com',17,163),('Roman.Osinski@hotmail.com',19,37),('Shayna93@hotmail.com',1,148),('Sibyl63@gmail.com',9,21),('Sibyl63@gmail.com',9,61),('Sibyl63@gmail.com',10,1),('Sibyl63@gmail.com',10,44),('Sibyl63@gmail.com',10,65),('Sibyl63@gmail.com',10,98),('Sibyl63@gmail.com',10,116),('Sibyl63@gmail.com',10,188),('Tod.Jast61@gmail.com',1,104);
/*!40000 ALTER TABLE `Menghost` ENABLE KEYS */;
UNLOCK TABLES;

--
-- Table structure for table `MusicVideo`
--

DROP TABLE IF EXISTS `MusicVideo`;
/*!40101 SET @saved_cs_client     = @@character_set_client */;
/*!40101 SET character_set_client = utf8 */;
CREATE TABLE `MusicVideo` (
  `idMusicVideo` int(10) unsigned NOT NULL,
  `idLabel` int(10) unsigned NOT NULL,
  `emailArtist` varchar(255) NOT NULL,
  `idSubscriptionArtist` int(10) unsigned NOT NULL,
  `idSong` int(10) unsigned NOT NULL,
  `judul` varchar(255) NOT NULL,
  `durasi` int(10) unsigned NOT NULL,
  `tanggalRilis` date NOT NULL DEFAULT curdate(),
  PRIMARY KEY (`idMusicVideo`),
  KEY `idLabel` (`idLabel`),
  KEY `emailArtist` (`emailArtist`,`idSubscriptionArtist`),
  KEY `idSong` (`idSong`),
  CONSTRAINT `MusicVideo_ibfk_1` FOREIGN KEY (`idLabel`) REFERENCES `Label` (`idLabel`),
  CONSTRAINT `MusicVideo_ibfk_2` FOREIGN KEY (`emailArtist`, `idSubscriptionArtist`) REFERENCES `AppleMusicUser` (`email`, `idSubscription`),
  CONSTRAINT `MusicVideo_ibfk_3` FOREIGN KEY (`idSong`) REFERENCES `Song` (`idSong`)
) ENGINE=InnoDB DEFAULT CHARSET=utf8mb4 COLLATE=utf8mb4_general_ci;
/*!40101 SET character_set_client = @saved_cs_client */;

--
-- Dumping data for table `MusicVideo`
--

LOCK TABLES `MusicVideo` WRITE;
/*!40000 ALTER TABLE `MusicVideo` DISABLE KEYS */;
INSERT INTO `MusicVideo` VALUES (1,12,'Amya_Franecki@yahoo.com',3,1,'You\'re Still the One (Extra Video 1)',91,'2023-03-24'),(2,12,'Amya_Franecki@yahoo.com',3,1,'Waterfalls (Extra Video 2)',512,'2023-03-24'),(3,12,'Amya_Franecki@yahoo.com',3,1,'Yakety Yak (Extra Video 3)',544,'2023-03-24'),(4,8,'Roman.Osinski@hotmail.com',22,2,'Return to Sender (Extra Video 1)',575,'2024-03-27'),(5,8,'Roman.Osinski@hotmail.com',22,2,'I Swear (Extra Video 2)',323,'2024-03-27'),(6,8,'Roman.Osinski@hotmail.com',22,2,'Up Around the Bend (Extra Video 3)',532,'2024-03-27'),(7,21,'Cale92@yahoo.com',9,3,'Layla (Extra Video 1)',131,'2024-02-17'),(8,21,'Cale92@yahoo.com',9,3,'Strawberry Fields Forever (Extra Video 2)',313,'2024-02-17'),(9,21,'Cale92@yahoo.com',9,3,'Are You Lonesome Tonight? (Extra Video 3)',515,'2024-02-17'),(10,3,'Cleve13@yahoo.com',11,4,'Come On-a My House (Extra Video 1)',472,'2023-07-26'),(11,3,'Cleve13@yahoo.com',11,4,'Ain\'t No Mountain High Enough (Extra Video 2)',142,'2023-07-26'),(12,21,'Candido_Streich@hotmail.com',1,5,'Great Balls of Fire (Extra Video 1)',324,'2023-11-22'),(13,21,'Candido_Streich@hotmail.com',1,5,'What Goes Around Comes Around (Extra Video 2)',175,'2023-11-22'),(14,4,'Cale92@yahoo.com',3,6,'You\'ve Lost That Lovin\' Feelin\' (Extra Video 1)',568,'2023-08-24'),(15,4,'Cale92@yahoo.com',3,6,'Rock the Boat (Extra Video 2)',308,'2023-08-24'),(16,4,'Cale92@yahoo.com',3,6,'Sweet Home Alabama (Extra Video 3)',307,'2023-08-24'),(17,14,'Brant.Ankunding67@hotmail.com',9,7,'Swinging On a Star (Extra Video 1)',509,'2023-11-14'),(18,14,'Brant.Ankunding67@hotmail.com',9,7,'Paper Planes (Extra Video 2)',457,'2023-11-14'),(19,14,'Brant.Ankunding67@hotmail.com',9,7,'Miss You (Extra Video 3)',84,'2023-11-14'),(20,26,'Major8@gmail.com',1,8,'Doo Wop (That Thing) (Extra Video 1)',115,'2023-10-29'),(21,26,'Major8@gmail.com',1,8,'Love\'s Theme (Extra Video 2)',566,'2023-10-29'),(22,26,'Major8@gmail.com',1,8,'I Want You Back (Extra Video 3)',353,'2023-10-29'),(23,5,'Rebekah_Keeling19@gmail.com',11,9,'Mr Brightside (Extra Video 1)',117,'2023-10-13'),(24,5,'Rebekah_Keeling19@gmail.com',11,9,'Don\'t You Want Me (Extra Video 2)',552,'2023-10-13'),(25,6,'Dusty48@hotmail.com',1,10,'You\'re Beautiful (Extra Video 1)',183,'2023-11-22'),(26,6,'Dusty48@hotmail.com',1,10,'The Tide is High (Extra Video 2)',546,'2023-11-22'),(27,4,'Julia41@yahoo.com',12,11,'Caldonia Boogie (What Makes Your Big Head So Hard) (Extra Video 1)',165,'2023-12-21'),(28,4,'Julia41@yahoo.com',12,11,'(Let Me Be Your) Teddy Bear (Extra Video 2)',285,'2023-12-21'),(29,3,'Dusty48@hotmail.com',5,12,'Stormy Weather (Keeps Rainin\' All the Time) (Extra Video 1)',306,'2024-03-13'),(30,3,'Dusty48@hotmail.com',5,12,'Bad Moon Rising (Extra Video 2)',366,'2024-03-13'),(31,20,'Danika.Williamson@hotmail.com',3,13,'Kiss You All Over (Extra Video 1)',75,'2022-12-17'),(32,20,'Danika.Williamson@hotmail.com',3,13,'Me & Mrs Jones (Extra Video 2)',224,'2022-12-17'),(33,1,'Allen.Quitzon-Smith@yahoo.com',6,14,'Livin\' On a Prayer (Extra Video 1)',264,'2024-01-10'),(34,1,'Allen.Quitzon-Smith@yahoo.com',6,14,'When Doves Cry (Extra Video 2)',129,'2024-01-10'),(35,26,'Maxime57@yahoo.com',14,15,'Nights in White Satin (Extra Video 1)',300,'2024-02-16'),(36,26,'Maxime57@yahoo.com',14,15,'Bette Davis Eyes (Extra Video 2)',157,'2024-02-16'),(37,26,'Maxime57@yahoo.com',14,15,'In Da Club (Extra Video 3)',372,'2024-02-16'),(38,19,'Amya_Franecki@yahoo.com',5,16,'(You\'re My) Soul & Inspiration (Extra Video 1)',579,'2023-05-26'),(39,19,'Amya_Franecki@yahoo.com',5,16,'West End Girls (Extra Video 2)',536,'2023-05-26'),(40,19,'Amya_Franecki@yahoo.com',5,16,'Want Ads (Extra Video 3)',454,'2023-05-26'),(41,20,'Joanny.Kassulke@gmail.com',1,17,'I Honestly Love You (Extra Video 1)',311,'2023-03-21'),(42,20,'Joanny.Kassulke@gmail.com',1,17,'Tonight\'s the Night (Gonna Be Alright) (Extra Video 2)',266,'2023-03-21'),(43,21,'Abbigail_Aufderhar75@gmail.com',13,18,'Dardanella (Extra Video 1)',156,'2023-10-13'),(44,21,'Abbigail_Aufderhar75@gmail.com',13,18,'Ballad of the Green Berets (Extra Video 2)',358,'2023-10-13'),(45,26,'Julia41@yahoo.com',13,19,'Lookin\' Out My Back Door (Extra Video 1)',258,'2024-02-01'),(46,26,'Julia41@yahoo.com',13,19,'She\'s a Lady (Extra Video 2)',465,'2024-02-01'),(47,25,'Maxime57@yahoo.com',4,20,'Just the Way You Are (Extra Video 1)',119,'2023-04-22'),(48,25,'Maxime57@yahoo.com',4,20,'Gangsta\'s Paradise (Extra Video 2)',457,'2023-04-22'),(49,25,'Maxime57@yahoo.com',4,20,'Glamorous (Extra Video 3)',179,'2023-04-22'),(50,21,'Izabella.Hirthe88@gmail.com',6,21,'Give Me Everything (Extra Video 1)',331,'2023-12-19'),(51,21,'Izabella.Hirthe88@gmail.com',6,21,'Mood Indigo (Extra Video 2)',322,'2023-12-19'),(52,21,'Izabella.Hirthe88@gmail.com',6,21,'Don\'t Let the Sun Go Down On Me (Extra Video 3)',92,'2023-12-19'),(53,11,'Anika_Rosenbaum89@hotmail.com',5,22,'Unbelievable (Extra Video 1)',505,'2023-05-21'),(54,11,'Anika_Rosenbaum89@hotmail.com',5,22,'The Sweet Escape (Extra Video 2)',548,'2023-05-21'),(55,11,'Anika_Rosenbaum89@hotmail.com',5,22,'Some of These Days (Extra Video 3)',501,'2023-05-21'),(56,29,'Sibyl63@gmail.com',6,23,'Truly Madly Deeply (Extra Video 1)',379,'2023-11-24'),(57,29,'Sibyl63@gmail.com',6,23,'Mood Indigo (Extra Video 2)',225,'2023-11-24'),(58,11,'Amya_Franecki@yahoo.com',11,24,'Band of Gold (Extra Video 1)',550,'2023-11-11'),(59,11,'Amya_Franecki@yahoo.com',11,24,'Paper Planes (Extra Video 2)',60,'2023-11-11'),(60,8,'Amya_Franecki@yahoo.com',13,25,'You\'re the One That I Want (Extra Video 1)',296,'2024-01-24'),(61,8,'Amya_Franecki@yahoo.com',13,25,'I Believe I Can Fly (Extra Video 2)',142,'2024-01-24'),(62,8,'Amya_Franecki@yahoo.com',13,25,'Paper Doll (Extra Video 3)',346,'2024-01-24'),(63,28,'Lucile42@gmail.com',3,26,'Bad Romance (Extra Video 1)',552,'2024-03-24'),(64,28,'Lucile42@gmail.com',3,26,'Drops of Jupiter (Tell Me) (Extra Video 2)',376,'2024-03-24'),(65,28,'Allen.Quitzon-Smith@yahoo.com',4,27,'Paint it Black (Extra Video 1)',211,'2023-11-20'),(66,28,'Allen.Quitzon-Smith@yahoo.com',4,27,'I Wanna Love You (Extra Video 2)',567,'2023-11-20'),(67,28,'Allen.Quitzon-Smith@yahoo.com',4,27,'Call Me Maybe (Extra Video 3)',381,'2023-11-20'),(68,26,'Roman.Osinski@hotmail.com',17,28,'Yellow Rose of Texas (Extra Video 1)',282,'2023-10-26'),(69,26,'Roman.Osinski@hotmail.com',17,28,'Hair (Extra Video 2)',110,'2023-10-26'),(70,26,'Roman.Osinski@hotmail.com',17,28,'He\'ll Have to Go (Extra Video 3)',423,'2023-10-26'),(71,15,'Cleve13@yahoo.com',2,29,'Travellin\' Band (Extra Video 1)',86,'2022-10-24'),(72,15,'Cleve13@yahoo.com',2,29,'Wannabe (Extra Video 2)',442,'2022-10-24'),(73,16,'Cleve13@yahoo.com',14,30,'Freebird (Extra Video 1)',424,'2023-10-31'),(74,16,'Cleve13@yahoo.com',14,30,'Tutti Frutti (Extra Video 2)',160,'2023-10-31'),(75,16,'Cleve13@yahoo.com',14,30,'All I Wanna Do (Extra Video 3)',598,'2023-10-31'),(76,18,'Danika.Williamson@hotmail.com',8,31,'Ebony & Ivory (Extra Video 1)',96,'2023-05-27'),(77,18,'Danika.Williamson@hotmail.com',8,31,'Don\'t You Want Me (Extra Video 2)',259,'2023-05-27'),(78,18,'Danika.Williamson@hotmail.com',8,31,'Beautiful Day (Extra Video 3)',173,'2023-05-27'),(79,15,'Abbigail_Aufderhar75@gmail.com',14,32,'Shake You Down (Extra Video 1)',503,'2023-11-25'),(80,15,'Abbigail_Aufderhar75@gmail.com',14,32,'Wooly Bully (Extra Video 2)',170,'2023-11-25'),(81,15,'Abbigail_Aufderhar75@gmail.com',14,32,'Last Train to Clarksville (Extra Video 3)',405,'2023-11-25'),(82,17,'Bryana_Gleason@hotmail.com',10,33,'I Fall to Pieces (Extra Video 1)',465,'2023-02-14'),(83,17,'Bryana_Gleason@hotmail.com',10,33,'Black Or White (Extra Video 2)',97,'2023-02-14'),(84,11,'Izabella.Hirthe88@gmail.com',6,34,'I Only Have Eyes For You (Extra Video 1)',327,'2023-12-25'),(85,11,'Izabella.Hirthe88@gmail.com',6,34,'Paint it Black (Extra Video 2)',349,'2023-12-25'),(86,11,'Izabella.Hirthe88@gmail.com',6,34,'Ray of Light (Extra Video 3)',593,'2023-12-25'),(87,28,'Hailee78@gmail.com',12,35,'Peg o\' My Heart (Extra Video 1)',490,'2023-11-16'),(88,28,'Hailee78@gmail.com',12,35,'(Sexual) Healing (Extra Video 2)',353,'2023-11-16'),(89,28,'Rebekah_Keeling19@gmail.com',7,36,'Macarena (Extra Video 1)',564,'2023-07-01'),(90,28,'Rebekah_Keeling19@gmail.com',7,36,'Smoke On the Water (Extra Video 2)',331,'2023-07-01'),(91,23,'Bryana_Gleason@hotmail.com',18,37,'Without Me (Extra Video 1)',154,'2023-10-19'),(92,23,'Bryana_Gleason@hotmail.com',18,37,'Miss You Much (Extra Video 2)',468,'2023-10-19'),(93,18,'Brant.Ankunding67@hotmail.com',9,38,'Frankenstein (Extra Video 1)',333,'2023-11-25'),(94,18,'Brant.Ankunding67@hotmail.com',9,38,'Love Me Do (Extra Video 2)',264,'2023-11-25'),(95,18,'Brant.Ankunding67@hotmail.com',9,38,'What\'s Love Got to Do With It? (Extra Video 3)',81,'2023-11-25'),(96,22,'Danika.Williamson@hotmail.com',11,39,'My Prayer (Extra Video 1)',108,'2023-08-29'),(97,22,'Danika.Williamson@hotmail.com',11,39,'Call Me Maybe (Extra Video 2)',588,'2023-08-29'),(98,12,'Izabella.Hirthe88@gmail.com',4,40,'My Guy (Extra Video 1)',179,'2023-10-18'),(99,12,'Izabella.Hirthe88@gmail.com',4,40,'Addicted to Love (Extra Video 2)',481,'2023-10-18'),(100,19,'Roman.Osinski@hotmail.com',8,41,'Kryptonite (Extra Video 1)',93,'2023-01-24'),(101,19,'Roman.Osinski@hotmail.com',8,41,'Raindrops Keep Falling On My Head (Extra Video 2)',237,'2023-01-24'),(102,19,'Roman.Osinski@hotmail.com',8,41,'God Bless America (Extra Video 3)',96,'2023-01-24'),(103,14,'Allen.Quitzon-Smith@yahoo.com',3,42,'I Don\'t Want to Miss a Thing (Extra Video 1)',433,'2023-10-13'),(104,14,'Allen.Quitzon-Smith@yahoo.com',3,42,'Papa\'s Got a Brand New Bag (Extra Video 2)',521,'2023-10-13'),(105,3,'Roman.Osinski@hotmail.com',10,43,'Hips don\'t lie (Extra Video 1)',373,'2023-03-24'),(106,3,'Roman.Osinski@hotmail.com',10,43,'Pistol Packin\' Mama (Extra Video 2)',191,'2023-03-24'),(107,10,'Cale92@yahoo.com',5,44,'The Long & Winding Road (Extra Video 1)',559,'2023-10-25'),(108,10,'Cale92@yahoo.com',5,44,'Livin\' La Vida Loca (Extra Video 2)',572,'2023-10-25'),(109,10,'Cale92@yahoo.com',5,44,'Don\'t Be Cruel (Extra Video 3)',118,'2023-10-25'),(110,10,'Cale92@yahoo.com',7,45,'Bye Bye Love (Extra Video 1)',589,'2023-12-13'),(111,10,'Cale92@yahoo.com',7,45,'Angie (Extra Video 2)',390,'2023-12-13'),(112,11,'Julia41@yahoo.com',10,46,'(You\'re My) Soul & Inspiration (Extra Video 1)',534,'2023-10-11'),(113,11,'Julia41@yahoo.com',10,46,'I Want to Hold Your Hand (Extra Video 2)',166,'2023-10-11'),(114,27,'Cleve13@yahoo.com',1,47,'That Lucky Old Sun (Just Rolls Around Heaven All Day) (Extra Video 1)',337,'2022-09-14'),(115,27,'Cleve13@yahoo.com',1,47,'Grenade (Extra Video 2)',325,'2022-09-14'),(116,26,'Dusty48@hotmail.com',5,48,'You Are the Sunshine of My Life (Extra Video 1)',96,'2024-03-20'),(117,26,'Dusty48@hotmail.com',5,48,'Beautiful Day (Extra Video 2)',86,'2024-03-20'),(118,9,'Hailee78@gmail.com',3,49,'No One (Extra Video 1)',464,'2023-02-18'),(119,9,'Hailee78@gmail.com',3,49,'Breathe (Extra Video 2)',208,'2023-02-18'),(120,17,'Lucile42@gmail.com',4,50,'I\'ll Never Smile Again (Extra Video 1)',205,'2024-04-29'),(121,17,'Lucile42@gmail.com',4,50,'Here Without You (Extra Video 2)',547,'2024-04-29'),(122,21,'Bryana_Gleason@hotmail.com',10,51,'Because You Loved Me (Extra Video 1)',276,'2023-02-23'),(123,21,'Bryana_Gleason@hotmail.com',10,51,'Crimson & Clover (Extra Video 2)',221,'2023-02-23'),(124,26,'Izabella.Hirthe88@gmail.com',6,52,'Get Off of My Cloud (Extra Video 1)',376,'2023-12-12'),(125,26,'Izabella.Hirthe88@gmail.com',6,52,'Blue Suede Shoes (Extra Video 2)',367,'2023-12-12'),(126,26,'Izabella.Hirthe88@gmail.com',6,52,'Magic (Extra Video 3)',516,'2023-12-12'),(127,16,'Shayna93@hotmail.com',1,53,'Honky Tonk (Extra Video 1)',582,'2024-03-19'),(128,16,'Shayna93@hotmail.com',1,53,'We Didn\'t Start the Fire (Extra Video 2)',421,'2024-03-19'),(129,1,'Abbigail_Aufderhar75@gmail.com',2,54,'Like a Rolling Stone (Extra Video 1)',564,'2022-11-21'),(130,1,'Abbigail_Aufderhar75@gmail.com',2,54,'Fly Robin Fly (Extra Video 2)',390,'2022-11-21'),(131,4,'Anika_Rosenbaum89@hotmail.com',3,55,'One (Extra Video 1)',559,'2023-03-24'),(132,4,'Anika_Rosenbaum89@hotmail.com',3,55,'Cry (Extra Video 2)',159,'2023-03-24'),(133,25,'Rebekah_Keeling19@gmail.com',7,56,'Love to Love You Baby (Extra Video 1)',529,'2023-06-23'),(134,25,'Rebekah_Keeling19@gmail.com',7,56,'This Love (Extra Video 2)',198,'2023-06-23'),(135,21,'Maxime57@yahoo.com',11,57,'Someday (Extra Video 1)',128,'2023-11-29'),(136,21,'Maxime57@yahoo.com',11,57,'Help Me (Extra Video 2)',292,'2023-11-29'),(137,16,'Gina.Hermann@yahoo.com',7,58,'You make Me Wanna (Extra Video 1)',138,'2024-03-29'),(138,16,'Gina.Hermann@yahoo.com',7,58,'Baby Baby (Extra Video 2)',556,'2024-03-29'),(139,27,'Danika.Williamson@hotmail.com',4,59,'Maniac (Extra Video 1)',106,'2023-01-11'),(140,27,'Danika.Williamson@hotmail.com',4,59,'Livin\' On a Prayer (Extra Video 2)',159,'2023-01-11'),(141,4,'Cale92@yahoo.com',2,60,'Summer in the City (Extra Video 1)',476,'2023-07-29'),(142,4,'Cale92@yahoo.com',2,60,'Band On the Run (Extra Video 2)',430,'2023-07-29'),(143,10,'Sibyl63@gmail.com',5,61,'Tom Dooley (Extra Video 1)',184,'2023-10-13'),(144,10,'Sibyl63@gmail.com',5,61,'(Ghost) Riders in the Sky (Extra Video 2)',534,'2023-10-13'),(145,16,'Abbigail_Aufderhar75@gmail.com',16,62,'Dreams (Extra Video 1)',299,'2024-01-17'),(146,16,'Abbigail_Aufderhar75@gmail.com',16,62,'Don\'t Fence Me In (Extra Video 2)',549,'2024-01-17'),(147,16,'Abbigail_Aufderhar75@gmail.com',16,62,'Get Off of My Cloud (Extra Video 3)',80,'2024-01-17'),(148,12,'Cleve13@yahoo.com',5,63,'Your Song (Extra Video 1)',542,'2023-01-23'),(149,12,'Cleve13@yahoo.com',5,63,'Lose Yourself (Extra Video 2)',380,'2023-01-23'),(150,25,'Hailee78@gmail.com',5,64,'Please Mr Postman (Extra Video 1)',165,'2023-04-11'),(151,25,'Hailee78@gmail.com',5,64,'Last Train to Clarksville (Extra Video 2)',435,'2023-04-11'),(152,25,'Hailee78@gmail.com',5,64,'Build Me Up Buttercup (Extra Video 3)',516,'2023-04-11'),(153,19,'Dusty48@hotmail.com',5,65,'Memories Are Made of This (Extra Video 1)',218,'2024-03-21'),(154,19,'Dusty48@hotmail.com',5,65,'Just My Imagination (Running Away With Me) (Extra Video 2)',490,'2024-03-21'),(155,10,'Roman.Osinski@hotmail.com',16,66,'Hit the Road (Extra Video 1)',344,'2023-09-16'),(156,10,'Roman.Osinski@hotmail.com',16,66,'Ebony & Ivory (Extra Video 2)',430,'2023-09-16'),(157,15,'Roman.Osinski@hotmail.com',13,67,'Royals (Extra Video 1)',87,'2023-06-28'),(158,15,'Roman.Osinski@hotmail.com',13,67,'Rich Girl (Extra Video 2)',496,'2023-06-28'),(159,15,'Roman.Osinski@hotmail.com',13,67,'You Send Me (Extra Video 3)',90,'2023-06-28'),(160,5,'Hailee78@gmail.com',10,68,'Georgia On My Mind (Extra Video 1)',587,'2023-09-23'),(161,5,'Hailee78@gmail.com',10,68,'Angie (Extra Video 2)',97,'2023-09-23'),(162,5,'Hailee78@gmail.com',10,68,'Love Shack (Extra Video 3)',395,'2023-09-23'),(163,3,'Amya_Franecki@yahoo.com',10,69,'Me & Bobby McGee (Extra Video 1)',570,'2023-10-20'),(164,3,'Amya_Franecki@yahoo.com',10,69,'Hit the Road (Extra Video 2)',375,'2023-10-20'),(165,3,'Amya_Franecki@yahoo.com',10,69,'I Swear (Extra Video 3)',486,'2023-10-20'),(166,11,'Sibyl63@gmail.com',3,70,'White Rabbit (Extra Video 1)',74,'2023-08-13'),(167,11,'Sibyl63@gmail.com',3,70,'St Louis Blues (Extra Video 2)',354,'2023-08-13'),(168,21,'Brant.Ankunding67@hotmail.com',7,71,'I Can Help (Extra Video 1)',495,'2023-09-23'),(169,21,'Brant.Ankunding67@hotmail.com',7,71,'Flashdance. What a Feeling (Extra Video 2)',518,'2023-09-23'),(170,21,'Brant.Ankunding67@hotmail.com',7,71,'Honky Tonk (Extra Video 3)',301,'2023-09-23'),(171,16,'Izabella.Hirthe88@gmail.com',6,72,'Just the Way You Are (Extra Video 1)',544,'2023-12-21'),(172,16,'Izabella.Hirthe88@gmail.com',6,72,'One Bad Apple (Extra Video 2)',96,'2023-12-21'),(173,26,'Joanny.Kassulke@gmail.com',2,73,'Magic Carpet Ride (Extra Video 1)',253,'2023-04-12'),(174,26,'Joanny.Kassulke@gmail.com',2,73,'Heartbreak Hotel (Extra Video 2)',415,'2023-04-12'),(175,23,'Julia41@yahoo.com',5,74,'Delicado (Extra Video 1)',166,'2023-05-16'),(176,23,'Julia41@yahoo.com',5,74,'You\'ve Got a Friend (Extra Video 2)',462,'2023-05-16'),(177,29,'Anika_Rosenbaum89@hotmail.com',11,75,'E.T. (Extra Video 1)',402,'2023-11-19'),(178,29,'Anika_Rosenbaum89@hotmail.com',11,75,'If You Leave Me Now (Extra Video 2)',107,'2023-11-19'),(179,29,'Anika_Rosenbaum89@hotmail.com',11,75,'Addicted to Love (Extra Video 3)',335,'2023-11-19'),(180,16,'Rebekah_Keeling19@gmail.com',12,76,'I Want to Know What Love Is (Extra Video 1)',485,'2023-11-24'),(181,16,'Rebekah_Keeling19@gmail.com',12,76,'Be Bop a Lula (Extra Video 2)',347,'2023-11-24'),(182,4,'Roman.Osinski@hotmail.com',4,77,'Vaya Con Dios (may God Be With You) (Extra Video 1)',438,'2022-09-20'),(183,4,'Roman.Osinski@hotmail.com',4,77,'I Need You Now (Extra Video 2)',371,'2022-09-20'),(184,4,'Roman.Osinski@hotmail.com',4,77,'Wishing Well (Extra Video 3)',515,'2022-09-20'),(185,17,'Julia41@yahoo.com',3,78,'Bye Bye (Extra Video 1)',284,'2023-03-14'),(186,17,'Julia41@yahoo.com',3,78,'Down Under (Extra Video 2)',454,'2023-03-14'),(187,17,'Julia41@yahoo.com',3,78,'Good Times (Extra Video 3)',106,'2023-03-14'),(188,1,'Roman.Osinski@hotmail.com',3,79,'My Man (Extra Video 1)',496,'2022-08-25'),(189,1,'Roman.Osinski@hotmail.com',3,79,'Nothing Compares 2 U (Extra Video 2)',547,'2022-08-25'),(190,1,'Roman.Osinski@hotmail.com',3,79,'Travellin\' Man (Extra Video 3)',154,'2022-08-25'),(191,18,'Amya_Franecki@yahoo.com',12,80,'Puttin\' on the Ritz (Extra Video 1)',259,'2023-12-20'),(192,18,'Amya_Franecki@yahoo.com',12,80,'One Sweet Day (Extra Video 2)',373,'2023-12-20'),(193,22,'Cleve13@yahoo.com',21,81,'Killing Me Softly With His Song (Extra Video 1)',258,'2024-06-01'),(194,22,'Cleve13@yahoo.com',21,81,'Spill the Wine (Extra Video 2)',191,'2024-06-01'),(195,22,'Cleve13@yahoo.com',21,81,'Money For Nothing (Extra Video 3)',177,'2024-06-01'),(196,12,'Roman.Osinski@hotmail.com',21,82,'Over There (Extra Video 1)',103,'2024-02-22'),(197,12,'Roman.Osinski@hotmail.com',21,82,'Sweet Child O\' Mine (Extra Video 2)',500,'2024-02-22'),(198,23,'Cleve13@yahoo.com',16,83,'Like a Virgin (Extra Video 1)',494,'2023-12-29'),(199,23,'Cleve13@yahoo.com',16,83,'Hungry Heart (Extra Video 2)',551,'2023-12-29'),(200,23,'Cleve13@yahoo.com',16,83,'Born to Be Wild (Extra Video 3)',270,'2023-12-29'),(201,22,'Maxime57@yahoo.com',13,84,'Funkytown (Extra Video 1)',175,'2024-01-25'),(202,22,'Maxime57@yahoo.com',13,84,'Silly Love Songs (Extra Video 2)',258,'2024-01-25'),(203,15,'Augustus_Sawayn10@gmail.com',9,85,'Everybody Wants to Rule the World (Extra Video 1)',453,'2024-02-10'),(204,15,'Augustus_Sawayn10@gmail.com',9,85,'Hair (Extra Video 2)',593,'2024-02-10'),(205,17,'Maxime57@yahoo.com',5,86,'Play That Funky Music (Extra Video 1)',379,'2023-05-24'),(206,17,'Maxime57@yahoo.com',5,86,'Check On It (Extra Video 2)',202,'2023-05-24'),(207,17,'Maxime57@yahoo.com',5,86,'We Found Love (Extra Video 3)',143,'2023-05-24'),(208,21,'Amya_Franecki@yahoo.com',8,87,'Rich Girl (Extra Video 1)',545,'2023-08-21'),(209,21,'Amya_Franecki@yahoo.com',8,87,'Billie Jean (Extra Video 2)',147,'2023-08-21'),(210,21,'Amya_Franecki@yahoo.com',8,87,'The Hustle (Extra Video 3)',482,'2023-08-21'),(211,13,'Rebekah_Keeling19@gmail.com',11,88,'Grease (Extra Video 1)',378,'2023-10-17'),(212,13,'Rebekah_Keeling19@gmail.com',11,88,'Wicked Game (Extra Video 2)',585,'2023-10-17'),(213,13,'Rebekah_Keeling19@gmail.com',11,88,'Rum & Coca-Cola (Extra Video 3)',212,'2023-10-17'),(214,15,'Augustus_Sawayn10@gmail.com',4,89,'Wild Thing (Extra Video 1)',90,'2023-09-25'),(215,15,'Augustus_Sawayn10@gmail.com',4,89,'Love Me Do (Extra Video 2)',195,'2023-09-25'),(216,23,'Maxime57@yahoo.com',12,90,'Rock the Casbah (Extra Video 1)',482,'2023-12-22'),(217,23,'Maxime57@yahoo.com',12,90,'Blue Tango (Extra Video 2)',251,'2023-12-22'),(218,26,'Rebekah_Keeling19@gmail.com',10,91,'Chances Are (Extra Video 1)',491,'2023-09-25'),(219,26,'Rebekah_Keeling19@gmail.com',10,91,'Toxic (Extra Video 2)',72,'2023-09-25'),(220,26,'Rebekah_Keeling19@gmail.com',10,91,'Mrs Robinson (Extra Video 3)',215,'2023-09-25'),(221,26,'Sibyl63@gmail.com',10,92,'Don\'t Stop \'Til You Get Enough (Extra Video 1)',391,'2024-03-20'),(222,26,'Sibyl63@gmail.com',10,92,'I Got You Babe (Extra Video 2)',251,'2024-03-20'),(223,26,'Sibyl63@gmail.com',10,92,'Tennessee Waltz (Extra Video 3)',141,'2024-03-20'),(224,18,'Candido_Streich@hotmail.com',6,93,'Locked Out Of Heaven (Extra Video 1)',291,'2024-04-22'),(225,18,'Candido_Streich@hotmail.com',6,93,'TSOP (The Sound of Philadelphia) (Extra Video 2)',583,'2024-04-22'),(226,27,'Roman.Osinski@hotmail.com',11,94,'Chattanooga Choo Choo (Extra Video 1)',430,'2023-04-28'),(227,27,'Roman.Osinski@hotmail.com',11,94,'The First Time Ever I Saw Your Face (Extra Video 2)',331,'2023-04-28'),(228,27,'Roman.Osinski@hotmail.com',11,94,'Because of You (Extra Video 3)',512,'2023-04-28'),(229,12,'Maxime57@yahoo.com',13,95,'Le Freak (Extra Video 1)',85,'2024-01-26'),(230,12,'Maxime57@yahoo.com',13,95,'Love Me Do (Extra Video 2)',553,'2024-01-26'),(231,2,'Juanita7@hotmail.com',5,96,'Hollaback Girl (Extra Video 1)',368,'2023-12-30'),(232,2,'Juanita7@hotmail.com',5,96,'This Land is Your Land (Extra Video 2)',434,'2023-12-30'),(233,2,'Juanita7@hotmail.com',5,96,'Take On Me (Extra Video 3)',597,'2023-12-30'),(234,4,'Maxime57@yahoo.com',9,97,'Cherry Pink & Apple Blossom White (Extra Video 1)',470,'2023-09-20'),(235,4,'Maxime57@yahoo.com',9,97,'Surfin\' USA (Extra Video 2)',399,'2023-09-20'),(236,4,'Maxime57@yahoo.com',9,97,'Alone Again (Naturally) (Extra Video 3)',142,'2023-09-20'),(237,26,'Bryana_Gleason@hotmail.com',13,98,'Sleep Walk (Extra Video 1)',245,'2023-05-23'),(238,26,'Bryana_Gleason@hotmail.com',13,98,'That Lucky Old Sun (Just Rolls Around Heaven All Day) (Extra Video 2)',230,'2023-05-23'),(239,16,'Roman.Osinski@hotmail.com',12,99,'Another Night (Extra Video 1)',557,'2023-05-22'),(240,16,'Roman.Osinski@hotmail.com',12,99,'This Used to Be My Playground (Extra Video 2)',110,'2023-05-22'),(241,16,'Roman.Osinski@hotmail.com',12,99,'Crazy For You (Extra Video 3)',274,'2023-05-22'),(242,14,'Muriel.Gerlach@gmail.com',3,100,'Do That to Me One More Time (Extra Video 1)',109,'2024-04-20'),(243,14,'Muriel.Gerlach@gmail.com',3,100,'The Reason (Extra Video 2)',86,'2024-04-20'),(244,14,'Muriel.Gerlach@gmail.com',3,100,'Don\'t Stop \'Til You Get Enough (Extra Video 3)',558,'2024-04-20'),(245,11,'Julia41@yahoo.com',11,101,'Beautiful Day (Extra Video 1)',102,'2023-11-15'),(246,11,'Julia41@yahoo.com',11,101,'The Twist (Extra Video 2)',130,'2023-11-15'),(247,8,'Amya_Franecki@yahoo.com',4,102,'1999 (Extra Video 1)',145,'2023-04-16'),(248,8,'Amya_Franecki@yahoo.com',4,102,'Killing Me Softly With His Song (Extra Video 2)',188,'2023-04-16'),(249,8,'Amya_Franecki@yahoo.com',4,102,'Doo Wop (That Thing) (Extra Video 3)',129,'2023-04-16'),(250,22,'Roman.Osinski@hotmail.com',19,103,'Me & Bobby McGee (Extra Video 1)',438,'2023-12-25'),(251,22,'Roman.Osinski@hotmail.com',19,103,'Chances Are (Extra Video 2)',263,'2023-12-25'),(252,22,'Roman.Osinski@hotmail.com',19,103,'Again (Extra Video 3)',225,'2023-12-25'),(253,10,'Cleve13@yahoo.com',7,104,'Good Vibrations (Extra Video 1)',540,'2023-03-21'),(254,10,'Cleve13@yahoo.com',7,104,'The Last Dance (Extra Video 2)',524,'2023-03-21'),(255,10,'Cleve13@yahoo.com',7,104,'Sunday (Extra Video 3)',160,'2023-03-21'),(256,30,'Danika.Williamson@hotmail.com',1,105,'You\'ve Got a Friend (Extra Video 1)',507,'2022-10-15'),(257,30,'Danika.Williamson@hotmail.com',1,105,'Hit the Road (Extra Video 2)',169,'2022-10-15'),(258,9,'Rebekah_Keeling19@gmail.com',3,106,'I Want to Know What Love Is (Extra Video 1)',223,'2023-02-24'),(259,9,'Rebekah_Keeling19@gmail.com',3,106,'Rhapsody in Blue (Extra Video 2)',248,'2023-02-24'),(260,12,'Allen.Quitzon-Smith@yahoo.com',2,107,'I Can\'t Get Started (Extra Video 1)',200,'2023-09-26'),(261,12,'Allen.Quitzon-Smith@yahoo.com',2,107,'Celebration (Extra Video 2)',183,'2023-09-26'),(262,12,'Allen.Quitzon-Smith@yahoo.com',2,107,'Mony Mony (Extra Video 3)',277,'2023-09-26'),(263,7,'Cleve13@yahoo.com',19,108,'House of the Rising Sun (Extra Video 1)',201,'2024-03-29'),(264,7,'Cleve13@yahoo.com',19,108,'Big Girls Don\'t Cry (Extra Video 2)',522,'2024-03-29'),(265,7,'Cleve13@yahoo.com',19,108,'Nature Boy (Extra Video 3)',280,'2024-03-29'),(266,23,'Rebekah_Keeling19@gmail.com',9,109,'Kiss & Say Goodbye (Extra Video 1)',352,'2023-08-28'),(267,23,'Rebekah_Keeling19@gmail.com',9,109,'Papa\'s Got a Brand New Bag (Extra Video 2)',493,'2023-08-28'),(268,1,'Muriel.Gerlach@gmail.com',2,110,'Groovin\' (Extra Video 1)',249,'2024-03-21'),(269,1,'Muriel.Gerlach@gmail.com',2,110,'You Can\'t Hurry Love (Extra Video 2)',121,'2024-03-21'),(270,1,'Muriel.Gerlach@gmail.com',2,110,'Crying (Extra Video 3)',281,'2024-03-21'),(271,5,'Anika_Rosenbaum89@hotmail.com',12,111,'E.T. (Extra Video 1)',425,'2023-12-15'),(272,5,'Anika_Rosenbaum89@hotmail.com',12,111,'Midnight Train to Georgia (Extra Video 2)',226,'2023-12-15'),(273,5,'Anika_Rosenbaum89@hotmail.com',12,111,'Never Gonna Give You Up (Extra Video 3)',191,'2023-12-15'),(274,9,'Augustus_Sawayn10@gmail.com',1,112,'Hit the Road (Extra Video 1)',349,'2023-06-11'),(275,9,'Augustus_Sawayn10@gmail.com',1,112,'Bette Davis Eyes (Extra Video 2)',236,'2023-06-11'),(276,28,'Roman.Osinski@hotmail.com',18,113,'Ring My Bell (Extra Video 1)',599,'2023-12-02'),(277,28,'Roman.Osinski@hotmail.com',18,113,'Rolling In The Deep (Extra Video 2)',284,'2023-12-02'),(278,29,'Izabella.Hirthe88@gmail.com',8,114,'Bad Moon Rising (Extra Video 1)',411,'2024-02-24'),(279,29,'Izabella.Hirthe88@gmail.com',8,114,'Sh-Boom (Life Could Be a Dream) (Extra Video 2)',328,'2024-02-24'),(280,2,'Maxime57@yahoo.com',2,115,'My Sharona (Extra Video 1)',294,'2023-03-04'),(281,2,'Maxime57@yahoo.com',2,115,'Feel Like Making Love (Extra Video 2)',161,'2023-03-04'),(282,22,'Major8@gmail.com',3,116,'Rhapsody in Blue (Extra Video 1)',314,'2023-12-17'),(283,22,'Major8@gmail.com',3,116,'Just My Imagination (Running Away With Me) (Extra Video 2)',533,'2023-12-17'),(284,20,'Amya_Franecki@yahoo.com',4,117,'Just My Imagination (Running Away With Me) (Extra Video 1)',324,'2023-04-24'),(285,20,'Amya_Franecki@yahoo.com',4,117,'Incense & Peppermints (Extra Video 2)',459,'2023-04-24'),(286,16,'Sibyl63@gmail.com',9,118,'I Can\'t Get Next to You (Extra Video 1)',310,'2024-02-26'),(287,16,'Sibyl63@gmail.com',9,118,'Baby Love (Extra Video 2)',95,'2024-02-26'),(288,25,'Cale92@yahoo.com',9,119,'Beauty & the Beast (Extra Video 1)',251,'2024-02-18'),(289,25,'Cale92@yahoo.com',9,119,'Kung Fu Fighting (Extra Video 2)',494,'2024-02-18'),(290,16,'Gina.Hermann@yahoo.com',2,120,'Rum & Coca-Cola (Extra Video 1)',318,'2023-10-24'),(291,16,'Gina.Hermann@yahoo.com',2,120,'My Guy (Extra Video 2)',198,'2023-10-24'),(292,16,'Gina.Hermann@yahoo.com',2,120,'Freebird (Extra Video 3)',227,'2023-10-24'),(293,28,'Roman.Osinski@hotmail.com',7,121,'Rock the Boat (Extra Video 1)',381,'2022-12-17'),(294,28,'Roman.Osinski@hotmail.com',7,121,'Wichita Lineman (Extra Video 2)',578,'2022-12-17'),(295,7,'Juanita7@hotmail.com',7,122,'Cat\'s in the Cradle (Extra Video 1)',346,'2024-02-19'),(296,7,'Juanita7@hotmail.com',7,122,'It\'s Now Or Never (Extra Video 2)',345,'2024-02-19'),(297,1,'Douglas_Ankunding74@gmail.com',1,123,'Girls Just Wanna Have Fun (Extra Video 1)',465,'2024-02-20'),(298,1,'Douglas_Ankunding74@gmail.com',1,123,'Total Eclipse of the Heart (Extra Video 2)',444,'2024-02-20'),(299,15,'Hailee78@gmail.com',15,124,'The Song From Moulin Rouge (Where Is Your Heart) (Extra Video 1)',371,'2024-02-10'),(300,15,'Hailee78@gmail.com',15,124,'Because I Love You (The Postman Song) (Extra Video 2)',295,'2024-02-10'),(301,15,'Hailee78@gmail.com',15,124,'Mister Sandman (Extra Video 3)',562,'2024-02-10'),(302,23,'Anika_Rosenbaum89@hotmail.com',6,125,'Truly Madly Deeply (Extra Video 1)',376,'2023-06-11'),(303,23,'Anika_Rosenbaum89@hotmail.com',6,125,'The Joker (Extra Video 2)',493,'2023-06-11'),(304,8,'Danika.Williamson@hotmail.com',3,126,'Love\'s Theme (Extra Video 1)',187,'2022-12-20'),(305,8,'Danika.Williamson@hotmail.com',3,126,'Thank You (Falettinme be Mice Elf Again) (Extra Video 2)',174,'2022-12-20'),(306,6,'Danika.Williamson@hotmail.com',11,127,'Revolution (Extra Video 1)',186,'2023-08-28'),(307,6,'Danika.Williamson@hotmail.com',11,127,'Another Day in Paradise (Extra Video 2)',124,'2023-08-28'),(308,6,'Danika.Williamson@hotmail.com',11,127,'Walk Like a Man (Extra Video 3)',217,'2023-08-28'),(309,14,'Rebekah_Keeling19@gmail.com',4,128,'The Prisoner\'s Song (Extra Video 1)',168,'2023-03-24'),(310,14,'Rebekah_Keeling19@gmail.com',4,128,'Wake Up Little Susie (Extra Video 2)',460,'2023-03-24'),(311,17,'Candido_Streich@hotmail.com',3,129,'Car Wash (Extra Video 1)',155,'2024-01-25'),(312,17,'Candido_Streich@hotmail.com',3,129,'Blueberry Hill (Extra Video 2)',461,'2024-01-25'),(313,28,'Izabella.Hirthe88@gmail.com',9,130,'Stairway to Heaven (Extra Video 1)',460,'2024-03-15'),(314,28,'Izabella.Hirthe88@gmail.com',9,130,'Ain\'t No Sunshine (Extra Video 2)',357,'2024-03-15'),(315,11,'Amya_Franecki@yahoo.com',1,131,'Lean On Me (Extra Video 1)',60,'2023-01-24'),(316,11,'Amya_Franecki@yahoo.com',1,131,'Being With You (Extra Video 2)',210,'2023-01-24'),(317,11,'Amya_Franecki@yahoo.com',1,131,'Something (Extra Video 3)',314,'2023-01-24'),(318,18,'Allen.Quitzon-Smith@yahoo.com',2,132,'Let it Snow! Let it Snow! Let it Snow! (Extra Video 1)',544,'2023-09-18'),(319,18,'Allen.Quitzon-Smith@yahoo.com',2,132,'The Reason (Extra Video 2)',473,'2023-09-18'),(320,18,'Allen.Quitzon-Smith@yahoo.com',2,132,'Beautiful Day (Extra Video 3)',180,'2023-09-18'),(321,24,'Rebekah_Keeling19@gmail.com',9,133,'Call Me Maybe (Extra Video 1)',90,'2023-08-14'),(322,24,'Rebekah_Keeling19@gmail.com',9,133,'Hot Stuff (Extra Video 2)',590,'2023-08-14'),(323,24,'Rebekah_Keeling19@gmail.com',9,133,'Boogie Woogie Bugle Boy (Extra Video 3)',494,'2023-08-14'),(324,27,'Cleve13@yahoo.com',6,134,'(Everything I Do) I Do it For You (Extra Video 1)',536,'2023-02-15'),(325,27,'Cleve13@yahoo.com',6,134,'He\'s a Rebel (Extra Video 2)',422,'2023-02-15'),(326,27,'Cleve13@yahoo.com',6,134,'Frenesi (Extra Video 3)',144,'2023-02-15'),(327,5,'Abbigail_Aufderhar75@gmail.com',6,135,'The Boys of Summer (Extra Video 1)',324,'2023-03-24'),(328,5,'Abbigail_Aufderhar75@gmail.com',6,135,'Coming Up (Extra Video 2)',239,'2023-03-24'),(329,5,'Cleve13@yahoo.com',5,136,'Afternoon Delight (Extra Video 1)',141,'2023-01-22'),(330,5,'Cleve13@yahoo.com',5,136,'No Scrubs (Extra Video 2)',206,'2023-01-22'),(331,10,'Allen.Quitzon-Smith@yahoo.com',7,137,'Stairway to Heaven (Extra Video 1)',194,'2024-02-12'),(332,10,'Allen.Quitzon-Smith@yahoo.com',7,137,'All Night Long (All Night) (Extra Video 2)',254,'2024-02-12'),(333,25,'Muriel.Gerlach@gmail.com',1,138,'No Scrubs (Extra Video 1)',591,'2024-02-17'),(334,25,'Muriel.Gerlach@gmail.com',1,138,'The Streak (Extra Video 2)',102,'2024-02-17'),(335,25,'Muriel.Gerlach@gmail.com',1,138,'Knock Three Times (Extra Video 3)',70,'2024-02-17'),(336,9,'Roman.Osinski@hotmail.com',7,139,'Good Times (Extra Video 1)',311,'2022-12-25'),(337,9,'Roman.Osinski@hotmail.com',7,139,'I\'ll Never Smile Again (Extra Video 2)',440,'2022-12-25'),(338,17,'Hailee78@gmail.com',1,140,'Without Me (Extra Video 1)',459,'2022-12-22'),(339,17,'Hailee78@gmail.com',1,140,'All Along the Watchtower (Extra Video 2)',309,'2022-12-22'),(340,27,'Rebekah_Keeling19@gmail.com',1,141,'Another Night (Extra Video 1)',151,'2022-12-13'),(341,27,'Rebekah_Keeling19@gmail.com',1,141,'Let Me Love You (Extra Video 2)',482,'2022-12-13'),(342,27,'Rebekah_Keeling19@gmail.com',1,141,'Kokomo (Extra Video 3)',85,'2022-12-13'),(343,20,'Amya_Franecki@yahoo.com',2,142,'Straight Up (Extra Video 1)',306,'2023-02-19'),(344,20,'Amya_Franecki@yahoo.com',2,142,'Daydream Believer (Extra Video 2)',247,'2023-02-19'),(345,27,'Anika_Rosenbaum89@hotmail.com',14,143,'Bleeding Love (Extra Video 1)',299,'2024-03-03'),(346,27,'Anika_Rosenbaum89@hotmail.com',14,143,'Cry Like a Baby (Extra Video 2)',544,'2024-03-03'),(347,7,'Anika_Rosenbaum89@hotmail.com',11,144,'Billie Jean (Extra Video 1)',238,'2023-11-19'),(348,7,'Anika_Rosenbaum89@hotmail.com',11,144,'Green Tambourine (Extra Video 2)',422,'2023-11-19'),(349,7,'Anika_Rosenbaum89@hotmail.com',11,144,'Another Brick in the Wall (part 2) (Extra Video 3)',586,'2023-11-19'),(350,20,'Izabella.Hirthe88@gmail.com',3,145,'Hanky Panky (Extra Video 1)',182,'2023-09-24'),(351,20,'Izabella.Hirthe88@gmail.com',3,145,'Walk On the Wild Side (Extra Video 2)',397,'2023-09-24'),(352,20,'Izabella.Hirthe88@gmail.com',3,145,'West End Girls (Extra Video 3)',116,'2023-09-24'),(353,20,'Shayna93@hotmail.com',1,146,'The Glow-Worm (Extra Video 1)',215,'2024-03-19'),(354,20,'Shayna93@hotmail.com',1,146,'Me & Bobby McGee (Extra Video 2)',136,'2024-03-19'),(355,20,'Shayna93@hotmail.com',1,146,'You\'ve Lost That Lovin\' Feelin\' (Extra Video 3)',376,'2024-03-19'),(356,13,'Roman.Osinski@hotmail.com',23,147,'We Are the Champions (Extra Video 1)',133,'2024-04-18'),(357,13,'Roman.Osinski@hotmail.com',23,147,'As Time Goes By (Extra Video 2)',339,'2024-04-18'),(358,22,'Bryana_Gleason@hotmail.com',22,148,'Mood Indigo (Extra Video 1)',292,'2024-02-25'),(359,22,'Bryana_Gleason@hotmail.com',22,148,'Stayin\' Alive (Extra Video 2)',429,'2024-02-25'),(360,8,'Maxime57@yahoo.com',15,149,'Tom Dooley (Extra Video 1)',552,'2024-03-29'),(361,8,'Maxime57@yahoo.com',15,149,'Freak Me (Extra Video 2)',480,'2024-03-29'),(362,8,'Maxime57@yahoo.com',15,149,'Wichita Lineman (Extra Video 3)',365,'2024-03-29'),(363,29,'Candido_Streich@hotmail.com',1,150,'Na Na Hey Hey (Kiss Him Goodbye) (Extra Video 1)',544,'2023-11-25'),(364,29,'Candido_Streich@hotmail.com',1,150,'Knock On Wood (Extra Video 2)',118,'2023-11-25'),(365,29,'Candido_Streich@hotmail.com',1,150,'Bye Bye (Extra Video 3)',483,'2023-11-25'),(366,5,'Anika_Rosenbaum89@hotmail.com',12,151,'Two Hearts (Extra Video 1)',540,'2023-12-10'),(367,5,'Anika_Rosenbaum89@hotmail.com',12,151,'Walk This Way (Extra Video 2)',307,'2023-12-10'),(368,4,'Anika_Rosenbaum89@hotmail.com',6,152,'Groovin\' (Extra Video 1)',68,'2023-06-26'),(369,4,'Anika_Rosenbaum89@hotmail.com',6,152,'(They Long to Be) Close to You (Extra Video 2)',173,'2023-06-26'),(370,17,'Julia41@yahoo.com',5,153,'Jump (Extra Video 1)',398,'2023-05-15'),(371,17,'Julia41@yahoo.com',5,153,'Let\'s Hear it For the Boy (Extra Video 2)',211,'2023-05-15'),(372,18,'Roman.Osinski@hotmail.com',17,154,'Long Tall Sally (Extra Video 1)',501,'2023-10-22'),(373,18,'Roman.Osinski@hotmail.com',17,154,'Suspicious Minds (Extra Video 2)',551,'2023-10-22'),(374,8,'Hailee78@gmail.com',6,155,'Whispering (Extra Video 1)',402,'2023-05-13'),(375,8,'Hailee78@gmail.com',6,155,'Rag Doll (Extra Video 2)',252,'2023-05-13'),(376,8,'Hailee78@gmail.com',6,155,'Rolling In The Deep (Extra Video 3)',94,'2023-05-13'),(377,10,'Cale92@yahoo.com',6,156,'War (Extra Video 1)',410,'2023-11-27'),(378,10,'Cale92@yahoo.com',6,156,'Don\'t Leave Me This Way (Extra Video 2)',362,'2023-11-27'),(379,10,'Cale92@yahoo.com',6,156,'Ac-cent-tchu-ate the Positive (Extra Video 3)',407,'2023-11-27'),(380,24,'Roman.Osinski@hotmail.com',1,157,'The Loco-Motion (Extra Video 1)',321,'2022-06-16'),(381,24,'Roman.Osinski@hotmail.com',1,157,'Hot Child In The City (Extra Video 2)',117,'2022-06-16'),(382,24,'Roman.Osinski@hotmail.com',1,157,'The Power of Love (Extra Video 3)',537,'2022-06-16'),(383,11,'Abbigail_Aufderhar75@gmail.com',9,158,'Addicted to Love (Extra Video 1)',363,'2023-06-23'),(384,11,'Abbigail_Aufderhar75@gmail.com',9,158,'Nights in White Satin (Extra Video 2)',187,'2023-06-23'),(385,11,'Abbigail_Aufderhar75@gmail.com',9,158,'Little Darlin\' (Extra Video 3)',61,'2023-06-23'),(386,30,'Cale92@yahoo.com',3,159,'Love Will Keep Us Together (Extra Video 1)',211,'2023-08-25'),(387,30,'Cale92@yahoo.com',3,159,'Black Or White (Extra Video 2)',193,'2023-08-25'),(388,30,'Anika_Rosenbaum89@hotmail.com',12,160,'Goodnight (Extra Video 1)',163,'2023-12-26'),(389,30,'Anika_Rosenbaum89@hotmail.com',12,160,'Brother Louie (Extra Video 2)',363,'2023-12-26'),(390,6,'Amya_Franecki@yahoo.com',10,161,'The Streak (Extra Video 1)',596,'2023-10-12'),(391,6,'Amya_Franecki@yahoo.com',10,161,'Viva La Vida (Extra Video 2)',320,'2023-10-12'),(392,6,'Amya_Franecki@yahoo.com',10,161,'Sweet Caroline (Good Times Never Seemed So Good) (Extra Video 3)',415,'2023-10-12'),(393,14,'Brant.Ankunding67@hotmail.com',11,162,'How Deep is Your Love? (Extra Video 1)',165,'2024-01-14'),(394,14,'Brant.Ankunding67@hotmail.com',11,162,'Shake Down (Extra Video 2)',251,'2024-01-14'),(395,26,'Augustus_Sawayn10@gmail.com',4,163,'Sixteen Tons (Extra Video 1)',500,'2023-09-16'),(396,26,'Augustus_Sawayn10@gmail.com',4,163,'How You Remind Me (Extra Video 2)',434,'2023-09-16'),(397,26,'Augustus_Sawayn10@gmail.com',4,163,'Rum & Coca-Cola (Extra Video 3)',194,'2023-09-16'),(398,4,'Maxime57@yahoo.com',11,164,'Rolling In The Deep (Extra Video 1)',459,'2023-11-20'),(399,4,'Maxime57@yahoo.com',11,164,'Gangsta\'s Paradise (Extra Video 2)',411,'2023-11-20'),(400,4,'Maxime57@yahoo.com',11,164,'(I\'ve Got a Gal In) Kalamazoo (Extra Video 3)',276,'2023-11-20'),(401,29,'Bryana_Gleason@hotmail.com',5,165,'He\'s So Fine (Extra Video 1)',140,'2022-09-23'),(402,29,'Bryana_Gleason@hotmail.com',5,165,'Rock Your Baby (Extra Video 2)',277,'2022-09-23'),(403,11,'Hailee78@gmail.com',17,166,'Car Wash (Extra Video 1)',417,'2024-04-29'),(404,11,'Hailee78@gmail.com',17,166,'Your Song (Extra Video 2)',312,'2024-04-29'),(405,11,'Hailee78@gmail.com',17,166,'Sweet Georgia Brown (Extra Video 3)',103,'2024-04-29'),(406,15,'Joanny.Kassulke@gmail.com',1,167,'On Bended Knee (Extra Video 1)',340,'2023-03-31'),(407,15,'Joanny.Kassulke@gmail.com',1,167,'The Long & Winding Road (Extra Video 2)',478,'2023-03-31'),(408,15,'Joanny.Kassulke@gmail.com',1,167,'Dilemma (Extra Video 3)',226,'2023-03-31'),(409,12,'Candido_Streich@hotmail.com',4,168,'Dancing in the Street (Extra Video 1)',594,'2024-02-27'),(410,12,'Candido_Streich@hotmail.com',4,168,'Let it Snow! Let it Snow! Let it Snow! (Extra Video 2)',183,'2024-02-27'),(411,21,'Maxime57@yahoo.com',6,169,'All I Have to Do is Dream (Extra Video 1)',491,'2023-06-17'),(412,21,'Maxime57@yahoo.com',6,169,'This Ole House (Extra Video 2)',347,'2023-06-17'),(413,21,'Maxime57@yahoo.com',6,169,'Brother (Extra Video 3)',121,'2023-06-17'),(414,30,'Bryana_Gleason@hotmail.com',12,170,'Save the Best For Last (Extra Video 1)',363,'2023-04-27'),(415,30,'Bryana_Gleason@hotmail.com',12,170,'Mrs Robinson (Extra Video 2)',258,'2023-04-27'),(416,3,'Maxime57@yahoo.com',6,171,'All Along the Watchtower (Extra Video 1)',149,'2023-06-18'),(417,3,'Maxime57@yahoo.com',6,171,'Coming Up (Extra Video 2)',297,'2023-06-18'),(418,25,'Cleve13@yahoo.com',18,172,'Fire & Rain (Extra Video 1)',500,'2024-02-16'),(419,25,'Cleve13@yahoo.com',18,172,'Night & Day (Extra Video 2)',189,'2024-02-16'),(420,25,'Cleve13@yahoo.com',18,172,'Travellin\' Band (Extra Video 3)',488,'2024-02-16'),(421,5,'Hailee78@gmail.com',1,173,'Cheek to Cheek (Extra Video 1)',352,'2022-12-15'),(422,5,'Hailee78@gmail.com',1,173,'Dancing in the Street (Extra Video 2)',481,'2022-12-15'),(423,30,'Rebekah_Keeling19@gmail.com',6,174,'House of the Rising Sun (Extra Video 1)',95,'2023-05-24'),(424,30,'Rebekah_Keeling19@gmail.com',6,174,'So Much in Love (Extra Video 2)',277,'2023-05-24'),(425,30,'Rebekah_Keeling19@gmail.com',6,174,'Reach Out (I\'ll Be There) (Extra Video 3)',298,'2023-05-24'),(426,14,'Major8@gmail.com',5,175,'Your Cheatin\' Heart (Extra Video 1)',110,'2024-02-26'),(427,14,'Major8@gmail.com',5,175,'These Boots Are Made For Walking (Extra Video 2)',523,'2024-02-26'),(428,27,'Hailee78@gmail.com',5,176,'I\'ll Be There (Extra Video 1)',154,'2023-04-22'),(429,27,'Hailee78@gmail.com',5,176,'I Honestly Love You (Extra Video 2)',530,'2023-04-22'),(430,27,'Hailee78@gmail.com',5,176,'Dancing in the Street (Extra Video 3)',233,'2023-04-22'),(431,14,'Rebekah_Keeling19@gmail.com',11,177,'Baby One More Time (Extra Video 1)',282,'2023-10-24'),(432,14,'Rebekah_Keeling19@gmail.com',11,177,'Paper Planes (Extra Video 2)',229,'2023-10-24'),(433,26,'Abbigail_Aufderhar75@gmail.com',9,178,'Eight Days a Week (Extra Video 1)',597,'2023-06-25'),(434,26,'Abbigail_Aufderhar75@gmail.com',9,178,'Poker Face (Extra Video 2)',219,'2023-06-25'),(435,21,'Amya_Franecki@yahoo.com',7,179,'Working My Way Back to You (Extra Video 1)',521,'2023-07-17'),(436,21,'Amya_Franecki@yahoo.com',7,179,'Band On the Run (Extra Video 2)',359,'2023-07-17'),(437,24,'Danika.Williamson@hotmail.com',1,180,'Sailing (Extra Video 1)',379,'2022-10-15'),(438,24,'Danika.Williamson@hotmail.com',1,180,'Another Brick in the Wall (part 2) (Extra Video 2)',357,'2022-10-15'),(439,24,'Danika.Williamson@hotmail.com',1,180,'Somebody That I Used to Know (Extra Video 3)',597,'2022-10-15');
/*!40000 ALTER TABLE `MusicVideo` ENABLE KEYS */;
UNLOCK TABLES;

--
-- Table structure for table `Playlist`
--

DROP TABLE IF EXISTS `Playlist`;
/*!40101 SET @saved_cs_client     = @@character_set_client */;
/*!40101 SET character_set_client = utf8 */;
CREATE TABLE `Playlist` (
  `idPlaylist` int(10) unsigned NOT NULL,
  `emailCreator` varchar(255) NOT NULL,
  `idSubscriptionCreator` int(10) unsigned NOT NULL,
  `namaPlaylist` varchar(255) NOT NULL,
  PRIMARY KEY (`idPlaylist`),
  KEY `emailCreator` (`emailCreator`,`idSubscriptionCreator`),
  CONSTRAINT `Playlist_ibfk_1` FOREIGN KEY (`emailCreator`, `idSubscriptionCreator`) REFERENCES `AppleMusicUser` (`email`, `idSubscription`)
) ENGINE=InnoDB DEFAULT CHARSET=utf8mb4 COLLATE=utf8mb4_general_ci;
/*!40101 SET character_set_client = @saved_cs_client */;

--
-- Dumping data for table `Playlist`
--

LOCK TABLES `Playlist` WRITE;
/*!40000 ALTER TABLE `Playlist` DISABLE KEYS */;
INSERT INTO `Playlist` VALUES (1,'Danika.Williamson@hotmail.com',11,'TungstenFolkChapel of Love'),(2,'Lucile42@gmail.com',1,'ProtactiniumRapHit the Road'),(3,'Augustus_Sawayn10@gmail.com',3,'SilverBluesHeart of Glass'),(4,'Sibyl63@gmail.com',10,'ArsenicPopPeople'),(5,'Candido_Streich@hotmail.com',2,'PlatinumPopBegin the Beguine'),(6,'Augustus_Sawayn10@gmail.com',1,'GalliumReggaeHow Do I Live?'),(7,'Anika_Rosenbaum89@hotmail.com',9,'ZirconiumRockLeader of the Pack'),(8,'Juanita7@hotmail.com',8,'PlatinumClassicalSpinning Wheel'),(9,'Amya_Franecki@yahoo.com',12,'DysprosiumLatinHey Paula'),(10,'Izabella.Hirthe88@gmail.com',4,'IodineNon MusicOnly The Lonely (Know The Way I Feel)'),(11,'Roman.Osinski@hotmail.com',1,'CalciumJazzMemories Are Made of This'),(12,'Gina.Hermann@yahoo.com',3,'ProtactiniumRapKilling Me Softly With His Song'),(13,'Joanny.Kassulke@gmail.com',1,'PotassiumRockGood Lovin\''),(14,'Gina.Hermann@yahoo.com',7,'ErbiumNon MusicRock With You'),(15,'Maxime57@yahoo.com',2,'AmericiumRapMemories Are Made of This'),(16,'Maxime57@yahoo.com',3,'MagnesiumClassicalEve of Destruction'),(17,'Joanny.Kassulke@gmail.com',8,'MeitneriumFunkI Feel Fine'),(18,'Bryana_Gleason@hotmail.com',1,'TerbiumReggaeImagine'),(19,'Abbigail_Aufderhar75@gmail.com',1,'HafniumNon MusicDon\'t Leave Me This Way'),(20,'Cleve13@yahoo.com',10,'NobeliumLatinI Feel Fine'),(21,'Izabella.Hirthe88@gmail.com',6,'TerbiumHip HopI Still Haven\'t Found What I\'m Looking For'),(22,'Roman.Osinski@hotmail.com',1,'IodineBluesFirework'),(23,'Muriel.Gerlach@gmail.com',3,'AluminiumStage And ScreenChattanoogie Shoe-Shine Boy'),(24,'Augustus_Sawayn10@gmail.com',7,'OsmiumStage And ScreenHere in My Heart'),(25,'Anika_Rosenbaum89@hotmail.com',1,'RheniumCountryChapel of Love'),(26,'Allen.Quitzon-Smith@yahoo.com',1,'MagnesiumNon MusicBrown Eyed Girl'),(27,'Anika_Rosenbaum89@hotmail.com',4,'BoronRapWaterfalls'),(28,'Gina.Hermann@yahoo.com',8,'EuropiumElectronicBoogie Oogie Oogie'),(29,'Danika.Williamson@hotmail.com',9,'MolybdenumWorldJack & Diane'),(30,'Tod.Jast61@gmail.com',1,'YttriumSoulA Whole New World (Aladdin\'s Theme)'),(31,'Maxime57@yahoo.com',2,'CeriumWorldA Woman in Love'),(32,'Major8@gmail.com',6,'RadiumWorldCandy Man'),(33,'Joanny.Kassulke@gmail.com',3,'EuropiumStage And ScreenLove Train'),(34,'Abbigail_Aufderhar75@gmail.com',16,'XenonPopChattanooga Choo Choo'),(35,'Abbigail_Aufderhar75@gmail.com',14,'NobeliumRockLocked Out Of Heaven'),(36,'Roman.Osinski@hotmail.com',12,'YtterbiumClassicalCherry Pink & Apple Blossom White'),(37,'Amya_Franecki@yahoo.com',4,'PalladiumCountryThe Boys of Summer'),(38,'Lucile42@gmail.com',2,'FleroviumMetalChattanooga Choo Choo'),(39,'Lucile42@gmail.com',3,'NeodymiumRockMrs Brown You\'ve Got a Lovely Daughter'),(40,'Roman.Osinski@hotmail.com',12,'VanadiumWorldIf You Leave Me Now'),(41,'Maxime57@yahoo.com',1,'XenonBluesDardanella'),(42,'Bryana_Gleason@hotmail.com',7,'PlatinumFolkLeaving'),(43,'Bryana_Gleason@hotmail.com',19,'BismuthFunkSpill the Wine'),(44,'Augustus_Sawayn10@gmail.com',7,'IridiumRockIf I Didn\'t Care'),(45,'Abbigail_Aufderhar75@gmail.com',15,'XenonBluesMy Sweet Lord'),(46,'Cleve13@yahoo.com',16,'TennessineNon MusicHeart of Gold'),(47,'Cale92@yahoo.com',2,'SodiumRapCalifornia Dreamin\''),(48,'Major8@gmail.com',7,'TinRapHow High the Moon'),(49,'Abbigail_Aufderhar75@gmail.com',7,'PalladiumRockWar'),(50,'Julia41@yahoo.com',10,'CarbonCountrySeasons in the Sun'),(51,'Roman.Osinski@hotmail.com',19,'IridiumReggaeHanging by a Moment'),(52,'Rebekah_Keeling19@gmail.com',13,'GoldFunkHeartbreak Hotel'),(53,'Hailee78@gmail.com',13,'MercuryReggaeCathy\'s Clown'),(54,'Cleve13@yahoo.com',8,'BromineCountryRing of Fire'),(55,'Danika.Williamson@hotmail.com',14,'AluminiumElectronicThe Way We Were'),(56,'Rebekah_Keeling19@gmail.com',2,'PotassiumBluesWhere Did Our Love Go'),(57,'Sibyl63@gmail.com',9,'HafniumHip HopThriller'),(58,'Dusty48@hotmail.com',1,'SamariumMetalI Want You Back'),(59,'Cleve13@yahoo.com',11,'TechnetiumCountrySay You'),(60,'Roman.Osinski@hotmail.com',22,'FermiumRockAin\'t No Mountain High Enough');
/*!40000 ALTER TABLE `Playlist` ENABLE KEYS */;
UNLOCK TABLES;

--
-- Table structure for table `ProdukKomersial`
--

DROP TABLE IF EXISTS `ProdukKomersial`;
/*!40101 SET @saved_cs_client     = @@character_set_client */;
/*!40101 SET character_set_client = utf8 */;
CREATE TABLE `ProdukKomersial` (
  `idProdukKomersial` int(10) unsigned NOT NULL,
  `emailArtist` varchar(255) NOT NULL,
  `idSubscriptionArtist` int(10) unsigned NOT NULL,
  `judulProduk` varchar(255) NOT NULL,
  `genre` varchar(255) NOT NULL,
  `tanggalRilis` date NOT NULL DEFAULT curdate(),
  `tipeProduk` enum('album','ep','single') NOT NULL,
  PRIMARY KEY (`idProdukKomersial`),
  KEY `emailArtist` (`emailArtist`,`idSubscriptionArtist`),
  CONSTRAINT `ProdukKomersial_ibfk_1` FOREIGN KEY (`emailArtist`, `idSubscriptionArtist`) REFERENCES `AppleMusicUser` (`email`, `idSubscription`)
) ENGINE=InnoDB DEFAULT CHARSET=utf8mb4 COLLATE=utf8mb4_general_ci;
/*!40101 SET character_set_client = @saved_cs_client */;

--
-- Dumping data for table `ProdukKomersial`
--

LOCK TABLES `ProdukKomersial` WRITE;
/*!40000 ALTER TABLE `ProdukKomersial` DISABLE KEYS */;
INSERT INTO `ProdukKomersial` VALUES (1,'Cleve13@yahoo.com',19,'School\'s Out','Metal','2024-03-30','single'),(2,'Maxime57@yahoo.com',11,'Judy in Disguise (With Glasses)','Rap','2023-11-15','ep'),(3,'Cleve13@yahoo.com',1,'One of Us','Pop','2022-09-21','album'),(4,'Allen.Quitzon-Smith@yahoo.com',2,'Rehab','Hip Hop','2023-09-23','single'),(5,'Hailee78@gmail.com',15,'Hollaback Girl','Rap','2024-02-14','single'),(6,'Amya_Franecki@yahoo.com',13,'How Deep is Your Love?','Jazz','2024-01-15','album'),(7,'Major8@gmail.com',2,'Kiss On My List','Rap','2023-11-19','album'),(8,'Roman.Osinski@hotmail.com',13,'Temperature','Metal','2023-06-17','ep'),(9,'Amya_Franecki@yahoo.com',13,'We Will Rock You','Classical','2024-01-20','ep'),(10,'Brant.Ankunding67@hotmail.com',9,'Fire & Rain','Latin','2023-11-21','album'),(11,'Danika.Williamson@hotmail.com',3,'You\'re Still the One','Rock','2022-12-21','single'),(12,'Anika_Rosenbaum89@hotmail.com',3,'Blueberry Hill','Soul','2023-03-21','ep'),(13,'Roman.Osinski@hotmail.com',13,'The Streak','Rap','2023-06-19','album'),(14,'Rebekah_Keeling19@gmail.com',11,'Incense & Peppermints','Stage And Screen','2023-10-17','album'),(15,'Amya_Franecki@yahoo.com',10,'The Streak','Soul','2023-10-16','ep'),(16,'Shayna93@hotmail.com',1,'Pennies From Heaven','Jazz','2024-03-14','ep'),(17,'Cleve13@yahoo.com',19,'Be My Baby','Blues','2024-03-27','ep'),(18,'Rebekah_Keeling19@gmail.com',9,'I\'m a Believer','Electronic','2023-08-19','album'),(19,'Danika.Williamson@hotmail.com',1,'50 Ways to Leave Your Lover','Electronic','2022-10-23','single'),(20,'Juanita7@hotmail.com',5,'Queen of Hearts','Reggae','2023-12-27','single'),(21,'Amya_Franecki@yahoo.com',10,'What\'s Love Got to Do With It?','Rock','2023-10-14','single'),(22,'Major8@gmail.com',1,'My Guy','Latin','2023-10-22','single'),(23,'Maxime57@yahoo.com',13,'Let\'s Get it On','Hip Hop','2024-01-28','single'),(24,'Danika.Williamson@hotmail.com',1,'Money For Nothing','Rock','2022-10-24','single'),(25,'Anika_Rosenbaum89@hotmail.com',3,'Stranger On the Shore','Hip Hop','2023-03-21','album'),(26,'Cleve13@yahoo.com',4,'Superstar','Blues','2022-12-20','single'),(27,'Abbigail_Aufderhar75@gmail.com',6,'Love In This Club','World','2023-03-24','single'),(28,'Abbigail_Aufderhar75@gmail.com',11,'Roll Over Beethoven','Non Music','2023-08-13','single'),(29,'Izabella.Hirthe88@gmail.com',9,'Spinning Wheel','Non Music','2024-03-23','ep'),(30,'Joanny.Kassulke@gmail.com',10,'Yesterday','Electronic','2023-12-26','ep'),(31,'Maxime57@yahoo.com',12,'Want Ads','Blues','2023-12-20','album'),(32,'Cleve13@yahoo.com',2,'Killing Me Softly With His Song','Electronic','2022-10-21','album'),(33,'Cale92@yahoo.com',2,'Under the Bridge','Rock','2023-07-19','album'),(34,'Bryana_Gleason@hotmail.com',2,'Leader of the Pack','Jazz','2022-06-14','album'),(35,'Candido_Streich@hotmail.com',1,'Slow Poke','Rock','2023-11-19','ep'),(36,'Cleve13@yahoo.com',11,'That\'s the Way Love Goes','Metal','2023-07-19','single'),(37,'Roman.Osinski@hotmail.com',8,'Besame Mucho','Soul','2023-01-15','single'),(38,'Amya_Franecki@yahoo.com',10,'Fallin\'','Funk','2023-10-16','single'),(39,'Danika.Williamson@hotmail.com',3,'Nothing\'s Gonna Stop Us Now','Latin','2022-12-17','album'),(40,'Roman.Osinski@hotmail.com',7,'West End Blues','Rock','2022-12-15','single'),(41,'Cleve13@yahoo.com',14,'He\'s So Fine','Stage And Screen','2023-10-29','ep'),(42,'Cale92@yahoo.com',5,'My Sweet Lord','Jazz','2023-10-24','ep'),(43,'Rebekah_Keeling19@gmail.com',7,'Can\'t Help Falling in Love','World','2023-06-14','album'),(44,'Brant.Ankunding67@hotmail.com',9,'Umbrella','Pop','2023-11-13','album'),(45,'Julia41@yahoo.com',10,'Hey There Delilah','Metal','2023-10-17','album'),(46,'Juanita7@hotmail.com',5,'One of Us','Blues','2023-12-30','ep'),(47,'Cale92@yahoo.com',6,'This Land is Your Land','Rap','2023-11-23','single'),(48,'Bryana_Gleason@hotmail.com',12,'Dreams','Reggae','2023-04-26','album'),(49,'Danika.Williamson@hotmail.com',3,'The Love You Save','Rap','2022-12-20','ep'),(50,'Major8@gmail.com',1,'In the Mood','Hip Hop','2023-10-30','album'),(51,'Danika.Williamson@hotmail.com',8,'I\'ll Never Smile Again','Rap','2023-05-27','ep'),(52,'Cleve13@yahoo.com',5,'Bad','Hip Hop','2023-01-16','album'),(53,'Amya_Franecki@yahoo.com',3,'She Drives Me Crazy','Blues','2023-03-13','ep'),(54,'Roman.Osinski@hotmail.com',3,'Layla','Hip Hop','2022-08-23','single'),(55,'Cleve13@yahoo.com',6,'Somebody That I Used to Know','Hip Hop','2023-02-24','album'),(56,'Julia41@yahoo.com',12,'Sing','Soul','2023-12-22','ep'),(57,'Anika_Rosenbaum89@hotmail.com',6,'Na Na Hey Hey (Kiss Him Goodbye)','Soul','2023-06-29','album'),(58,'Joanny.Kassulke@gmail.com',1,'Summertime Blues','Classical','2023-03-22','album'),(59,'Joanny.Kassulke@gmail.com',2,'Goodnight','Rap','2023-04-24','single'),(60,'Abbigail_Aufderhar75@gmail.com',6,'Don\'t Stop \'Til You Get Enough','Latin','2023-03-29','album');
/*!40000 ALTER TABLE `ProdukKomersial` ENABLE KEYS */;
UNLOCK TABLES;

--
-- Table structure for table `Song`
--

DROP TABLE IF EXISTS `Song`;
/*!40101 SET @saved_cs_client     = @@character_set_client */;
/*!40101 SET character_set_client = utf8 */;
CREATE TABLE `Song` (
  `idSong` int(10) unsigned NOT NULL,
  `idLabel` int(10) unsigned NOT NULL,
  `emailArtist` varchar(255) NOT NULL,
  `idSubscriptionArtist` int(10) unsigned NOT NULL,
  `judul` varchar(255) NOT NULL,
  `durasi` int(10) unsigned NOT NULL,
  `tanggalRilis` date NOT NULL DEFAULT curdate(),
  PRIMARY KEY (`idSong`),
  KEY `idLabel` (`idLabel`),
  KEY `emailArtist` (`emailArtist`,`idSubscriptionArtist`),
  CONSTRAINT `Song_ibfk_1` FOREIGN KEY (`idLabel`) REFERENCES `Label` (`idLabel`),
  CONSTRAINT `Song_ibfk_2` FOREIGN KEY (`emailArtist`, `idSubscriptionArtist`) REFERENCES `AppleMusicUser` (`email`, `idSubscription`)
) ENGINE=InnoDB DEFAULT CHARSET=utf8mb4 COLLATE=utf8mb4_general_ci;
/*!40101 SET character_set_client = @saved_cs_client */;

--
-- Dumping data for table `Song`
--

LOCK TABLES `Song` WRITE;
/*!40000 ALTER TABLE `Song` DISABLE KEYS */;
INSERT INTO `Song` VALUES (1,12,'Amya_Franecki@yahoo.com',3,'Take My Breath Away',558,'2023-03-09'),(2,8,'Roman.Osinski@hotmail.com',22,'Honey',184,'2024-03-16'),(3,21,'Cale92@yahoo.com',9,'I Want to Hold Your Hand',486,'2024-02-12'),(4,3,'Cleve13@yahoo.com',11,'Smoke Gets in Your Eyes',573,'2023-07-11'),(5,21,'Candido_Streich@hotmail.com',1,'Caldonia Boogie (What Makes Your Big Head So Hard)',360,'2023-11-15'),(6,4,'Cale92@yahoo.com',3,'One of Us',95,'2023-08-15'),(7,14,'Brant.Ankunding67@hotmail.com',9,'Vogue',315,'2023-11-10'),(8,26,'Major8@gmail.com',1,'Wabash Cannonball',411,'2023-10-16'),(9,5,'Rebekah_Keeling19@gmail.com',11,'Higher Love',66,'2023-10-12'),(10,6,'Dusty48@hotmail.com',1,'Earth Angel',113,'2023-11-13'),(11,4,'Julia41@yahoo.com',12,'Mr Big Stuff',272,'2023-12-13'),(12,3,'Dusty48@hotmail.com',5,'Ballerina',243,'2024-03-09'),(13,20,'Danika.Williamson@hotmail.com',3,'We Are the World',482,'2022-12-16'),(14,1,'Allen.Quitzon-Smith@yahoo.com',6,'Memories Are Made of This',254,'2024-01-08'),(15,26,'Maxime57@yahoo.com',14,'What\'s Love Got to Do With It?',517,'2024-02-09'),(16,19,'Amya_Franecki@yahoo.com',5,'Killing Me Softly With His Song',67,'2023-05-16'),(17,20,'Joanny.Kassulke@gmail.com',1,'Ain\'t No Sunshine',513,'2023-03-12'),(18,21,'Abbigail_Aufderhar75@gmail.com',13,'Honey',589,'2023-10-09'),(19,26,'Julia41@yahoo.com',13,'Whole Lotta Love',380,'2024-01-17'),(20,25,'Maxime57@yahoo.com',4,'Thank You (Falettinme be Mice Elf Again)',369,'2023-04-11'),(21,21,'Izabella.Hirthe88@gmail.com',6,'Party Rock Anthem',267,'2023-12-14'),(22,11,'Anika_Rosenbaum89@hotmail.com',5,'I Fall to Pieces',278,'2023-05-11'),(23,29,'Sibyl63@gmail.com',6,'Blue Suede Shoes',196,'2023-11-13'),(24,11,'Amya_Franecki@yahoo.com',11,'I Will Follow Him',483,'2023-11-09'),(25,8,'Amya_Franecki@yahoo.com',13,'Wichita Lineman',160,'2024-01-13'),(26,28,'Lucile42@gmail.com',3,'I Want to Know What Love Is',455,'2024-03-14'),(27,28,'Allen.Quitzon-Smith@yahoo.com',4,'Hot Stuff',490,'2023-11-13'),(28,26,'Roman.Osinski@hotmail.com',17,'People Got to Be Free',202,'2023-10-17'),(29,15,'Cleve13@yahoo.com',2,'Over the Rainbow',536,'2022-10-14'),(30,16,'Cleve13@yahoo.com',14,'Sweet Home Alabama',460,'2023-10-16'),(31,18,'Danika.Williamson@hotmail.com',8,'Take a Bow',307,'2023-05-17'),(32,15,'Abbigail_Aufderhar75@gmail.com',14,'Don\'t Be Cruel',546,'2023-11-17'),(33,17,'Bryana_Gleason@hotmail.com',10,'I Can Dream',251,'2023-02-10'),(34,11,'Izabella.Hirthe88@gmail.com',6,'Let\'s Groove',586,'2023-12-13'),(35,28,'Hailee78@gmail.com',12,'Bitter Sweet Symphony',462,'2023-11-10'),(36,28,'Rebekah_Keeling19@gmail.com',7,'Love Theme From \'A Star is Born\' (Evergreen)',201,'2023-06-17'),(37,23,'Bryana_Gleason@hotmail.com',18,'Cry Like a Baby',419,'2023-10-16'),(38,18,'Brant.Ankunding67@hotmail.com',9,'We Didn\'t Start the Fire',241,'2023-11-11'),(39,22,'Danika.Williamson@hotmail.com',11,'Tiger Rag',446,'2023-08-17'),(40,12,'Izabella.Hirthe88@gmail.com',4,'Mrs Brown You\'ve Got a Lovely Daughter',143,'2023-10-12'),(41,19,'Roman.Osinski@hotmail.com',8,'Poker Face',196,'2023-01-13'),(42,14,'Allen.Quitzon-Smith@yahoo.com',3,'Strange Fruit',367,'2023-10-10'),(43,3,'Roman.Osinski@hotmail.com',10,'Where Did Our Love Go',276,'2023-03-10'),(44,10,'Cale92@yahoo.com',5,'Big Bad John',594,'2023-10-12'),(45,10,'Cale92@yahoo.com',7,'Stardust',215,'2023-12-09'),(46,11,'Julia41@yahoo.com',10,'We Will Rock You',540,'2023-10-09'),(47,27,'Cleve13@yahoo.com',1,'Upside Down',450,'2022-09-08'),(48,26,'Dusty48@hotmail.com',5,'Kansas City',97,'2024-03-11'),(49,9,'Hailee78@gmail.com',3,'On My Own',176,'2023-02-17'),(50,17,'Lucile42@gmail.com',4,'Disturbia',271,'2024-04-14'),(51,21,'Bryana_Gleason@hotmail.com',10,'April Showers',218,'2023-02-11'),(52,26,'Izabella.Hirthe88@gmail.com',6,'Band On the Run',84,'2023-12-09'),(53,16,'Shayna93@hotmail.com',1,'Tha Crossroads',99,'2024-03-17'),(54,1,'Abbigail_Aufderhar75@gmail.com',2,'West End Girls',479,'2022-11-13'),(55,4,'Anika_Rosenbaum89@hotmail.com',3,'Empire State Of Mind',466,'2023-03-15'),(56,25,'Rebekah_Keeling19@gmail.com',7,'Hey Jude',155,'2023-06-12'),(57,21,'Maxime57@yahoo.com',11,'Hanky Panky',589,'2023-11-17'),(58,16,'Gina.Hermann@yahoo.com',7,'We Belong Together',155,'2024-03-16'),(59,27,'Danika.Williamson@hotmail.com',4,'We Can Work it Out',371,'2023-01-10'),(60,4,'Cale92@yahoo.com',2,'Another Brick in the Wall (part 2)',163,'2023-07-15'),(61,10,'Sibyl63@gmail.com',5,'Le Freak',69,'2023-10-09'),(62,16,'Abbigail_Aufderhar75@gmail.com',16,'I\'ll be seeing you',254,'2024-01-16'),(63,12,'Cleve13@yahoo.com',5,'The Prisoner\'s Song',346,'2023-01-11'),(64,25,'Hailee78@gmail.com',5,'Up Where We Belong',85,'2023-04-09'),(65,19,'Dusty48@hotmail.com',5,'My Sweet Lord',120,'2024-03-17'),(66,10,'Roman.Osinski@hotmail.com',16,'He\'ll Have to Go',69,'2023-09-13'),(67,15,'Roman.Osinski@hotmail.com',13,'Colors of the Wind',412,'2023-06-14'),(68,5,'Hailee78@gmail.com',10,'Chapel of Love',246,'2023-09-16'),(69,3,'Amya_Franecki@yahoo.com',10,'Love is a Many Splendoured Thing',374,'2023-10-12'),(70,11,'Sibyl63@gmail.com',3,'(I\'ve Had) the Time of My Life',172,'2023-08-09'),(71,21,'Brant.Ankunding67@hotmail.com',7,'The Hustle',566,'2023-09-12'),(72,16,'Izabella.Hirthe88@gmail.com',6,'Magic',585,'2023-12-11'),(73,26,'Joanny.Kassulke@gmail.com',2,'Dizzy',83,'2023-04-10'),(74,23,'Julia41@yahoo.com',5,'Billie Jean',163,'2023-05-08'),(75,29,'Anika_Rosenbaum89@hotmail.com',11,'Touch Me',389,'2023-11-14'),(76,16,'Rebekah_Keeling19@gmail.com',12,'Rum & Coca-Cola',322,'2023-11-12'),(77,4,'Roman.Osinski@hotmail.com',4,'Ole Buttermilk Sky',439,'2022-09-14'),(78,17,'Julia41@yahoo.com',3,'Rudolph',138,'2023-03-12'),(79,1,'Roman.Osinski@hotmail.com',3,'I Walk the Line',364,'2022-08-16'),(80,18,'Amya_Franecki@yahoo.com',12,'The Thing',304,'2023-12-10'),(81,22,'Cleve13@yahoo.com',21,'Mickey',178,'2024-05-17'),(82,12,'Roman.Osinski@hotmail.com',21,'Big Bad John',182,'2024-02-10'),(83,23,'Cleve13@yahoo.com',16,'Help Me',132,'2023-12-14'),(84,22,'Maxime57@yahoo.com',13,'Feel Good Inc',96,'2024-01-17'),(85,15,'Augustus_Sawayn10@gmail.com',9,'Thank You (Falettinme be Mice Elf Again)',244,'2024-02-08'),(86,17,'Maxime57@yahoo.com',5,'Shake You Down',594,'2023-05-17'),(87,21,'Amya_Franecki@yahoo.com',8,'TSOP (The Sound of Philadelphia)',534,'2023-08-14'),(88,13,'Rebekah_Keeling19@gmail.com',11,'Love In This Club',169,'2023-10-14'),(89,15,'Augustus_Sawayn10@gmail.com',4,'Tears of a Clown',507,'2023-09-10'),(90,23,'Maxime57@yahoo.com',12,'(They Long to Be) Close to You',379,'2023-12-09'),(91,26,'Rebekah_Keeling19@gmail.com',10,'Georgy Girl',249,'2023-09-13'),(92,26,'Sibyl63@gmail.com',10,'Buttons & Bows',523,'2024-03-12'),(93,18,'Candido_Streich@hotmail.com',6,'Incense & Peppermints',353,'2024-04-14'),(94,27,'Roman.Osinski@hotmail.com',11,'Waterfalls',438,'2023-04-14'),(95,12,'Maxime57@yahoo.com',13,'What\'s Love Got to Do With It?',539,'2024-01-17'),(96,2,'Juanita7@hotmail.com',5,'Sailing',75,'2023-12-17'),(97,4,'Maxime57@yahoo.com',9,'Too Close',480,'2023-09-12'),(98,26,'Bryana_Gleason@hotmail.com',13,'Tha Crossroads',160,'2023-05-15'),(99,16,'Roman.Osinski@hotmail.com',12,'Three Coins in the Fountain',75,'2023-05-14'),(100,14,'Muriel.Gerlach@gmail.com',3,'Take Me Home',293,'2024-04-09'),(101,11,'Julia41@yahoo.com',11,'Eye of the Tiger',163,'2023-11-13'),(102,8,'Amya_Franecki@yahoo.com',4,'Firework',105,'2023-04-08'),(103,22,'Roman.Osinski@hotmail.com',19,'Kiss & Say Goodbye',492,'2023-12-17'),(104,10,'Cleve13@yahoo.com',7,'War',583,'2023-03-15'),(105,30,'Danika.Williamson@hotmail.com',1,'We Found Love',181,'2022-10-14'),(106,9,'Rebekah_Keeling19@gmail.com',3,'Something',446,'2023-02-17'),(107,12,'Allen.Quitzon-Smith@yahoo.com',2,'Green River',214,'2023-09-14'),(108,7,'Cleve13@yahoo.com',19,'Hero',548,'2024-03-16'),(109,23,'Rebekah_Keeling19@gmail.com',9,'At the Hop',379,'2023-08-13'),(110,1,'Muriel.Gerlach@gmail.com',2,'Cry',173,'2024-03-08'),(111,5,'Anika_Rosenbaum89@hotmail.com',12,'At Last',569,'2023-12-08'),(112,9,'Augustus_Sawayn10@gmail.com',1,'Hound Dog',499,'2023-06-10'),(113,28,'Roman.Osinski@hotmail.com',18,'The Sweet Escape',66,'2023-11-17'),(114,29,'Izabella.Hirthe88@gmail.com',8,'Cold',286,'2024-02-09'),(115,2,'Maxime57@yahoo.com',2,'Bridge Over Troubled Water',526,'2023-02-17'),(116,22,'Major8@gmail.com',3,'Stayin\' Alive',96,'2023-12-10'),(117,20,'Amya_Franecki@yahoo.com',4,'What a Fool Believes',311,'2023-04-09'),(118,16,'Sibyl63@gmail.com',9,'Stayin\' Alive',391,'2024-02-16'),(119,25,'Cale92@yahoo.com',9,'Hound Dog',283,'2024-02-17'),(120,16,'Gina.Hermann@yahoo.com',2,'Thriller',516,'2023-10-13'),(121,28,'Roman.Osinski@hotmail.com',7,'Me & Bobby McGee',113,'2022-12-13'),(122,7,'Juanita7@hotmail.com',7,'I Get Around',161,'2024-02-11'),(123,1,'Douglas_Ankunding74@gmail.com',1,'Call Me Maybe',236,'2024-02-16'),(124,15,'Hailee78@gmail.com',15,'Let Me Love You',552,'2024-02-08'),(125,23,'Anika_Rosenbaum89@hotmail.com',6,'Just the Way You Are',409,'2023-06-09'),(126,8,'Danika.Williamson@hotmail.com',3,'Boulevard of Broken Dreams',278,'2022-12-12'),(127,6,'Danika.Williamson@hotmail.com',11,'Kiss & Say Goodbye',187,'2023-08-17'),(128,14,'Rebekah_Keeling19@gmail.com',4,'The Glow-Worm',67,'2023-03-17'),(129,17,'Candido_Streich@hotmail.com',3,'Baby Love',104,'2024-01-17'),(130,28,'Izabella.Hirthe88@gmail.com',9,'Summertime Blues',339,'2024-03-10'),(131,11,'Amya_Franecki@yahoo.com',1,'Here in My Heart',315,'2023-01-15'),(132,18,'Allen.Quitzon-Smith@yahoo.com',2,'White Christmas',248,'2023-09-16'),(133,24,'Rebekah_Keeling19@gmail.com',9,'I Don\'t Want to Miss a Thing',586,'2023-08-13'),(134,27,'Cleve13@yahoo.com',6,'Family Affair',272,'2023-02-14'),(135,5,'Abbigail_Aufderhar75@gmail.com',6,'More Than Words',452,'2023-03-16'),(136,5,'Cleve13@yahoo.com',5,'The Boy is Mine',89,'2023-01-09'),(137,10,'Allen.Quitzon-Smith@yahoo.com',7,'Too Young',252,'2024-02-08'),(138,25,'Muriel.Gerlach@gmail.com',1,'Hit the Road',210,'2024-02-11'),(139,9,'Roman.Osinski@hotmail.com',7,'White Rabbit',281,'2022-12-15'),(140,17,'Hailee78@gmail.com',1,'Gives You Hell',406,'2022-12-09'),(141,27,'Rebekah_Keeling19@gmail.com',1,'Rhapsody in Blue',239,'2022-12-10'),(142,20,'Amya_Franecki@yahoo.com',2,'Let it Snow! Let it Snow! Let it Snow!',354,'2023-02-14'),(143,27,'Anika_Rosenbaum89@hotmail.com',14,'Three Coins in the Fountain',215,'2024-02-17'),(144,7,'Anika_Rosenbaum89@hotmail.com',11,'Lady Marmalade (Voulez-Vous Coucher Aver Moi Ce Soir?)',422,'2023-11-10'),(145,20,'Izabella.Hirthe88@gmail.com',3,'Peggy Sue',246,'2023-09-12'),(146,20,'Shayna93@hotmail.com',1,'Say My Name',529,'2024-03-13'),(147,13,'Roman.Osinski@hotmail.com',23,'Big Girls Don\'t Cry',525,'2024-04-13'),(148,22,'Bryana_Gleason@hotmail.com',22,'Because You Loved Me',172,'2024-02-15'),(149,8,'Maxime57@yahoo.com',15,'She Drives Me Crazy',180,'2024-03-15'),(150,29,'Candido_Streich@hotmail.com',1,'Mr Brightside',395,'2023-11-12'),(151,5,'Anika_Rosenbaum89@hotmail.com',12,'Ebony & Ivory',315,'2023-12-08'),(152,4,'Anika_Rosenbaum89@hotmail.com',6,'Georgia On My Mind',547,'2023-06-15'),(153,17,'Julia41@yahoo.com',5,'Sledgehammer',74,'2023-05-10'),(154,18,'Roman.Osinski@hotmail.com',17,'Queen of Hearts',596,'2023-10-08'),(155,8,'Hailee78@gmail.com',6,'Whip It',544,'2023-05-09'),(156,10,'Cale92@yahoo.com',6,'Smooth',104,'2023-11-15'),(157,24,'Roman.Osinski@hotmail.com',1,'I Wanna Dance With Somebody (Who Loves Me)',290,'2022-06-12'),(158,11,'Abbigail_Aufderhar75@gmail.com',9,'Crazy in Love',425,'2023-06-09'),(159,30,'Cale92@yahoo.com',3,'Love\'s Theme',410,'2023-08-13'),(160,30,'Anika_Rosenbaum89@hotmail.com',12,'Some Enchanted Evening',509,'2023-12-12'),(161,6,'Amya_Franecki@yahoo.com',10,'You make Me Wanna',554,'2023-10-09'),(162,14,'Brant.Ankunding67@hotmail.com',11,'I Fall to Pieces',497,'2024-01-10'),(163,26,'Augustus_Sawayn10@gmail.com',4,'Puttin\' on the Ritz',211,'2023-09-14'),(164,4,'Maxime57@yahoo.com',11,'(Let Me Be Your) Teddy Bear',540,'2023-11-10'),(165,29,'Bryana_Gleason@hotmail.com',5,'Will It Go Round In Circles',208,'2022-09-08'),(166,11,'Hailee78@gmail.com',17,'Runaround Sue',291,'2024-04-17'),(167,15,'Joanny.Kassulke@gmail.com',1,'House of the Rising Sun',398,'2023-03-16'),(168,12,'Candido_Streich@hotmail.com',4,'I\'ll Take You There',188,'2024-02-14'),(169,21,'Maxime57@yahoo.com',6,'Leaving',298,'2023-06-13'),(170,30,'Bryana_Gleason@hotmail.com',12,'Superstition',394,'2023-04-17'),(171,3,'Maxime57@yahoo.com',6,'You Are the Sunshine of My Life',361,'2023-06-10'),(172,25,'Cleve13@yahoo.com',18,'Don\'t Let the Sun Go Down On Me',159,'2024-02-12'),(173,5,'Hailee78@gmail.com',1,'Say Say Say',486,'2022-12-10'),(174,30,'Rebekah_Keeling19@gmail.com',6,'It Had to Be You',390,'2023-05-16'),(175,14,'Major8@gmail.com',5,'Secret Love',506,'2024-02-15'),(176,27,'Hailee78@gmail.com',5,'One Sweet Day',586,'2023-04-16'),(177,14,'Rebekah_Keeling19@gmail.com',11,'Brown Sugar',561,'2023-10-13'),(178,26,'Abbigail_Aufderhar75@gmail.com',9,'Tequila',562,'2023-06-14'),(179,21,'Amya_Franecki@yahoo.com',7,'I\'ll Be Missing You',547,'2023-07-08'),(180,24,'Danika.Williamson@hotmail.com',1,'Being With You',334,'2022-10-12'),(181,19,'Augustus_Sawayn10@gmail.com',5,'How High the Moon',224,'2023-10-12'),(182,16,'Joanny.Kassulke@gmail.com',10,'April Showers',299,'2023-12-11'),(183,22,'Abbigail_Aufderhar75@gmail.com',11,'I Can\'t Go For That (No Can Do)',597,'2023-08-11'),(184,2,'Julia41@yahoo.com',7,'Walk Like a Man',192,'2023-07-11'),(185,15,'Rebekah_Keeling19@gmail.com',9,'Soldier Boy',382,'2023-08-15'),(186,22,'Sibyl63@gmail.com',6,'Cherry Pink & Apple Blossom White',529,'2023-11-15'),(187,4,'Bryana_Gleason@hotmail.com',17,'I Can\'t Help Myself (Sugar Pie',132,'2023-09-15'),(188,10,'Joanny.Kassulke@gmail.com',9,'To Sir',474,'2023-11-13'),(189,9,'Rebekah_Keeling19@gmail.com',4,'Lose Yourself',141,'2023-03-13'),(190,26,'Bryana_Gleason@hotmail.com',2,'12th Street Rag',258,'2022-06-11'),(191,28,'Major8@gmail.com',2,'Can\'t Get Enough of Your Love',437,'2023-11-15'),(192,17,'Sibyl63@gmail.com',6,'Be Bop a Lula',577,'2023-11-11'),(193,24,'Cleve13@yahoo.com',9,'Stand By Me',352,'2023-05-16'),(194,4,'Cleve13@yahoo.com',4,'If You Leave Me Now',308,'2022-12-09'),(195,23,'Cleve13@yahoo.com',19,'All Shook Up',526,'2024-03-15'),(196,29,'Danika.Williamson@hotmail.com',5,'Respect',350,'2023-02-11'),(197,17,'Bryana_Gleason@hotmail.com',17,'Tha Crossroads',111,'2023-09-08'),(198,8,'Laurianne61@yahoo.com',1,'In the Mood',265,'2023-11-10'),(199,22,'Abbigail_Aufderhar75@gmail.com',5,'I\'ll Walk Alone',457,'2023-02-10'),(200,13,'Danika.Williamson@hotmail.com',8,'Puttin\' on the Ritz',296,'2023-05-17');
/*!40000 ALTER TABLE `Song` ENABLE KEYS */;
UNLOCK TABLES;

--
-- Table structure for table `SubscriptionPlan`
--

DROP TABLE IF EXISTS `SubscriptionPlan`;
/*!40101 SET @saved_cs_client     = @@character_set_client */;
/*!40101 SET character_set_client = utf8 */;
CREATE TABLE `SubscriptionPlan` (
  `jenisSubscription` enum('pelajar','perorangan','keluarga') NOT NULL,
  `harga` int(10) unsigned NOT NULL,
  PRIMARY KEY (`jenisSubscription`)
) ENGINE=InnoDB DEFAULT CHARSET=utf8mb4 COLLATE=utf8mb4_general_ci;
/*!40101 SET character_set_client = @saved_cs_client */;

--
-- Dumping data for table `SubscriptionPlan`
--

LOCK TABLES `SubscriptionPlan` WRITE;
/*!40000 ALTER TABLE `SubscriptionPlan` DISABLE KEYS */;
INSERT INTO `SubscriptionPlan` VALUES ('pelajar',107),('perorangan',620),('keluarga',801);
/*!40000 ALTER TABLE `SubscriptionPlan` ENABLE KEYS */;
UNLOCK TABLES;

--
-- Table structure for table `TerdiriDari`
--

DROP TABLE IF EXISTS `TerdiriDari`;
/*!40101 SET @saved_cs_client     = @@character_set_client */;
/*!40101 SET character_set_client = utf8 */;
CREATE TABLE `TerdiriDari` (
  `idPlaylist` int(10) unsigned NOT NULL,
  `idSong` int(10) unsigned NOT NULL,
  `idProdukKomersial` int(10) unsigned NOT NULL,
  PRIMARY KEY (`idPlaylist`,`idSong`,`idProdukKomersial`),
  KEY `idSong` (`idSong`),
  KEY `idProdukKomersial` (`idProdukKomersial`),
  CONSTRAINT `TerdiriDari_ibfk_1` FOREIGN KEY (`idPlaylist`) REFERENCES `Playlist` (`idPlaylist`),
  CONSTRAINT `TerdiriDari_ibfk_2` FOREIGN KEY (`idSong`) REFERENCES `Song` (`idSong`),
  CONSTRAINT `TerdiriDari_ibfk_3` FOREIGN KEY (`idProdukKomersial`) REFERENCES `ProdukKomersial` (`idProdukKomersial`)
) ENGINE=InnoDB DEFAULT CHARSET=utf8mb4 COLLATE=utf8mb4_general_ci;
/*!40101 SET character_set_client = @saved_cs_client */;

--
-- Dumping data for table `TerdiriDari`
--

LOCK TABLES `TerdiriDari` WRITE;
/*!40000 ALTER TABLE `TerdiriDari` DISABLE KEYS */;
INSERT INTO `TerdiriDari` VALUES (1,11,56),(1,25,9),(1,72,29),(1,83,26),(1,86,23),(1,87,15),(1,94,54),(1,119,33),(1,179,53),(1,196,24),(2,30,36),(2,78,45),(2,91,18),(2,104,32),(2,130,29),(2,180,24),(2,195,1),(3,4,17),(3,67,8),(3,81,32),(3,121,8),(3,191,7),(4,40,29),(4,47,3),(4,63,52),(4,116,50),(4,127,24),(4,187,48),(5,13,39),(5,31,24),(5,38,10),(5,43,54),(5,44,42),(5,63,41),(5,72,29),(5,73,30),(5,84,31),(5,180,19),(6,20,23),(6,53,16),(6,66,37),(6,82,37),(6,104,1),(6,116,50),(6,172,55),(6,175,50),(6,194,41),(7,43,54),(7,77,8),(7,78,56),(7,96,46),(7,104,1),(7,113,54),(7,116,7),(7,122,20),(7,161,38),(7,164,2),(8,14,4),(8,40,29),(8,83,1),(8,84,31),(8,86,23),(8,119,42),(8,121,54),(8,146,16),(8,154,54),(8,182,58),(9,13,51),(9,28,37),(9,38,44),(9,99,40),(9,139,8),(9,139,37),(9,157,8),(9,185,18),(10,13,51),(10,74,56),(10,77,54),(10,139,54),(10,157,8),(10,172,41),(10,179,53),(11,13,39),(11,25,9),(11,52,29),(11,74,45),(11,87,15),(11,96,46),(11,148,48),(11,179,15),(11,185,18),(12,13,39),(12,74,56),(12,136,41),(12,148,48),(12,150,35),(13,40,29),(13,45,33),(13,94,13),(13,119,42),(13,121,40),(13,127,51),(13,136,36),(13,180,51),(13,190,48),(14,4,41),(14,35,5),(14,87,15),(14,113,54),(14,159,42),(14,194,55),(15,31,24),(15,71,10),(15,158,60),(15,190,48),(15,197,48),(16,43,37),(16,44,47),(16,73,59),(16,182,58),(16,191,22),(17,4,52),(17,41,8),(17,63,52),(17,67,8),(17,126,24),(17,157,8),(17,164,2),(18,13,11),(18,20,2),(18,24,53),(18,47,32),(18,143,25),(18,154,54),(19,18,60),(19,21,29),(19,29,32),(19,36,43),(19,86,2),(19,88,18),(19,121,37),(19,195,36),(20,55,25),(20,74,56),(20,76,18),(20,108,1),(20,114,29),(20,154,54),(21,1,53),(21,69,15),(21,80,21),(21,81,32),(21,144,12),(21,170,48),(21,175,22),(21,188,30),(22,3,33),(22,7,10),(22,29,36),(22,35,5),(22,51,48),(22,74,56),(22,130,29),(22,157,40),(22,164,31),(22,200,51),(23,67,40),(23,81,36),(23,82,37),(23,90,31),(23,109,18),(23,122,20),(23,150,35),(23,164,2),(23,175,50),(24,1,9),(24,36,43),(24,59,19),(24,67,13),(24,88,14),(24,139,40),(25,30,41),(25,81,36),(25,108,36),(25,115,2),(25,130,29),(25,134,36),(25,185,18),(25,191,22),(26,14,4),(26,17,30),(26,36,43),(26,78,56),(26,83,1),(26,101,56),(26,125,25),(26,187,48),(27,25,9),(27,63,1),(27,101,56),(27,151,25),(27,193,36),(28,16,53),(28,29,36),(28,37,48),(28,62,60),(28,113,8),(28,126,49),(28,158,28),(28,172,36),(28,183,27),(29,22,25),(29,28,13),(29,28,37),(29,133,18),(29,158,60),(29,159,33),(29,167,30),(29,174,18),(29,177,14),(30,25,6),(30,25,15),(30,29,36),(30,82,40),(30,157,37),(30,157,54),(30,194,41),(30,195,1),(31,44,33),(31,71,44),(31,121,37),(31,154,40),(31,169,23),(32,4,1),(32,13,39),(32,24,53),(32,35,5),(32,91,18),(32,102,15),(32,104,32),(32,111,25),(32,164,23),(32,195,1),(33,16,15),(33,69,15),(33,97,23),(33,108,55),(33,119,42),(33,142,9),(33,179,53),(33,194,36),(34,14,4),(34,62,27),(34,79,8),(34,147,8),(34,187,48),(35,6,42),(35,13,24),(35,47,36),(35,51,34),(35,97,23),(35,170,48),(36,1,15),(36,31,51),(36,76,18),(36,77,37),(36,136,41),(36,136,55),(36,143,25),(36,150,35),(36,156,33),(36,179,53),(37,3,33),(37,4,1),(37,59,24),(37,81,36),(37,82,37),(37,108,55),(37,139,40),(38,8,22),(38,34,29),(38,45,42),(38,67,54),(38,148,48),(38,159,33),(38,197,34),(38,200,51),(39,16,6),(39,18,60),(39,55,25),(39,78,56),(39,79,8),(39,86,23),(40,29,36),(40,30,41),(40,124,5),(40,156,47),(40,177,14),(40,179,53),(40,182,58),(41,11,56),(41,16,9),(41,71,10),(41,86,23),(41,97,23),(41,136,1),(41,136,26),(41,153,45),(41,193,1),(42,5,35),(42,17,58),(42,46,45),(42,104,1),(42,113,40),(42,126,24),(42,136,1),(42,152,25),(42,169,2),(43,1,38),(43,20,23),(43,46,45),(43,47,3),(43,51,34),(43,80,6),(43,149,23),(43,174,18),(44,24,53),(44,35,5),(44,41,8),(44,43,8),(44,47,3),(44,135,28),(44,157,8),(44,159,42),(44,164,2),(44,170,48),(45,6,42),(45,34,29),(45,78,45),(45,147,54),(45,149,23),(46,13,49),(46,16,6),(46,32,60),(46,35,5),(46,59,24),(46,94,13),(46,104,36),(46,150,35),(46,169,23),(47,13,49),(47,57,23),(47,59,24),(47,69,6),(47,80,53),(47,94,40),(47,105,51),(47,108,55),(47,147,37),(47,180,51),(48,1,15),(48,13,24),(48,29,55),(48,46,45),(48,82,37),(48,107,4),(48,135,28),(48,147,54),(48,167,58),(48,196,49),(49,8,50),(49,28,13),(49,31,51),(49,80,53),(49,88,14),(49,90,31),(49,121,40),(50,1,38),(50,13,39),(50,18,60),(50,30,41),(50,179,9),(50,191,22),(50,193,1),(51,1,38),(51,4,41),(51,16,6),(51,67,8),(51,105,24),(51,157,54),(51,171,23),(51,175,50),(51,200,11),(52,67,54),(52,102,15),(52,127,24),(52,127,51),(52,136,1),(52,144,12),(52,164,23),(52,195,36),(53,79,54),(53,81,36),(53,99,37),(53,164,23),(53,195,1),(54,28,37),(54,63,52),(54,79,8),(54,101,56),(54,131,6),(54,160,25),(55,6,33),(55,13,49),(55,51,34),(55,62,27),(55,167,58),(55,169,23),(55,170,48),(55,194,36),(55,196,49),(56,13,24),(56,16,9),(56,29,32),(56,105,24),(56,172,1),(56,196,24),(56,197,34),(57,1,6),(57,7,10),(57,13,51),(57,28,13),(57,28,54),(57,31,51),(57,154,40),(57,182,59),(58,16,6),(58,41,37),(58,66,37),(58,99,54),(58,126,49),(58,131,15),(58,147,37),(58,200,19),(59,13,49),(59,16,38),(59,66,40),(59,76,18),(59,121,40),(59,131,6),(59,154,37),(59,200,11),(60,1,15),(60,13,51),(60,17,30),(60,28,13),(60,108,36);
/*!40000 ALTER TABLE `TerdiriDari` ENABLE KEYS */;
UNLOCK TABLES;
/*!40103 SET TIME_ZONE=@OLD_TIME_ZONE */;

/*!40101 SET SQL_MODE=@OLD_SQL_MODE */;
/*!40014 SET FOREIGN_KEY_CHECKS=@OLD_FOREIGN_KEY_CHECKS */;
/*!40014 SET UNIQUE_CHECKS=@OLD_UNIQUE_CHECKS */;
/*!40101 SET CHARACTER_SET_CLIENT=@OLD_CHARACTER_SET_CLIENT */;
/*!40101 SET CHARACTER_SET_RESULTS=@OLD_CHARACTER_SET_RESULTS */;
/*!40101 SET COLLATION_CONNECTION=@OLD_COLLATION_CONNECTION */;
/*!40111 SET SQL_NOTES=@OLD_SQL_NOTES */;

-- Dump completed on 2024-05-07 19:30:32
